Genome	SNP_000550	SNP_003706	SNP_013400	SNP_013712	SNP_017449	SNP_020377	SNP_022090	SNP_025925	SNP_044497	SNP_064278	SNP_082148	SNP_082774	SNP_131704	SNP_146280	SNP_043347	SNP_057713	SNP_143167	SNP_003889	SNP_043042	SNP_029205	SNP_113920	SNP_009745	SNP_026991	SNP_160896	SNP_064170	SNP_100075	SNP_024079	SNP_008877	SNP_018565	SNP_070913	SNP_115133	SNP_090130	SNP_085380	SNP_160565	SNP_141563	SNP_135170	SNP_049775	SNP_035058	SNP_101682	SNP_128755	SNP_146910	SNP_132427	SNP_153501	SNP_119409	SNP_084689	SNP_137460	SNP_097393	SNP_147139	SNP_154002	SNP_016310	SNP_021363	SNP_028709	SNP_035109	SNP_023582	SNP_147370	SNP_026751	SNP_103802	SNP_115494	SNP_020351	SNP_151188	SNP_067435	SNP_150347	SNP_104085	SNP_037073	SNP_072475	SNP_009229	SNP_035953	SNP_123294	SNP_106430	SNP_114879	SNP_089836	SNP_144261	SNP_071877	SNP_038667	SNP_170485	SNP_041335	SNP_010236	SNP_022813	SNP_060928	SNP_013862	SNP_096860	SNP_135375	SNP_169883	SNP_037040	SNP_158947	SNP_045353	SNP_046591	SNP_009638	SNP_010692	SNP_015813	SNP_015755	SNP_160411	SNP_151146	SNP_067611	SNP_060866	SNP_149687	SNP_031573	SNP_034985	SNP_078139	SNP_143191
5|Food chain|Mixed, processed, and specialty foods|GCA_006674765.2_genomic.fna.gz	0	0	1	0	1	1	0	0	0	0	0	1	0	0	0	1	0	0	0	0	1	1	1	0	1	1	0	0	0	0	0	0	0	0	1	0	1	1	0	0	0	0	1	0	0	0	0	1	0	0	0	0	0	1	1	1	0	0	0	0	1	0	0	1	0	1	0	0	0	0	0	1	0	0	0	0	1	0	0	0	0	0	1	0	0	0	0	0	0	0	0	0	0	0	0	0	0	0	0	0
11|Human clinical|Gastrointestinal and urogenital|GCA_008008075.2_genomic.fna.gz	0	0	0	0	0	0	0	0	0	0	0	0	0	0	0	0	0	0	0	0	0	0	0	0	0	0	0	0	0	0	0	0	0	1	0	0	0	1	1	1	0	1	0	1	0	0	0	1	0	0	0	0	0	0	1	0	0	0	0	0	1	0	0	0	0	0	1	1	0	0	1	0	1	0	0	1	0	0	0	1	1	0	0	0	1	0	0	0	0	0	0	0	0	0	0	0	0	1	1	0
2|Food chain|Chicken products|GCA_037055345.1_genomic.fna.gz	0	0	0	0	0	0	0	1	1	1	1	0	1	1	0	0	0	0	1	0	1	0	1	0	1	1	0	0	0	0	0	0	1	1	1	1	0	0	1	1	1	0	0	1	1	0	0	1	1	0	0	0	0	0	0	0	0	0	0	0	0	0	0	0	1	0	1	1	0	1	1	0	0	1	1	0	0	1	0	0	0	0	0	1	0	0	0	0	0	0	0	0	0	0	0	0	0	0	0	0
12|Environment|Water and wastewater|GCA_037347515.1_genomic.fna.gz	0	0	0	0	0	0	0	0	1	0	0	0	0	0	0	0	0	0	0	0	1	0	0	1	0	0	0	0	0	0	0	0	1	1	1	0	0	0	1	0	0	0	0	0	0	0	0	0	1	0	0	0	0	0	1	0	0	0	0	0	1	1	1	0	0	0	1	0	0	0	0	1	0	1	0	1	0	0	0	0	0	0	0	0	0	0	0	0	0	0	0	0	0	0	0	0	0	1	0	0
5|Human clinical|Gastrointestinal and urogenital|GCA_049154365.1_genomic.fna.gz	0	0	1	0	1	0	0	0	0	0	0	1	0	0	0	1	0	0	0	0	1	1	1	0	1	1	0	0	0	0	0	0	0	0	1	0	1	1	0	0	0	0	1	0	0	0	0	1	0	0	0	0	0	1	1	1	0	0	0	0	1	0	0	1	0	1	0	0	0	0	0	1	0	0	0	0	1	0	0	0	0	0	1	0	0	0	0	0	0	0	0	0	0	0	0	0	0	0	0	0
5|Human clinical|Gastrointestinal and urogenital|GCA_049154375.1_genomic.fna.gz	0	0	1	0	1	0	0	0	0	0	0	1	0	0	0	1	0	0	0	0	1	1	1	0	1	1	0	0	0	0	0	0	0	0	1	0	1	1	0	0	0	0	1	0	0	0	0	1	0	0	0	0	0	1	1	1	0	0	0	0	1	0	0	1	0	1	0	0	0	0	0	1	0	0	0	0	1	0	0	0	0	0	1	0	0	0	0	0	0	0	0	0	0	0	0	0	0	0	0	0
5|Human clinical|Gastrointestinal and urogenital|GCA_049155505.1_genomic.fna.gz	0	0	1	0	1	0	0	0	0	0	0	1	0	0	0	1	0	0	0	0	1	1	1	0	1	1	0	0	0	0	0	0	0	0	1	0	1	1	0	0	0	0	1	0	0	0	0	1	0	0	0	0	0	1	1	1	0	0	0	0	1	0	0	1	0	1	0	0	0	0	0	1	0	0	0	0	1	0	0	0	0	0	1	0	0	0	0	0	0	0	0	0	0	0	0	0	0	0	0	0
5|Human clinical|Gastrointestinal and urogenital|GCA_049156085.1_genomic.fna.gz	0	0	1	0	1	0	0	0	0	0	0	1	0	0	0	1	0	0	0	0	1	1	1	0	1	1	0	0	0	0	0	0	0	0	1	0	1	1	0	0	0	0	1	0	0	0	0	1	0	0	0	0	0	1	1	1	0	0	0	0	1	0	0	1	0	1	0	0	0	0	0	1	0	0	0	0	1	0	0	0	0	0	1	0	0	0	0	0	0	0	0	0	0	0	0	0	0	0	0	0
5|Human clinical|Gastrointestinal and urogenital|GCA_049156095.1_genomic.fna.gz	0	0	1	0	1	0	0	0	0	0	0	1	0	0	0	1	0	0	0	0	1	1	1	0	1	1	0	0	0	0	0	0	0	0	1	0	1	1	0	0	0	0	1	0	0	0	0	1	0	0	0	0	0	1	1	1	0	0	0	0	1	0	0	1	0	1	0	0	0	0	0	1	0	0	0	0	1	0	0	0	0	0	1	0	0	0	0	0	0	0	0	0	0	0	0	0	0	0	0	0
5|Human clinical|Gastrointestinal and urogenital|GCA_049156685.1_genomic.fna.gz	0	0	1	0	1	0	0	0	0	0	0	1	0	0	0	1	0	0	0	0	1	1	1	0	1	1	0	0	0	0	0	0	0	0	1	0	1	1	0	0	0	0	1	0	0	0	0	1	0	0	0	0	0	1	1	1	0	0	0	0	1	0	0	1	0	1	0	0	0	0	0	1	0	0	0	0	1	0	0	0	0	0	1	0	0	0	0	0	0	0	0	0	0	0	0	0	0	0	0	0
5|Human clinical|Gastrointestinal and urogenital|GCA_049156695.1_genomic.fna.gz	0	0	1	0	1	0	0	0	0	0	0	1	0	0	0	1	0	0	0	0	1	1	1	0	1	1	0	0	0	0	0	0	0	0	1	0	1	1	0	0	0	0	1	0	0	0	0	1	0	0	0	0	0	1	1	1	0	0	0	0	1	0	0	1	0	1	0	0	0	0	0	1	0	0	0	0	1	0	0	0	0	0	1	0	0	0	0	0	0	0	0	0	0	0	0	0	0	0	0	0
5|Human clinical|Gastrointestinal and urogenital|GCA_049157215.1_genomic.fna.gz	0	0	1	0	1	0	0	0	0	0	0	1	0	0	0	1	0	0	0	0	1	1	1	0	1	1	0	0	0	0	0	0	0	0	1	0	1	1	0	0	0	0	1	0	0	0	0	1	0	0	0	0	0	1	1	1	0	0	0	0	1	0	0	1	0	1	0	0	0	0	0	1	0	0	0	0	1	0	0	0	0	0	1	0	0	0	0	0	0	0	0	0	0	0	0	0	0	0	0	0
5|Human clinical|Gastrointestinal and urogenital|GCA_049157805.1_genomic.fna.gz	0	0	1	0	1	0	0	0	0	0	0	1	0	0	0	1	0	0	0	0	1	1	1	0	1	1	0	0	0	0	0	0	0	0	1	0	1	1	0	0	0	0	1	0	0	0	0	1	0	0	0	0	0	1	1	1	0	0	0	0	1	0	0	1	0	1	0	0	0	0	0	1	0	0	0	0	1	0	0	0	0	0	1	0	0	0	0	0	0	0	0	0	0	0	0	0	0	0	0	0
5|Human clinical|Gastrointestinal and urogenital|GCA_049158385.1_genomic.fna.gz	0	0	1	0	1	0	0	0	0	0	0	1	0	0	0	1	0	0	0	0	1	1	1	0	1	1	0	0	0	0	0	0	0	0	1	0	1	1	0	0	0	0	1	0	0	0	0	1	0	0	0	0	0	1	1	1	0	0	0	0	1	0	0	1	0	1	0	0	0	0	0	1	0	0	0	0	1	0	0	0	0	0	1	0	0	0	0	0	0	0	0	0	0	0	0	0	0	0	0	0
5|Human clinical|Gastrointestinal and urogenital|GCA_049158395.1_genomic.fna.gz	0	0	1	0	1	0	0	0	0	0	0	1	0	0	0	1	0	0	0	0	1	1	1	0	1	1	0	0	0	0	0	0	0	0	1	0	1	1	0	0	0	0	1	0	0	0	0	1	0	0	0	0	0	1	1	1	0	0	0	0	1	0	0	1	0	1	0	0	0	0	0	1	0	0	0	0	1	0	0	0	0	0	1	0	0	0	0	0	0	0	0	0	0	0	0	0	0	0	0	0
5|Livestock and Other animals|Chicken and poultry birds|GCA_050847135.1_genomic.fna.gz	0	0	1	0	1	1	0	0	0	0	0	1	0	0	0	1	0	0	0	0	1	1	1	0	1	1	0	0	0	0	0	0	0	0	1	0	1	1	0	0	0	0	1	0	0	0	0	1	0	0	0	0	0	1	1	1	0	0	0	0	1	0	0	1	0	1	0	0	0	0	0	1	0	0	0	0	1	0	0	0	0	0	1	0	0	0	0	0	0	0	0	0	0	0	0	0	0	0	0	0
5|Livestock and Other animals|Chicken and poultry birds|GCA_050847145.1_genomic.fna.gz	0	0	1	0	1	1	0	0	0	0	0	1	0	0	0	1	0	0	0	0	1	1	1	0	1	1	0	0	0	0	0	0	0	0	1	0	1	1	0	0	0	0	1	0	0	0	0	1	0	0	0	0	0	1	1	1	0	0	0	0	1	0	0	1	0	1	0	0	0	0	0	1	0	0	0	0	1	0	0	0	0	0	1	0	0	0	0	0	0	0	0	0	0	0	0	0	0	0	0	0
5|Livestock and Other animals|Chicken and poultry birds|GCA_050847155.1_genomic.fna.gz	0	0	1	0	1	1	0	0	0	0	0	1	0	0	0	1	0	0	0	0	1	1	1	0	1	1	0	0	0	0	0	0	0	0	1	0	1	1	0	0	0	0	1	0	0	0	0	1	0	0	0	0	0	1	1	1	0	0	0	0	1	0	0	1	0	1	0	0	0	0	0	1	0	0	0	0	1	0	0	0	0	0	1	0	0	0	0	0	0	0	0	0	0	0	0	0	0	0	0	0
5|Livestock and Other animals|Chicken and poultry birds|GCA_050847165.1_genomic.fna.gz	0	0	1	0	1	1	0	0	0	0	0	1	0	0	0	1	0	0	0	0	1	1	1	0	1	1	0	0	0	0	0	0	0	0	1	0	1	1	0	0	0	0	1	0	0	0	0	1	0	0	0	0	0	1	1	1	0	0	0	0	1	0	0	1	0	1	0	0	0	0	0	1	0	0	0	0	1	0	0	0	0	0	1	0	0	0	0	0	0	0	0	0	0	0	0	0	0	0	0	0
5|Livestock and Other animals|Chicken and poultry birds|GCA_050847185.1_genomic.fna.gz	0	0	1	0	1	1	0	0	0	0	0	1	0	0	0	1	0	0	0	0	1	1	1	0	1	1	0	0	0	0	0	0	0	0	1	0	1	1	0	0	0	0	1	0	0	0	0	1	0	0	0	0	0	1	1	1	0	0	0	0	1	0	0	1	0	1	0	0	0	0	0	1	0	0	0	0	1	0	0	0	0	0	1	0	0	0	0	0	0	0	0	0	0	0	0	0	0	0	0	0
5|Livestock and Other animals|Chicken and poultry birds|GCA_050847195.1_genomic.fna.gz	0	0	1	0	1	1	0	0	0	0	0	1	0	0	0	1	0	0	0	0	1	1	1	0	1	1	0	0	0	0	0	0	0	0	1	0	1	1	0	0	0	0	1	0	0	0	0	1	0	0	0	0	0	1	1	1	0	0	0	0	1	0	0	1	0	1	0	0	0	0	0	1	0	0	0	0	1	0	0	0	0	0	1	0	0	0	0	0	0	0	0	0	0	0	0	0	0	0	0	0
5|Livestock and Other animals|Chicken and poultry birds|GCA_050847205.1_genomic.fna.gz	0	0	1	0	1	1	0	0	0	0	0	1	0	0	0	1	0	0	0	0	1	1	1	0	1	1	0	0	0	0	0	0	0	0	1	0	1	1	0	0	0	0	1	0	0	0	0	1	0	0	0	0	0	1	1	1	0	0	0	0	1	0	0	1	0	1	0	0	0	0	0	1	0	0	0	0	1	0	0	0	0	0	1	0	0	0	0	0	0	0	0	0	0	0	0	0	0	0	0	0
5|Food chain|Chicken products|GCA_051122465.1_genomic.fna.gz	0	0	1	0	1	1	0	0	0	0	0	1	0	0	0	1	0	0	0	0	1	1	1	0	1	1	0	0	0	0	0	0	0	0	1	0	1	1	0	0	0	0	1	0	0	0	0	1	0	0	0	0	1	1	1	1	0	0	0	0	1	0	0	1	0	1	0	0	0	0	0	1	0	1	0	0	1	0	0	0	0	0	1	0	0	0	0	0	0	0	0	0	0	0	0	0	0	0	0	0
5|Environment|Sediment and waste|GCA_051175625.1_genomic.fna.gz	0	0	1	0	1	0	0	0	0	0	0	1	0	0	0	1	0	0	0	0	1	1	1	0	1	1	0	0	0	0	0	0	0	0	1	0	1	1	0	0	0	0	1	0	0	0	0	1	0	0	0	0	1	1	1	1	0	0	0	0	1	0	0	1	0	1	0	0	0	0	0	1	0	0	0	0	1	0	0	0	0	0	1	0	0	0	0	0	0	0	0	0	0	0	0	0	0	0	0	0
5|Food chain|Chicken products|GCA_052421355.1_genomic.fna.gz	0	0	1	0	1	1	0	0	0	0	0	1	0	0	0	1	0	0	0	0	1	1	1	0	1	1	0	0	0	0	0	0	0	0	1	0	1	1	0	0	0	0	1	0	0	0	0	1	0	0	0	0	1	1	1	1	0	0	0	0	1	0	0	1	0	1	0	0	0	0	0	1	0	1	0	0	1	0	0	0	0	0	1	0	0	0	0	0	0	0	0	0	0	0	0	0	0	0	0	0
5|Food chain|Chicken products|GCA_052421365.1_genomic.fna.gz	0	0	1	0	1	1	0	0	0	0	0	1	0	0	0	1	0	0	0	0	1	1	1	0	1	1	0	0	0	0	0	0	0	0	1	0	1	1	0	0	0	0	1	0	0	0	0	1	0	0	0	0	1	1	1	1	0	0	0	0	1	0	0	1	0	1	0	0	0	0	0	1	0	0	0	0	1	0	0	0	0	0	1	0	0	0	0	0	0	0	0	0	0	0	0	0	0	0	0	0
3|Environment|Environmental swabs and sponges|GCA_052700325.3_genomic.fna.gz	0	0	0	0	0	0	0	1	1	1	1	0	1	1	0	0	0	0	1	0	1	0	1	0	1	1	0	0	0	0	0	0	1	1	1	1	0	0	1	1	1	0	0	1	1	0	0	1	1	0	0	0	0	0	0	0	0	0	0	0	0	0	0	0	1	0	1	1	0	1	1	0	0	1	1	0	0	1	0	0	0	0	0	1	0	0	0	0	0	0	0	0	0	0	0	1	0	0	0	0
3|Environment|Environmental swabs and sponges|GCA_052700465.3_genomic.fna.gz	0	0	0	0	0	0	0	1	1	1	1	0	1	1	0	0	0	0	1	0	1	0	1	0	1	1	0	0	0	0	0	0	1	1	1	1	0	0	1	1	1	0	0	1	1	0	0	1	1	0	0	0	0	0	0	0	0	0	0	0	0	0	0	0	1	0	1	1	0	1	1	0	0	1	1	0	0	1	0	0	0	0	0	1	0	0	0	0	0	0	0	0	0	0	0	1	0	0	0	0
3|Environment|Environmental swabs and sponges|GCA_052700725.3_genomic.fna.gz	0	0	0	0	0	0	0	1	1	1	1	0	1	1	0	0	0	0	1	0	1	0	1	0	1	1	0	0	0	0	0	0	1	1	1	1	0	0	1	1	1	0	0	1	1	0	0	1	1	0	0	0	0	0	0	0	0	0	0	0	0	0	0	0	1	0	1	1	0	1	1	0	0	1	1	0	0	1	0	0	0	0	0	1	0	0	0	0	0	0	0	0	0	0	0	1	0	0	0	0
10|Food chain|Beef products|GCA_053155395.1_genomic.fna.gz	1	1	0	1	0	0	1	0	0	0	0	1	0	0	0	0	1	1	0	1	0	0	0	1	0	0	1	1	1	0	0	0	0	0	0	0	0	0	0	0	0	0	0	0	0	1	0	0	0	0	0	0	0	0	0	1	0	1	0	1	0	0	1	0	1	0	0	1	1	0	0	0	0	0	0	0	1	0	0	1	0	0	1	0	0	0	0	0	0	0	0	0	0	0	0	0	0	1	0	0
3|Food chain|General food and retail|GCA_053156135.1_genomic.fna.gz	0	0	0	0	0	0	0	1	1	1	1	0	1	1	0	0	0	0	1	0	1	0	1	0	1	1	0	0	0	0	0	0	1	1	1	1	0	0	1	1	1	0	0	1	1	0	0	1	1	0	0	0	0	0	0	0	0	0	0	0	0	0	0	0	1	0	1	1	0	1	1	0	0	1	1	0	0	1	0	0	0	0	0	1	0	0	0	0	0	0	0	0	0	0	0	1	0	0	0	0
1|Human clinical|Blood and tissues|GCA_053159255.1_genomic.fna.gz	0	0	0	0	0	0	0	1	1	1	1	0	1	1	0	0	0	0	1	0	1	0	1	0	1	1	0	0	0	0	0	0	1	1	1	1	0	0	1	1	1	0	0	1	1	0	0	1	1	0	0	0	0	0	0	0	0	0	0	0	0	0	0	0	1	0	1	1	0	1	1	0	0	1	1	0	0	1	0	0	0	0	0	0	0	0	0	0	0	0	0	0	0	0	0	0	0	0	0	0
1|Human clinical|Blood and tissues|GCA_053159285.1_genomic.fna.gz	0	0	0	0	0	0	0	1	1	1	1	0	1	1	0	0	0	0	1	0	1	0	1	0	1	1	0	0	0	0	0	0	1	1	1	1	0	0	1	1	1	0	0	1	1	0	0	1	1	0	0	0	0	0	0	0	0	0	0	0	0	0	0	0	1	0	1	1	0	1	1	0	0	1	1	0	0	1	0	0	0	0	0	0	0	0	0	0	0	0	0	0	0	0	0	0	0	0	0	0
1|Human clinical|Blood and tissues|GCA_053159345.1_genomic.fna.gz	0	0	0	0	0	0	0	1	1	1	1	0	1	1	0	0	0	0	1	0	1	0	1	0	1	1	0	0	0	0	0	0	1	1	1	1	0	0	1	1	1	0	0	1	1	0	0	1	1	0	0	0	0	0	0	0	0	0	0	0	0	0	0	0	1	0	1	1	0	1	1	0	0	1	1	0	0	1	0	0	0	0	0	0	0	0	0	0	0	0	0	0	0	0	0	0	0	0	0	0
1|Human clinical|Blood and tissues|GCA_053159375.1_genomic.fna.gz	0	0	0	0	0	0	0	1	1	1	1	0	1	1	0	0	0	0	1	0	1	0	1	0	1	1	0	0	0	0	0	0	1	1	1	1	0	0	1	1	1	0	0	1	1	0	0	1	1	0	0	0	0	0	0	0	0	0	0	0	0	0	0	0	1	0	1	1	0	1	1	0	0	1	1	0	0	1	0	0	0	0	0	0	0	0	0	0	0	0	0	0	0	0	0	0	0	0	0	0
1|Human clinical|Blood and tissues|GCA_053159395.1_genomic.fna.gz	0	0	0	0	0	0	0	1	1	1	1	0	1	1	0	0	0	0	1	0	1	0	1	0	1	1	0	0	0	0	0	0	1	1	1	1	0	0	1	1	1	0	0	1	1	0	0	1	1	0	0	0	0	0	0	0	0	0	0	0	0	0	0	0	1	0	1	1	0	1	1	0	0	1	1	0	0	1	0	0	0	0	0	0	0	0	0	0	0	0	0	0	0	0	0	0	0	0	0	0
1|Human clinical|Blood and tissues|GCA_053159415.1_genomic.fna.gz	0	0	0	0	0	0	0	1	1	1	1	0	1	1	0	0	0	0	1	0	1	0	1	0	1	1	0	0	0	0	0	0	1	1	1	1	0	0	1	1	1	0	0	1	1	0	0	1	1	0	0	0	0	0	0	0	0	0	0	0	0	0	0	0	1	0	1	1	0	1	1	0	0	1	1	0	0	1	0	0	0	0	0	0	0	0	0	0	0	0	0	0	0	0	0	0	0	0	0	0
1|Human clinical|Blood and tissues|GCA_053159435.1_genomic.fna.gz	0	0	0	0	0	0	0	1	1	1	1	0	1	1	0	0	0	0	1	0	1	0	1	0	1	1	0	0	0	0	0	0	1	1	1	1	0	0	1	1	1	0	0	1	1	0	0	1	1	0	0	0	0	0	0	0	0	0	0	0	0	0	0	0	1	0	1	1	0	1	1	0	0	1	1	0	0	1	0	0	0	0	0	0	0	0	0	0	0	0	0	0	0	0	0	0	0	0	0	0
9|Human clinical|Blood and tissues|GCA_053159465.1_genomic.fna.gz	0	0	0	0	0	0	0	0	0	0	0	0	0	0	0	0	0	0	0	0	0	0	0	0	0	0	0	0	0	0	0	1	1	1	0	1	0	0	1	0	1	1	1	0	0	1	1	0	0	0	0	0	0	0	0	0	1	0	0	0	0	1	0	0	0	1	1	0	0	0	0	0	0	0	0	1	0	1	0	0	1	0	0	0	1	0	0	0	0	0	1	0	0	0	0	0	1	0	0	0
9|Human clinical|Blood and tissues|GCA_053159525.1_genomic.fna.gz	0	0	0	0	0	0	0	0	0	0	0	0	0	0	0	0	0	0	0	0	0	0	0	0	0	0	0	0	0	0	0	1	1	1	0	1	0	0	1	0	1	1	1	0	0	1	1	0	0	0	0	0	0	0	0	0	1	0	0	0	0	1	0	0	0	1	1	0	0	0	0	0	0	0	0	1	0	1	0	0	1	0	0	0	1	0	0	0	0	0	1	0	0	0	0	0	1	0	0	0
9|Human clinical|Blood and tissues|GCA_053161275.1_genomic.fna.gz	0	0	0	0	0	0	0	0	0	0	0	0	0	0	0	0	0	0	0	0	0	0	0	0	0	0	0	0	0	0	0	1	1	1	0	1	0	0	1	0	1	1	1	0	0	1	1	0	0	0	0	0	0	0	0	0	1	0	0	0	0	1	0	0	0	1	1	0	0	0	0	0	0	0	0	1	0	1	0	0	1	0	0	0	1	0	0	0	0	0	1	0	0	0	0	0	1	0	0	0
9|Human clinical|Blood and tissues|GCA_053161335.1_genomic.fna.gz	0	0	0	0	0	0	0	0	0	0	0	0	0	0	0	0	0	0	0	0	0	0	0	0	0	0	0	0	0	0	0	1	1	1	0	1	0	0	1	0	1	1	1	0	0	1	1	0	0	0	0	0	0	0	0	0	1	0	0	0	0	1	0	0	0	1	1	0	0	0	0	0	0	0	0	1	0	1	0	0	1	0	0	0	1	0	0	0	0	0	1	0	0	0	0	0	1	0	0	0
1|Human clinical|Blood and tissues|GCA_053161395.1_genomic.fna.gz	0	0	0	0	0	0	0	1	1	1	1	0	1	1	0	0	0	0	1	0	1	0	1	0	1	1	0	0	0	0	0	0	1	1	1	1	0	0	1	1	1	0	0	1	1	0	0	1	1	0	0	0	0	0	0	0	0	0	0	0	0	0	0	0	1	0	1	1	0	1	1	0	0	1	1	0	0	1	0	0	0	0	0	0	0	0	0	0	0	0	0	0	0	0	0	0	0	0	0	0
1|Human clinical|Blood and tissues|GCA_053161435.1_genomic.fna.gz	0	0	0	0	0	0	0	1	1	1	1	0	1	1	0	0	0	0	1	0	1	0	1	0	1	1	0	0	0	0	0	0	1	1	1	1	0	0	1	1	1	0	0	1	1	0	0	1	1	0	0	0	0	0	0	0	0	0	0	0	0	0	0	0	1	0	1	1	0	1	1	0	0	1	1	0	0	1	0	0	0	0	0	0	0	0	0	0	0	0	0	0	0	0	0	0	0	0	0	0
1|Human clinical|Blood and tissues|GCA_053161475.1_genomic.fna.gz	0	0	0	0	0	0	0	1	1	1	1	0	1	1	0	0	0	0	1	0	1	0	1	0	1	1	0	0	0	0	0	0	1	1	1	1	0	0	1	1	1	0	0	1	1	0	0	1	1	0	0	0	0	0	0	0	0	0	0	0	0	0	0	0	1	0	1	1	0	1	1	0	0	1	1	0	0	1	0	0	0	0	0	0	0	0	0	0	0	0	0	0	0	0	0	0	0	0	0	0
1|Human clinical|Blood and tissues|GCA_053161515.1_genomic.fna.gz	0	0	0	0	0	0	0	1	1	1	1	0	1	1	0	0	0	0	1	0	1	0	1	0	1	1	0	0	0	0	0	0	1	1	1	1	0	0	1	1	1	0	0	1	1	0	0	1	1	0	0	0	0	0	0	0	0	0	0	0	0	0	0	0	1	0	1	1	0	1	1	0	0	1	1	0	0	1	0	0	0	0	0	0	0	0	0	0	0	0	0	0	0	0	0	0	0	0	0	0
1|Human clinical|Blood and tissues|GCA_053161535.1_genomic.fna.gz	0	0	0	0	0	0	0	1	1	1	1	0	1	1	0	0	0	0	1	0	1	0	1	0	1	1	0	0	0	0	0	0	1	1	1	1	0	0	1	1	1	0	0	1	1	0	0	1	1	0	0	0	0	0	0	0	0	0	0	0	0	0	0	0	1	0	1	1	0	1	1	0	0	1	1	0	0	1	0	0	0	0	0	0	0	0	0	0	0	0	0	0	0	0	0	0	0	0	0	0
1|Human clinical|Blood and tissues|GCA_053161555.1_genomic.fna.gz	0	0	0	0	0	0	0	1	1	1	1	0	1	1	0	0	0	0	1	0	1	0	1	0	1	1	0	0	0	0	0	0	1	1	1	1	0	0	1	1	1	0	0	1	1	0	0	1	1	0	0	0	0	0	0	0	0	0	0	0	0	0	0	0	1	0	1	1	0	1	1	0	0	1	1	0	0	1	0	0	0	0	0	0	0	0	0	0	0	0	0	0	0	0	0	0	0	0	0	0
1|Human clinical|Blood and tissues|GCA_053161575.1_genomic.fna.gz	0	0	0	0	0	0	0	1	1	1	1	0	1	1	0	0	0	0	1	0	1	0	1	0	1	1	0	0	0	0	0	0	1	1	1	1	0	0	1	1	1	0	0	1	1	0	0	1	1	0	0	0	0	0	0	0	0	0	0	0	0	0	0	0	1	0	1	1	0	1	1	0	0	1	1	0	0	1	0	0	0	0	0	0	0	0	0	0	0	0	0	0	0	0	0	0	0	0	0	0
1|Human clinical|Blood and tissues|GCA_053161595.1_genomic.fna.gz	0	0	0	0	0	0	0	1	1	1	1	0	1	1	0	0	0	0	1	0	1	0	1	0	1	1	0	0	0	0	0	0	1	1	1	1	0	0	1	1	1	0	0	1	1	0	0	1	1	0	0	0	0	0	0	0	0	0	0	0	0	0	0	0	1	0	1	1	0	1	1	0	0	1	1	0	0	1	0	0	0	0	0	0	0	0	0	0	0	0	0	0	0	0	0	0	0	0	0	0
1|Human clinical|Blood and tissues|GCA_053161615.1_genomic.fna.gz	0	0	0	0	0	0	0	1	1	1	1	0	1	1	0	0	0	0	1	0	1	0	1	0	1	1	0	0	0	0	0	0	1	1	1	1	0	0	1	1	1	0	0	1	1	0	0	1	1	0	0	0	0	0	0	0	0	0	0	0	0	0	0	0	1	0	1	1	0	1	1	0	0	1	1	0	0	1	0	0	0	0	0	0	0	0	0	0	0	0	0	0	0	0	0	0	0	0	0	0
9|Human clinical|Blood and tissues|GCA_053161635.1_genomic.fna.gz	0	0	0	0	0	0	0	0	0	0	0	0	0	0	0	0	0	0	0	0	0	0	0	0	0	0	0	0	0	0	0	1	1	1	0	1	0	0	1	0	1	1	1	0	0	1	1	0	0	0	0	0	0	0	0	0	1	0	0	0	0	1	0	0	0	1	1	0	0	0	0	0	0	0	0	1	0	1	0	0	1	0	0	0	1	0	0	0	0	0	1	0	0	0	0	0	1	0	0	0
1|Human clinical|Blood and tissues|GCA_053161705.1_genomic.fna.gz	0	0	0	0	0	0	0	1	1	1	1	0	1	1	0	0	0	0	1	0	1	0	1	0	1	1	0	0	0	0	0	0	1	1	1	1	0	0	1	1	1	0	0	1	1	0	0	1	1	0	0	0	0	0	0	0	0	0	0	0	0	0	0	0	1	0	1	1	0	1	1	0	0	1	1	0	0	1	0	0	0	0	0	0	0	0	0	0	0	0	0	0	0	0	0	0	0	0	0	0
1|Human clinical|Blood and tissues|GCA_053161795.1_genomic.fna.gz	0	0	0	0	0	0	0	1	1	1	1	0	1	1	0	0	0	0	1	0	1	0	1	0	1	1	0	0	0	0	0	0	1	1	1	1	0	0	1	1	1	0	0	1	1	0	0	1	1	0	0	0	0	0	0	0	0	0	0	0	0	0	0	0	1	0	1	1	0	1	1	0	0	1	1	0	0	1	0	0	0	0	0	0	0	0	0	0	0	0	0	0	0	0	0	0	0	0	0	0
1|Human clinical|Blood and tissues|GCA_053161815.1_genomic.fna.gz	0	0	0	0	0	0	0	1	1	1	1	0	1	1	0	0	0	0	1	0	1	0	1	0	1	1	0	0	0	0	0	0	1	1	1	1	0	0	1	1	1	0	0	1	1	0	0	1	1	0	0	0	0	0	0	0	0	0	0	0	0	0	0	0	1	0	1	1	0	1	1	0	0	1	1	0	0	1	0	0	0	0	0	0	0	0	0	0	0	0	0	0	0	0	0	0	0	0	0	0
9|Human clinical|Blood and tissues|GCA_053161955.1_genomic.fna.gz	0	0	0	0	0	0	0	0	0	0	0	0	0	0	0	0	0	0	0	0	0	0	0	0	0	0	0	0	0	0	0	1	1	1	0	1	0	0	1	0	1	1	1	0	0	1	1	0	0	0	0	0	0	0	0	0	1	0	0	0	0	1	0	0	0	1	1	0	0	0	0	0	0	0	0	1	0	1	0	0	1	0	0	0	1	0	0	0	0	0	1	0	0	0	0	0	1	0	0	0
9|Human clinical|Blood and tissues|GCA_053161975.1_genomic.fna.gz	0	0	0	0	0	0	0	0	0	0	0	0	0	0	0	0	0	0	0	0	0	0	0	0	0	0	0	0	0	0	0	1	1	1	0	1	0	0	1	0	1	1	1	0	0	1	1	0	0	0	0	0	0	0	0	0	1	0	0	0	0	1	0	0	0	1	1	0	0	0	0	0	0	0	0	1	0	1	0	0	1	0	0	0	1	0	0	0	0	0	1	0	0	0	0	0	1	0	0	0
1|Human clinical|Blood and tissues|GCA_053161995.1_genomic.fna.gz	0	0	0	0	0	0	0	1	1	1	1	0	1	1	0	0	0	0	1	0	1	0	1	0	1	1	0	0	0	0	0	0	1	1	1	1	0	0	1	1	1	0	0	1	1	0	0	1	1	0	0	0	0	0	0	0	0	0	0	0	0	0	0	0	1	0	1	1	0	1	1	0	0	1	1	0	0	1	0	0	0	0	0	0	0	0	0	0	0	0	0	0	0	0	0	0	0	0	0	0
1|Human clinical|Blood and tissues|GCA_053162015.1_genomic.fna.gz	0	0	0	0	0	0	0	1	1	1	1	0	1	1	0	0	0	0	1	0	1	0	1	0	1	1	0	0	0	0	0	0	1	1	1	1	0	0	1	1	1	0	0	1	1	0	0	1	1	0	0	0	0	0	0	0	0	0	0	0	0	0	0	0	1	0	1	1	0	1	1	0	0	1	1	0	0	1	0	0	0	0	0	0	0	0	0	0	0	0	0	0	0	0	0	0	0	0	0	0
1|Human clinical|Blood and tissues|GCA_053162055.1_genomic.fna.gz	0	0	0	0	0	0	0	1	1	1	1	0	1	1	0	0	0	0	1	0	1	0	1	0	1	1	0	0	0	0	0	0	1	1	1	1	0	0	1	1	1	0	0	1	1	0	0	1	1	0	0	0	0	0	0	0	0	0	0	0	0	0	0	0	1	0	1	1	0	1	1	0	0	1	1	0	0	1	0	0	0	0	0	0	0	0	0	0	0	0	0	0	0	0	0	0	0	0	0	0
1|Human clinical|Blood and tissues|GCA_053162095.1_genomic.fna.gz	0	0	0	0	0	0	0	1	1	1	1	0	1	1	0	0	0	0	1	0	1	0	1	0	1	1	0	0	0	0	0	0	1	1	1	1	0	0	1	1	1	0	0	1	1	0	0	1	1	0	0	0	0	0	0	0	0	0	0	0	0	0	0	0	1	0	1	1	0	1	1	0	0	1	1	0	0	1	0	0	0	0	0	0	0	0	0	0	0	0	0	0	0	0	0	0	0	0	0	0
9|Human clinical|Blood and tissues|GCA_053162175.1_genomic.fna.gz	0	0	0	0	0	0	0	0	0	0	0	0	0	0	0	0	0	0	0	0	0	0	0	0	0	0	0	0	0	0	0	1	1	1	0	1	0	0	1	0	1	1	1	0	0	1	1	0	0	0	0	0	0	0	0	0	1	0	0	0	0	1	0	0	0	1	1	0	0	0	0	0	0	0	0	1	0	1	0	0	1	0	0	0	1	0	0	0	0	0	1	0	0	0	0	0	1	0	0	0
9|Human clinical|Blood and tissues|GCA_053162195.1_genomic.fna.gz	0	0	0	0	0	0	0	0	0	0	0	0	0	0	0	0	0	0	0	0	0	0	0	0	0	0	0	0	0	0	0	1	1	1	0	1	0	0	1	0	1	1	1	0	0	1	1	0	0	0	0	0	0	0	0	0	1	0	0	0	0	1	0	0	0	1	1	0	0	0	0	0	0	0	0	1	0	1	0	0	1	0	0	0	1	0	0	0	0	0	1	0	0	0	0	0	1	0	0	0
1|Human clinical|Blood and tissues|GCA_053162235.1_genomic.fna.gz	0	0	0	0	0	0	0	1	1	1	1	0	1	1	0	0	0	0	1	0	1	0	1	0	1	1	0	0	0	0	0	0	1	1	1	1	0	0	1	1	1	0	0	1	1	0	0	1	1	0	0	0	0	0	0	0	0	0	0	0	0	0	0	0	1	0	1	1	0	1	1	0	0	1	1	0	0	1	0	0	0	0	0	0	0	0	0	0	0	0	0	0	0	0	0	0	0	0	0	0
9|Human clinical|Blood and tissues|GCA_053162255.1_genomic.fna.gz	0	0	0	0	0	0	0	0	0	0	0	0	0	0	0	0	0	0	0	0	0	0	0	0	0	0	0	0	0	0	0	1	1	1	0	1	0	0	1	0	1	1	1	0	0	1	1	0	0	0	0	0	0	0	0	0	1	0	0	0	0	1	0	0	0	1	1	0	0	0	0	0	0	0	0	1	0	1	0	0	1	0	0	0	1	0	0	0	0	0	1	0	0	0	0	0	1	0	0	0
9|Human clinical|Blood and tissues|GCA_053162295.1_genomic.fna.gz	0	0	0	0	0	0	0	0	0	0	0	0	0	0	0	0	0	0	0	0	0	0	0	0	0	0	0	0	0	0	0	1	1	1	0	1	0	0	1	0	1	1	1	0	0	1	1	0	0	0	0	0	0	0	0	0	1	0	0	0	0	1	0	0	0	1	1	0	0	0	0	0	0	0	0	1	0	1	0	0	1	0	0	0	1	0	0	0	0	0	1	0	0	0	0	0	1	0	0	0
1|Human clinical|Blood and tissues|GCA_053162335.1_genomic.fna.gz	0	0	0	0	0	0	0	1	1	1	1	0	1	1	0	0	0	0	1	0	1	0	1	0	1	1	0	0	0	0	0	0	1	1	1	1	0	0	1	1	1	0	0	1	1	0	0	1	1	0	0	0	0	0	0	0	0	0	0	0	0	0	0	0	1	0	1	1	0	1	1	0	0	1	1	0	0	1	0	0	0	0	0	0	0	0	0	0	0	0	0	0	0	0	0	0	0	0	0	0
9|Human clinical|Blood and tissues|GCA_053162355.1_genomic.fna.gz	0	0	0	0	0	0	0	0	0	0	0	0	0	0	0	0	0	0	0	0	0	0	0	0	0	0	0	0	0	0	0	1	1	1	0	1	0	0	1	0	1	1	1	0	0	1	1	0	0	0	0	0	0	0	0	0	1	0	0	0	0	1	0	0	0	1	1	0	0	0	0	0	0	0	0	1	0	1	0	0	1	0	0	0	1	0	0	0	0	0	1	0	0	0	0	0	1	0	0	0
9|Human clinical|Blood and tissues|GCA_053162375.1_genomic.fna.gz	0	0	0	0	0	0	0	0	0	0	0	0	0	0	0	0	0	0	0	0	0	0	0	0	0	0	0	0	0	0	0	1	1	1	0	1	0	0	1	0	1	1	1	0	0	1	1	0	0	0	0	0	0	0	0	0	1	0	0	0	0	1	0	0	0	1	1	0	0	0	0	0	0	0	0	1	0	1	0	0	1	0	0	0	1	0	0	0	0	0	1	0	0	0	0	0	1	0	0	0
1|Human clinical|Blood and tissues|GCA_053162395.1_genomic.fna.gz	0	0	0	0	0	0	0	1	1	1	1	0	1	1	0	0	0	0	1	0	1	0	1	0	1	1	0	0	0	0	0	0	1	1	1	1	0	0	1	1	1	0	0	1	1	0	0	1	1	0	0	0	0	0	0	0	0	0	0	0	0	0	0	0	1	0	1	1	0	1	1	0	0	1	1	0	0	1	0	0	0	0	0	0	0	0	0	0	0	0	0	0	0	0	0	0	0	0	0	0
1|Human clinical|Blood and tissues|GCA_053162415.1_genomic.fna.gz	0	0	0	0	0	0	0	1	1	1	1	0	1	1	0	0	0	0	1	0	1	0	1	0	1	1	0	0	0	0	0	0	1	1	1	1	0	0	1	1	1	0	0	1	1	0	0	1	1	0	0	0	0	0	0	0	0	0	0	0	0	0	0	0	1	0	1	1	0	1	1	0	0	1	1	0	0	1	0	0	0	0	0	0	0	0	0	0	0	0	0	0	0	0	0	0	0	0	0	0
9|Human clinical|Blood and tissues|GCA_053162435.1_genomic.fna.gz	0	0	0	0	0	0	0	0	0	0	0	0	0	0	0	0	0	0	0	0	0	0	0	0	0	0	0	0	0	0	0	1	1	1	0	1	0	0	1	0	1	1	1	0	0	1	1	0	0	0	0	0	0	0	0	0	1	0	0	0	0	1	0	0	0	1	1	0	0	0	0	0	0	0	0	1	0	1	0	0	1	0	0	0	1	0	0	0	0	0	1	0	0	0	0	0	1	0	0	0
1|Human clinical|Blood and tissues|GCA_053162455.1_genomic.fna.gz	0	0	0	0	0	0	0	1	1	1	1	0	1	1	0	0	0	0	1	0	1	0	1	0	1	1	0	0	0	0	0	0	1	1	1	1	0	0	1	1	1	0	0	1	1	0	0	1	1	0	0	0	0	0	0	0	0	0	0	0	0	0	0	0	1	0	1	1	0	1	1	0	0	1	1	0	0	1	0	0	0	0	0	0	0	0	0	0	0	0	0	0	0	0	0	0	0	0	0	0
1|Human clinical|Blood and tissues|GCA_053162495.1_genomic.fna.gz	0	0	0	0	0	0	0	1	1	1	1	0	1	1	0	0	0	0	1	0	1	0	1	0	1	1	0	0	0	0	0	0	1	1	1	1	0	0	1	1	1	0	0	1	1	0	0	1	1	0	0	0	0	0	0	0	0	0	0	0	0	0	0	0	1	0	1	1	0	1	1	0	0	1	1	0	0	1	0	0	0	0	0	0	0	0	0	0	0	0	0	0	0	0	0	0	0	0	0	0
9|Human clinical|Blood and tissues|GCA_053162515.1_genomic.fna.gz	0	0	0	0	0	0	0	0	0	0	0	0	0	0	0	0	0	0	0	0	0	0	0	0	0	0	0	0	0	0	0	1	1	1	0	1	0	0	1	0	1	1	1	0	0	1	1	0	0	0	0	0	0	0	0	0	1	0	0	0	0	1	0	0	0	1	1	0	0	0	0	0	0	0	0	1	0	1	0	0	1	0	0	0	1	0	0	0	0	0	1	0	0	0	0	0	1	0	0	0
9|Human clinical|Blood and tissues|GCA_053162535.1_genomic.fna.gz	0	0	0	0	0	0	0	0	0	0	0	0	0	0	0	0	0	0	0	0	0	0	0	0	0	0	0	0	0	0	0	1	1	1	0	1	0	0	1	0	1	1	1	0	0	1	1	0	0	0	0	0	0	0	0	0	1	0	0	0	0	1	0	0	0	1	1	0	0	0	0	0	0	0	0	1	0	1	0	0	1	0	0	0	1	0	0	0	0	0	1	0	0	0	0	0	1	0	0	0
1|Human clinical|Blood and tissues|GCA_053162555.1_genomic.fna.gz	0	0	0	0	0	0	0	1	1	1	1	0	1	1	0	0	0	0	1	0	1	0	1	0	1	1	0	0	0	0	0	0	1	1	1	1	0	0	1	1	1	0	0	1	1	0	0	1	1	0	0	0	0	0	0	0	0	0	0	0	0	0	0	0	1	0	1	1	0	1	1	0	0	1	1	0	0	1	0	0	0	0	0	0	0	0	0	0	0	0	0	0	0	0	0	0	0	0	0	0
1|Human clinical|Blood and tissues|GCA_053162595.1_genomic.fna.gz	0	0	0	0	0	0	0	1	1	1	1	0	1	1	0	0	0	0	1	0	1	0	1	0	1	1	0	0	0	0	0	0	1	1	1	1	0	0	1	1	1	0	0	1	1	0	0	1	1	0	0	0	0	0	0	0	0	0	0	0	0	0	0	0	1	0	1	1	0	1	1	0	0	1	1	0	0	1	0	0	0	0	0	0	0	0	0	0	0	0	0	0	0	0	0	0	0	0	0	0
1|Human clinical|Blood and tissues|GCA_053162615.1_genomic.fna.gz	0	0	0	0	0	0	0	1	1	1	1	0	1	1	0	0	0	0	1	0	1	0	1	0	1	1	0	0	0	0	0	0	1	1	1	1	0	0	1	1	1	0	0	1	1	0	0	1	1	0	0	0	0	0	0	0	0	0	0	0	0	0	0	0	1	0	1	1	0	1	1	0	0	1	1	0	0	1	0	0	0	0	0	0	0	0	0	0	0	0	0	0	0	0	0	0	0	0	0	0
9|Human clinical|Blood and tissues|GCA_053162635.1_genomic.fna.gz	0	0	0	0	0	0	0	0	0	0	0	0	0	0	0	0	0	0	0	0	0	0	0	0	0	0	0	0	0	0	0	1	1	1	0	1	0	0	1	0	1	1	1	0	0	1	1	0	0	0	0	0	0	0	0	0	1	0	0	0	0	1	0	0	0	1	1	0	0	0	0	0	0	0	0	1	0	1	0	0	1	0	0	0	1	0	0	0	0	0	1	0	0	0	0	0	1	0	0	0
9|Human clinical|Blood and tissues|GCA_053162655.1_genomic.fna.gz	0	0	0	0	0	0	0	0	0	0	0	0	0	0	0	0	0	0	0	0	0	0	0	0	0	0	0	0	0	0	0	1	1	1	0	1	0	0	1	0	1	1	1	0	0	1	1	0	0	0	0	0	0	0	0	0	1	0	0	0	0	1	0	0	0	1	1	0	0	0	0	0	0	0	0	1	0	1	0	0	1	0	0	0	1	0	0	0	0	0	1	0	0	0	0	0	1	0	0	0
9|Human clinical|Blood and tissues|GCA_053162675.1_genomic.fna.gz	0	0	0	0	0	0	0	0	0	0	0	0	0	0	0	0	0	0	0	0	0	0	0	0	0	0	0	0	0	0	0	1	1	1	0	1	0	0	1	0	1	1	1	0	0	1	1	0	0	0	0	0	0	0	0	0	1	0	0	0	0	1	0	0	0	1	1	0	0	0	0	0	0	0	0	1	0	1	0	0	1	0	0	0	1	0	0	0	0	0	1	0	0	0	0	0	1	0	0	0
1|Human clinical|Blood and tissues|GCA_053162815.1_genomic.fna.gz	0	0	0	0	0	0	0	1	1	1	1	0	1	1	0	0	0	0	1	0	1	0	1	0	1	1	0	0	0	0	0	0	1	1	1	1	0	0	1	1	1	0	0	1	1	0	0	1	1	0	0	0	0	0	0	0	0	0	0	0	0	0	0	0	1	0	1	1	0	1	1	0	0	1	1	0	0	1	0	0	0	0	0	0	0	0	0	0	0	0	0	0	0	0	0	0	0	0	0	0
1|Human clinical|Blood and tissues|GCA_053162835.1_genomic.fna.gz	0	0	0	0	0	0	0	1	1	1	1	0	1	1	0	0	0	0	1	0	1	0	1	0	1	1	0	0	0	0	0	0	1	1	1	1	0	0	1	1	1	0	0	1	1	0	0	1	1	0	0	0	0	0	0	0	0	0	0	0	0	0	0	0	1	0	1	1	0	1	1	0	0	1	1	0	0	1	0	0	0	0	0	0	0	0	0	0	0	0	0	0	0	0	0	0	0	0	0	0
1|Human clinical|Blood and tissues|GCA_053162855.1_genomic.fna.gz	0	0	0	0	0	0	0	1	1	1	1	0	1	1	0	0	0	0	1	0	1	0	1	0	1	1	0	0	0	0	0	0	1	1	1	1	0	0	1	1	1	0	0	1	1	0	0	1	1	0	0	0	0	0	0	0	0	0	0	0	0	0	0	0	1	0	1	1	0	1	1	0	0	1	1	0	0	1	0	0	0	0	0	0	0	0	0	0	0	0	0	0	0	0	0	0	0	0	0	0
9|Human clinical|Blood and tissues|GCA_053162875.1_genomic.fna.gz	0	0	0	0	0	0	0	0	0	0	0	0	0	0	0	0	0	0	0	0	0	0	0	0	0	0	0	0	0	0	0	1	1	1	0	1	0	0	1	0	1	1	1	0	0	1	1	0	0	0	0	0	0	0	0	0	1	0	0	0	0	1	0	0	0	1	1	0	0	0	0	0	0	0	0	1	0	1	0	0	1	0	0	0	1	0	0	0	0	0	1	0	0	0	0	0	1	0	0	0
1|Human clinical|Blood and tissues|GCA_053162935.1_genomic.fna.gz	0	0	0	0	0	0	0	1	1	1	1	0	1	1	0	0	0	0	1	0	1	0	1	0	1	1	0	0	0	0	0	0	1	1	1	1	0	0	1	1	1	0	0	1	1	0	0	1	1	0	0	0	0	0	0	0	0	0	0	0	0	0	0	0	1	0	1	1	0	1	1	0	0	1	1	0	0	1	0	0	0	0	0	0	0	0	0	0	0	0	0	0	0	0	0	0	0	0	0	0
9|Human clinical|Blood and tissues|GCA_053162995.1_genomic.fna.gz	0	0	0	0	0	0	0	0	0	0	0	0	0	0	0	0	0	0	0	0	0	0	0	0	0	0	0	0	0	0	0	1	1	1	0	1	0	0	1	0	1	1	1	0	0	1	1	0	0	0	0	0	0	0	0	0	1	0	0	0	0	1	0	0	0	1	1	0	0	0	0	0	0	0	0	1	0	1	0	0	1	0	0	0	1	0	0	0	0	0	1	0	0	0	0	0	1	0	0	0
1|Human clinical|Blood and tissues|GCA_053163015.1_genomic.fna.gz	0	0	0	0	0	0	0	1	1	1	1	0	1	1	0	0	0	0	1	0	1	0	1	0	1	1	0	0	0	0	0	0	1	1	1	1	0	0	1	1	1	0	0	1	1	0	0	1	1	0	0	0	0	0	0	0	0	0	0	0	0	0	0	0	1	0	1	1	0	1	1	0	0	1	1	0	0	1	0	0	0	0	0	0	0	0	0	0	0	0	0	0	0	0	0	0	0	0	0	0
1|Human clinical|Blood and tissues|GCA_053163095.1_genomic.fna.gz	0	0	0	0	0	0	0	1	1	1	1	0	1	1	0	0	0	0	1	0	1	0	1	0	1	1	0	0	0	0	0	0	1	1	1	1	0	0	1	1	1	0	0	1	1	0	0	1	1	0	0	0	0	0	0	0	0	0	0	0	0	0	0	0	1	0	1	1	0	1	1	0	0	1	1	0	0	1	0	0	0	0	0	0	0	0	0	0	0	0	0	0	0	0	0	0	0	0	0	0
1|Human clinical|Blood and tissues|GCA_053163115.1_genomic.fna.gz	0	0	0	0	0	0	0	1	1	1	1	0	1	1	0	0	0	0	1	0	1	0	1	0	1	1	0	0	0	0	0	0	1	1	1	1	0	0	1	1	1	0	0	1	1	0	0	1	1	0	0	0	0	0	0	0	0	0	0	0	0	0	0	0	1	0	1	1	0	1	1	0	0	1	1	0	0	1	0	0	0	0	0	0	0	0	0	0	0	0	0	0	0	0	0	0	0	0	0	0
9|Human clinical|Blood and tissues|GCA_053163175.1_genomic.fna.gz	0	0	0	0	0	0	0	0	0	0	0	0	0	0	0	0	0	0	0	0	0	0	0	0	0	0	0	0	0	0	0	1	1	1	0	1	0	0	1	0	1	1	1	0	0	1	1	0	0	0	0	0	0	0	0	0	1	0	0	0	0	1	0	0	0	1	1	0	0	0	0	0	0	0	0	1	0	1	0	0	1	0	0	0	1	0	0	0	0	0	1	0	0	0	0	0	1	0	0	0
9|Human clinical|Blood and tissues|GCA_053163185.1_genomic.fna.gz	0	0	0	0	0	0	0	0	0	0	0	0	0	0	0	0	0	0	0	0	0	0	0	0	0	0	0	0	0	0	0	1	1	1	0	1	0	0	1	0	1	1	1	0	0	1	1	0	0	0	0	0	0	0	0	0	1	0	0	0	0	1	0	0	0	1	1	0	0	0	0	0	0	0	0	1	0	1	0	0	1	0	0	0	1	0	0	0	0	0	1	0	0	0	0	0	1	0	0	0
12|Food chain|Plant-derived foods|GCA_053165155.1_genomic.fna.gz	0	0	0	0	0	0	0	0	1	0	0	0	0	0	0	0	0	0	0	0	0	0	0	1	0	0	0	0	0	0	0	0	1	1	1	0	0	0	1	0	0	1	0	0	0	0	0	1	1	0	0	0	0	0	1	0	0	0	0	0	1	1	1	0	0	0	1	0	0	0	0	1	0	1	0	0	0	0	0	0	0	0	0	0	0	0	0	0	0	0	0	0	0	0	0	0	0	0	0	0
6|Environment|Water and wastewater|GCA_053168815.1_genomic.fna.gz	0	0	0	0	0	0	0	0	0	0	0	0	0	0	0	0	0	0	0	0	0	0	0	0	0	0	0	0	0	0	0	0	0	0	0	0	0	1	0	0	1	0	0	0	0	0	0	0	1	0	0	0	0	0	1	0	0	0	0	0	0	1	0	0	0	0	1	0	0	0	1	0	1	0	0	0	1	1	0	0	1	0	0	0	0	0	0	0	0	0	1	0	0	0	0	0	0	1	0	1
6|Environment|Water and wastewater|GCA_053168835.1_genomic.fna.gz	0	0	0	0	0	0	0	0	0	0	0	0	0	0	0	0	0	0	0	0	0	0	0	0	0	0	0	0	0	0	0	0	0	0	0	0	0	1	0	0	1	0	0	0	0	0	0	0	1	0	0	0	0	0	1	0	0	0	0	0	0	1	0	0	0	0	1	0	0	0	1	0	1	0	0	0	1	1	0	0	1	0	0	0	0	0	0	0	0	0	1	0	0	0	0	0	0	1	0	1
6|Environment|Water and wastewater|GCA_053168855.1_genomic.fna.gz	0	0	0	0	0	0	0	0	0	0	0	0	0	0	0	0	0	0	0	0	0	0	0	0	0	0	0	0	0	0	0	0	0	0	0	0	0	1	0	0	1	0	0	0	0	0	0	0	1	0	0	0	0	0	1	0	0	0	0	0	0	1	0	0	0	0	1	0	0	0	1	0	1	0	0	0	1	1	0	0	1	0	0	0	0	0	0	0	0	0	1	0	0	0	0	0	0	1	0	1
11|Environment|Water and wastewater|GCA_053168935.1_genomic.fna.gz	0	0	0	0	0	0	0	0	0	0	0	0	0	0	0	0	0	0	0	0	0	0	0	0	0	0	0	0	0	0	0	0	0	1	0	0	0	1	1	1	0	1	0	1	0	0	0	1	0	0	0	0	0	0	1	0	0	0	0	0	1	0	0	0	0	0	1	1	0	0	1	0	1	0	0	1	0	0	0	1	1	0	0	0	1	0	0	0	0	0	0	0	0	0	0	0	0	1	1	0
11|Environment|Water and wastewater|GCA_053168955.1_genomic.fna.gz	0	0	0	0	0	0	0	0	0	0	0	0	0	0	0	0	0	0	0	0	0	0	0	0	0	0	0	0	0	0	0	0	0	1	0	0	0	1	1	1	0	1	0	1	0	0	0	1	0	0	0	0	0	0	1	0	0	0	0	0	1	0	0	0	0	0	1	1	0	0	1	0	1	0	0	1	0	0	0	1	1	0	0	0	1	0	0	0	0	0	0	0	0	0	0	0	0	1	1	0
11|Environment|Water and wastewater|GCA_053168975.1_genomic.fna.gz	0	0	0	0	0	0	0	0	0	0	0	0	0	0	0	0	0	0	0	0	0	0	0	0	0	0	0	0	0	0	0	0	0	1	0	0	0	1	1	1	0	1	0	1	0	0	0	1	0	0	0	0	0	0	1	0	0	0	0	0	1	0	0	0	0	0	1	1	0	0	1	0	1	0	0	1	0	0	0	1	1	0	0	0	1	0	0	0	0	0	0	0	0	0	0	0	0	1	1	0
12|Human clinical|Gastrointestinal and urogenital|GCA_053170435.1_genomic.fna.gz	0	0	0	0	0	0	0	0	0	0	0	0	0	0	0	1	0	0	0	1	1	0	0	0	0	0	0	0	0	0	0	0	1	1	1	0	0	0	1	0	0	0	0	0	0	0	0	0	1	0	0	0	0	0	1	0	0	0	0	0	0	0	1	0	0	0	0	0	0	0	0	1	0	1	0	0	0	0	0	0	1	0	0	0	0	0	0	0	0	0	1	0	0	0	0	0	0	0	0	1
3|Food chain|General food and retail|GCA_053199305.1_genomic.fna.gz	0	0	0	0	0	0	0	1	1	1	1	0	1	1	0	0	0	0	1	0	1	0	1	0	1	1	0	0	0	0	0	0	1	1	1	1	0	0	1	1	1	0	0	1	1	0	0	1	1	0	0	0	0	0	0	0	0	0	0	0	0	0	0	0	1	0	1	1	0	1	1	0	0	1	1	0	0	1	0	0	0	0	0	1	0	0	0	0	0	0	0	0	0	0	0	1	0	0	0	0
5|Food chain|General food and retail|GCA_053199565.1_genomic.fna.gz	0	0	1	0	1	1	0	0	0	0	0	1	0	0	0	1	0	0	0	0	1	1	1	0	1	1	0	0	0	0	0	0	0	0	1	0	1	1	0	0	0	0	1	0	0	0	0	1	0	0	0	0	0	1	1	1	0	0	0	0	1	0	0	1	0	1	0	0	0	0	0	1	0	0	0	0	1	0	0	0	0	0	1	0	0	0	0	0	0	0	0	0	0	0	0	0	0	0	0	0
9|Food chain|Turkey and duck products|GCA_053199865.1_genomic.fna.gz	0	0	0	0	0	0	0	0	0	0	0	0	0	0	0	0	0	0	0	0	0	0	0	0	0	0	0	0	0	0	0	1	1	1	0	1	0	0	1	0	1	1	1	0	0	1	1	0	0	0	0	0	0	0	0	0	1	0	0	0	0	1	0	0	0	1	1	0	0	0	0	0	0	0	0	1	0	1	0	0	1	0	0	0	1	0	0	0	0	0	1	0	0	0	0	0	1	0	0	0
8|Food chain|Chicken products|GCA_053199885.1_genomic.fna.gz	0	0	0	0	0	0	0	0	0	0	0	0	0	0	0	0	0	0	0	0	0	0	0	0	0	0	0	0	0	0	0	1	1	1	0	1	0	0	1	0	1	1	1	0	0	1	1	0	0	0	0	0	0	0	0	0	1	0	0	0	0	1	0	0	0	1	1	0	0	0	0	0	0	0	0	1	0	1	0	0	1	0	0	0	1	0	0	0	0	0	1	0	0	0	0	0	0	0	0	0
3|Food chain|Chicken products|GCA_053199925.1_genomic.fna.gz	0	0	0	0	0	0	0	1	1	1	1	0	1	1	0	0	0	0	1	0	1	0	1	0	1	1	0	0	0	0	0	0	1	1	1	1	0	0	1	1	1	0	0	1	1	0	0	1	1	0	0	0	0	0	0	0	0	0	0	0	0	0	0	0	1	0	1	1	0	1	1	0	0	1	1	0	0	1	0	0	0	0	0	1	0	0	0	0	0	0	0	0	0	0	0	1	0	0	0	0
5|Food chain|General food and retail|GCA_053199945.1_genomic.fna.gz	0	0	1	0	1	1	0	0	0	0	0	1	0	0	0	1	0	0	0	0	1	1	1	0	1	1	0	0	0	0	0	0	0	0	1	0	1	1	0	0	0	0	1	0	0	0	0	1	0	0	0	0	0	1	1	1	0	0	0	0	1	0	0	1	0	1	0	0	0	0	0	1	0	0	0	0	1	0	0	0	0	0	1	0	0	0	0	0	0	0	0	0	0	0	0	0	0	0	0	0
5|Food chain|Chicken products|GCA_053213515.1_genomic.fna.gz	0	0	1	0	1	1	0	0	0	0	0	1	0	0	0	1	0	0	0	0	1	1	1	0	1	1	0	0	0	0	0	0	0	0	1	0	1	1	0	0	0	0	1	0	0	0	0	1	0	0	0	0	0	1	1	1	0	0	0	0	1	0	0	1	0	1	0	0	0	0	0	1	0	0	0	0	1	0	0	0	0	0	1	0	0	0	0	0	0	0	0	0	0	0	0	0	0	0	0	0
5|Food chain|General food and retail|GCA_053213695.1_genomic.fna.gz	0	0	1	0	1	1	0	0	0	0	0	1	0	0	0	1	0	0	0	0	1	1	1	0	1	1	0	0	0	0	0	0	0	0	1	0	1	1	0	0	0	0	1	0	0	0	0	1	0	0	0	0	0	1	1	1	0	0	0	0	1	0	0	1	0	1	0	0	0	0	0	1	0	0	0	0	1	0	0	0	0	0	1	0	0	0	0	0	0	0	0	0	0	0	0	0	0	0	0	0
2|Food chain|Chicken products|GCA_053213795.1_genomic.fna.gz	0	0	0	0	0	0	0	1	1	1	1	0	1	1	0	0	0	0	1	0	1	0	1	0	1	1	0	0	0	0	0	0	1	1	1	1	0	0	1	1	1	0	0	1	1	0	0	1	1	0	0	0	0	0	0	0	0	0	0	0	0	0	0	0	1	0	1	1	0	1	1	0	0	1	1	0	0	1	0	0	0	0	0	1	0	0	0	0	0	0	0	0	0	0	0	0	0	0	0	0
12|Food chain|Pork products|GCA_053213815.1_genomic.fna.gz	0	0	0	0	0	0	0	0	1	0	0	0	0	0	0	0	0	0	0	0	1	0	0	1	0	0	0	0	0	0	0	0	1	1	1	0	0	0	1	0	0	0	0	0	0	0	0	0	1	0	0	0	0	0	1	0	0	0	0	0	1	1	1	0	0	0	1	0	0	0	0	1	0	1	0	1	0	0	0	0	0	0	0	0	0	0	0	0	0	0	0	0	0	0	0	0	0	1	0	0
5|Food chain|General food and retail|GCA_053213855.1_genomic.fna.gz	0	0	1	0	1	1	0	0	0	0	0	1	0	0	0	1	0	0	0	0	1	1	1	0	1	1	0	0	0	0	0	0	0	0	1	0	1	1	0	0	0	0	1	0	0	0	0	1	0	0	0	0	0	1	1	1	0	0	0	0	1	0	0	1	0	1	0	0	0	0	0	1	0	0	0	0	1	0	0	0	0	0	1	0	0	0	0	0	0	0	0	0	0	0	0	0	0	0	0	0
13|Food chain|Beef products|GCA_053213875.1_genomic.fna.gz	0	0	0	0	0	0	0	0	0	0	0	0	0	0	0	0	0	0	0	0	0	0	1	0	0	0	0	0	0	0	0	0	0	0	0	0	0	0	1	0	0	0	0	0	0	0	0	0	1	0	0	0	0	0	1	0	0	1	0	0	1	0	0	0	0	1	0	0	1	0	0	0	0	0	0	0	0	1	0	0	1	1	1	0	1	0	0	0	0	0	0	0	0	0	1	0	0	1	0	0
5|Food chain|Chicken products|GCA_053213895.1_genomic.fna.gz	0	0	1	0	1	1	0	0	0	0	0	1	0	0	0	1	0	0	0	0	1	1	1	0	1	1	0	0	0	0	0	0	0	0	1	0	1	1	0	0	0	0	1	0	0	0	0	1	0	0	0	0	0	1	1	1	0	0	0	0	1	0	0	1	0	1	0	0	0	0	0	1	0	0	0	0	1	0	0	0	0	0	1	0	0	0	0	0	0	0	0	0	0	0	0	0	0	0	0	0
5|Food chain|Chicken products|GCA_053213915.1_genomic.fna.gz	0	0	1	0	1	1	0	0	0	0	0	1	0	0	0	1	0	0	0	0	1	1	1	0	1	1	0	0	0	0	0	0	0	0	1	0	1	1	0	0	0	0	1	0	0	0	0	1	0	0	0	0	0	1	1	1	0	0	0	0	1	0	0	1	0	1	0	0	0	0	0	1	0	0	0	0	1	0	0	0	0	0	1	0	0	0	0	0	0	0	0	0	0	0	0	0	0	0	0	0
3|Food chain|General food and retail|GCA_053213935.1_genomic.fna.gz	0	0	0	0	0	0	0	1	1	1	1	0	1	1	0	0	0	0	1	0	1	0	1	0	1	1	0	0	0	0	0	0	1	1	1	1	0	0	1	1	1	0	0	1	1	0	0	1	1	0	0	0	0	0	0	0	0	0	0	0	0	0	0	0	1	0	1	1	0	1	1	0	0	1	1	0	0	1	0	0	0	0	0	1	0	0	0	0	0	0	0	0	0	0	0	1	0	0	0	0
8|Food chain|General food and retail|GCA_053213955.1_genomic.fna.gz	0	0	0	0	0	0	0	0	0	0	0	0	0	0	0	0	0	0	0	0	0	0	0	0	0	0	0	0	0	0	0	1	1	1	0	1	0	0	1	0	1	1	1	0	0	1	1	0	0	0	0	0	0	0	0	0	1	0	0	0	0	1	0	0	0	1	1	0	0	0	0	0	0	0	0	1	0	1	0	0	1	0	0	0	1	0	0	0	0	0	1	0	0	0	0	0	0	0	0	0
5|Food chain|Chicken products|GCA_053213975.1_genomic.fna.gz	0	0	1	0	1	1	0	0	0	0	0	1	0	0	0	1	0	0	0	0	1	1	1	0	1	1	0	0	0	0	0	0	0	0	1	0	1	1	0	0	0	0	1	0	0	0	0	1	0	0	0	0	0	1	1	1	0	0	0	0	1	0	0	1	0	1	0	0	0	0	0	1	0	0	0	0	1	0	0	0	0	0	1	0	0	0	0	0	0	0	0	0	0	0	0	0	0	0	0	0
9|Food chain|General food and retail|GCA_053213995.1_genomic.fna.gz	0	0	0	0	0	0	0	0	0	0	0	0	0	0	0	0	0	0	0	0	0	0	0	0	0	0	0	0	0	0	0	1	1	1	0	1	0	0	1	0	1	1	1	0	0	1	1	0	0	0	0	0	0	0	0	0	1	0	0	0	0	1	0	0	0	1	1	0	0	0	0	0	0	0	0	1	0	1	0	0	1	0	0	0	1	0	0	0	0	0	1	0	0	0	0	0	1	0	0	0
9|Food chain|Turkey and duck products|GCA_053214125.1_genomic.fna.gz	0	0	0	0	0	0	0	0	0	0	0	0	0	0	0	0	0	0	0	0	0	0	0	0	0	0	0	0	0	0	0	1	1	1	0	1	0	0	1	0	1	1	1	0	0	1	1	0	0	0	0	0	0	0	0	0	1	0	0	0	0	1	0	0	0	1	1	0	0	0	0	0	0	0	0	1	0	1	0	0	1	0	0	0	1	0	0	0	0	0	1	0	0	0	0	0	1	0	0	0
5|Food chain|Chicken products|GCA_053214155.1_genomic.fna.gz	0	0	1	0	1	1	0	0	0	0	0	1	0	0	0	1	0	0	0	0	1	1	1	0	1	1	0	0	0	0	0	0	0	0	1	0	1	1	0	0	0	0	1	0	0	0	0	1	0	0	0	0	0	1	1	1	0	0	0	0	1	0	0	1	0	1	0	0	0	0	0	1	0	0	0	0	1	0	0	0	0	0	1	0	0	0	0	0	0	0	0	0	0	0	0	0	0	0	0	0
15|Food chain|Chicken products|GCA_053214195.1_genomic.fna.gz	0	0	0	0	0	0	0	0	0	0	0	0	0	0	1	0	0	0	0	1	0	0	0	1	0	0	1	0	0	0	0	0	0	0	0	0	0	1	0	0	0	0	0	0	0	0	0	0	0	0	0	0	0	0	0	0	0	0	0	0	0	0	0	1	0	0	0	0	0	0	0	0	1	1	0	0	1	0	0	1	1	1	0	0	1	0	0	0	0	0	0	0	1	0	0	0	0	0	0	0
5|Food chain|General food and retail|GCA_053216215.1_genomic.fna.gz	0	0	1	0	1	1	0	0	0	0	0	1	0	0	0	1	0	0	0	0	1	1	1	0	1	1	0	0	0	0	0	0	0	0	1	0	1	1	0	0	0	0	1	0	0	0	0	1	0	0	0	0	0	1	1	1	0	0	0	0	1	0	0	1	0	1	0	0	0	0	0	1	0	0	0	0	1	0	0	0	0	0	1	0	0	0	0	0	0	0	0	0	0	0	0	0	0	0	0	0
5|Food chain|Pork products|GCA_053216255.1_genomic.fna.gz	0	0	1	0	1	1	0	0	0	0	0	1	0	0	0	1	0	0	0	0	1	1	1	0	1	1	0	0	0	0	0	0	0	0	1	0	1	1	0	0	0	0	1	0	0	0	0	1	0	0	0	0	0	1	1	1	0	0	0	0	1	0	0	1	0	1	0	0	0	0	0	1	0	0	0	0	1	0	0	0	0	0	1	0	0	0	0	0	0	0	0	0	0	0	0	0	0	0	0	0
5|Food chain|Chicken products|GCA_053216275.1_genomic.fna.gz	0	0	1	0	1	1	0	0	0	0	0	1	0	0	0	1	0	0	0	0	1	1	1	0	1	1	0	0	0	0	0	0	0	0	1	0	1	1	0	0	0	0	1	0	0	0	0	1	0	0	0	0	0	1	1	1	0	0	0	0	1	0	0	1	0	1	0	0	0	0	0	1	0	0	0	0	1	0	0	0	0	0	1	0	0	0	0	0	0	0	0	0	0	0	0	0	0	0	0	0
8|Food chain|General food and retail|GCA_053216315.1_genomic.fna.gz	0	0	0	0	0	0	0	0	0	0	0	0	0	0	0	0	0	0	0	0	0	0	0	0	0	0	0	0	0	0	0	1	1	1	0	1	0	0	1	0	1	1	1	0	0	1	1	0	0	0	0	0	0	0	0	0	1	0	0	0	0	1	0	0	0	1	1	0	0	0	0	0	0	0	0	1	0	1	0	0	1	0	0	0	1	0	0	0	0	0	1	0	0	0	0	0	0	0	0	0
5|Food chain|Chicken products|GCA_053216335.1_genomic.fna.gz	0	0	1	0	1	1	0	0	0	0	0	1	0	0	0	1	0	0	0	0	1	1	1	0	1	1	0	0	0	0	0	0	0	0	1	0	1	1	0	0	0	0	1	0	0	0	0	1	0	0	0	0	0	1	1	1	0	0	0	0	1	0	0	1	0	1	0	0	0	0	0	1	0	0	0	0	1	0	0	0	0	0	1	0	0	0	0	0	0	0	0	0	0	0	0	0	0	0	0	0
9|Food chain|General food and retail|GCA_053216355.1_genomic.fna.gz	0	0	0	0	0	0	0	0	0	0	0	0	0	0	0	0	0	0	0	0	0	0	0	0	0	0	0	0	0	0	0	1	1	1	0	1	0	0	1	0	1	1	1	0	0	1	1	0	0	0	0	0	0	0	0	0	1	0	0	0	0	1	0	0	0	1	1	0	0	0	0	0	0	0	0	1	0	1	0	0	1	0	0	0	1	0	0	0	0	0	1	0	0	0	0	0	1	0	0	0
10|Food chain|General food and retail|GCA_053216415.1_genomic.fna.gz	1	1	0	1	0	0	1	0	0	0	0	1	0	0	0	0	1	1	0	1	0	0	0	1	0	0	1	1	1	0	0	0	0	0	0	0	0	0	0	0	0	0	0	0	0	1	0	0	0	0	0	0	0	0	0	1	0	1	0	1	0	0	1	0	0	0	0	1	1	0	0	0	0	0	0	0	0	0	0	0	0	1	1	0	0	1	1	0	0	0	0	0	0	0	0	0	0	1	0	0
5|Food chain|Chicken products|GCA_053217925.1_genomic.fna.gz	0	0	1	0	1	1	0	0	0	0	0	1	0	0	0	1	0	0	0	0	1	1	1	0	1	1	0	0	0	0	0	0	0	0	1	0	1	1	0	0	0	0	1	0	0	0	0	1	0	0	0	0	0	1	1	1	0	0	0	0	1	0	0	1	0	1	0	0	0	0	0	1	0	0	0	0	1	0	0	0	0	0	1	0	0	0	0	0	0	0	0	0	0	0	0	0	0	0	0	0
2|Livestock and Other animals|Chicken and poultry birds|GCA_053218155.1_genomic.fna.gz	0	0	0	0	0	0	0	1	1	1	1	0	1	1	0	0	0	0	1	0	1	0	1	0	1	1	0	0	0	0	0	0	1	1	1	1	0	0	1	1	1	0	0	1	1	0	0	1	1	0	0	0	0	0	0	0	0	0	0	0	0	0	0	0	1	0	1	1	0	1	1	0	0	1	1	0	0	1	0	0	0	0	0	1	0	0	0	0	0	0	0	0	0	0	0	0	0	0	0	0
2|Food chain|Chicken products|GCA_053218345.1_genomic.fna.gz	0	0	0	0	0	0	0	1	1	1	1	0	1	1	0	0	0	0	1	0	1	0	1	0	1	1	0	0	0	0	0	0	1	1	1	1	0	0	1	1	1	0	0	1	1	0	0	1	1	0	0	0	0	0	0	0	0	0	0	0	0	0	0	0	1	0	1	1	0	1	1	0	0	1	1	0	0	1	0	0	0	0	0	1	0	0	0	0	0	0	0	0	0	0	0	0	0	0	0	0
15|Food chain|General food and retail|GCA_053218475.1_genomic.fna.gz	0	0	0	0	0	0	0	0	0	0	0	0	0	0	1	0	0	0	0	1	0	0	0	1	0	0	1	0	0	0	0	0	0	0	0	0	0	1	0	0	0	0	0	0	0	0	0	0	0	0	0	0	0	0	0	0	0	0	0	0	0	0	0	1	0	0	0	0	0	0	0	0	1	1	0	0	1	0	0	1	1	1	0	0	1	0	0	0	0	0	0	0	1	0	0	0	0	0	0	0
5|Food chain|Pork products|GCA_053218575.1_genomic.fna.gz	0	0	1	0	1	1	0	0	0	0	0	1	0	0	0	1	0	0	0	0	1	1	1	0	1	1	0	0	0	0	0	0	0	0	1	0	1	1	0	0	0	0	1	0	0	0	0	1	0	0	0	0	0	1	1	1	0	0	0	0	1	0	0	1	0	1	0	0	0	0	0	1	0	0	0	0	1	0	0	0	0	0	1	0	0	0	0	0	0	0	0	0	0	0	0	0	0	0	0	0
8|Food chain|Chicken products|GCA_053218735.1_genomic.fna.gz	0	0	0	0	0	0	0	0	0	0	0	0	0	0	0	0	0	0	0	0	0	0	0	0	0	0	0	0	0	0	0	1	1	1	0	1	0	0	1	0	1	1	1	0	0	1	1	0	0	0	0	0	0	0	0	0	1	0	0	0	0	1	0	0	0	1	1	0	0	0	0	0	0	0	0	1	0	1	0	0	1	0	0	0	1	0	0	0	0	0	1	0	0	0	0	0	0	0	0	0
13|Livestock and Other animals|Cattle|GCA_053218835.1_genomic.fna.gz	0	0	0	0	0	0	0	0	0	0	0	0	0	0	0	0	0	0	0	0	0	0	1	0	0	0	0	0	0	0	0	0	0	0	0	0	0	0	1	0	0	0	0	0	0	0	0	0	1	0	0	0	0	0	1	0	0	1	0	0	1	0	0	0	0	1	0	0	1	0	0	0	0	0	0	0	0	1	0	0	1	1	1	0	1	0	0	0	0	0	0	0	0	0	1	0	0	1	0	0
15|Food chain|Chicken products|GCA_053219235.1_genomic.fna.gz	0	0	0	0	0	0	0	0	0	0	0	0	0	0	1	0	0	0	0	1	0	0	0	1	0	0	1	0	0	0	0	0	0	0	0	0	0	1	0	0	0	0	0	0	0	0	0	0	0	0	0	0	0	0	0	0	0	0	0	0	0	0	0	1	0	0	0	0	0	0	0	0	1	1	0	0	1	0	0	1	1	1	0	0	1	0	0	0	0	0	0	0	1	0	0	0	0	0	0	0
5|Livestock and Other animals|Chicken and poultry birds|GCA_053219245.1_genomic.fna.gz	0	0	1	0	1	1	0	0	0	0	0	1	0	0	0	1	0	0	0	0	1	1	1	0	1	1	0	0	0	0	0	0	0	0	1	0	1	1	0	0	0	0	1	0	0	0	0	1	0	0	0	0	0	1	1	1	0	0	0	0	1	0	0	1	0	1	0	0	0	0	0	1	0	0	0	0	1	0	0	0	0	0	1	0	0	0	0	0	0	0	0	0	0	0	0	0	0	0	0	0
13|Livestock and Other animals|Swine|GCA_053219315.1_genomic.fna.gz	0	0	0	0	0	0	0	0	0	0	0	0	0	0	0	0	0	0	0	0	0	0	1	0	0	0	0	0	0	0	0	0	0	0	0	0	0	0	1	0	0	0	0	0	0	0	0	0	1	0	0	0	0	0	1	0	0	1	0	0	1	0	0	0	0	1	0	0	1	0	0	0	0	0	0	0	0	1	0	0	1	1	1	0	1	0	0	0	0	0	0	0	0	0	1	0	0	1	0	0
5|Food chain|General food and retail|GCA_053219375.1_genomic.fna.gz	0	0	1	0	1	1	0	0	0	0	0	1	0	0	0	1	0	0	0	0	1	1	1	0	1	1	0	0	0	0	0	0	0	0	1	0	1	1	0	0	0	0	1	0	0	0	0	1	0	0	0	0	0	1	1	1	0	0	0	0	1	0	0	1	0	1	0	0	0	0	0	1	0	0	0	0	1	0	0	0	0	0	1	0	0	0	0	0	0	0	0	0	0	0	0	0	0	0	0	0
13|Livestock and Other animals|Cattle|GCA_053224585.1_genomic.fna.gz	0	0	0	0	0	0	0	0	0	0	0	0	0	0	0	0	0	0	0	0	0	0	1	0	0	0	0	0	0	0	0	0	0	0	0	0	0	0	1	0	0	0	0	0	0	0	0	0	1	0	0	0	0	0	1	0	0	1	0	0	1	0	0	0	0	1	0	0	1	0	0	0	0	0	0	0	0	1	0	0	1	1	1	0	1	0	0	0	0	0	0	0	0	0	1	0	0	1	0	0
15|Livestock and Other animals|Chicken and poultry birds|GCA_053224945.1_genomic.fna.gz	0	0	0	0	0	0	0	0	0	0	0	0	0	0	1	0	0	0	0	1	0	0	0	1	0	0	1	0	0	0	0	0	0	0	0	0	0	1	0	0	0	0	0	0	0	0	0	0	0	0	0	0	0	0	0	0	0	0	0	0	0	0	0	1	0	0	0	0	0	0	0	0	1	1	0	0	1	0	0	1	1	1	0	0	1	0	0	0	0	0	0	0	1	0	0	0	0	0	0	0
10|Environment|Water and wastewater|GCA_053225225.1_genomic.fna.gz	1	1	0	1	0	0	1	0	0	0	0	1	0	0	0	0	1	1	0	1	0	0	0	1	0	0	1	1	1	0	0	0	0	0	0	0	0	0	0	0	0	0	0	0	0	1	0	0	0	0	0	0	0	0	0	1	0	1	0	1	0	0	1	0	1	0	0	1	1	0	0	0	0	0	0	0	1	0	0	1	0	0	1	0	0	0	0	0	0	0	0	0	0	0	0	0	0	1	0	0
6|Food chain|Beef products|GCA_053225445.1_genomic.fna.gz	0	0	0	0	0	0	0	0	0	0	0	0	0	1	0	0	0	0	0	0	0	0	0	0	0	0	0	0	0	0	0	0	1	1	0	0	0	1	0	0	1	0	0	0	0	0	0	1	0	0	0	0	0	0	1	0	0	0	0	0	0	0	0	0	0	0	1	1	0	0	0	0	0	1	0	0	1	1	0	0	1	0	0	0	0	0	0	0	0	0	1	0	0	0	0	0	0	0	0	1
5|Food chain|General food and retail|GCA_053225505.1_genomic.fna.gz	0	0	1	0	1	1	0	0	0	0	0	1	0	0	0	1	0	0	0	0	1	1	1	0	1	1	0	0	0	0	0	0	0	0	1	0	1	1	0	0	0	0	1	0	0	0	0	1	0	0	0	0	0	1	1	1	0	0	0	0	1	0	0	1	0	1	0	0	0	0	0	1	0	0	0	0	1	0	0	0	0	0	1	0	0	0	0	0	0	0	0	0	0	0	0	0	0	0	0	0
6|Food chain|Beef products|GCA_053226815.1_genomic.fna.gz	0	0	0	0	0	0	0	0	0	0	0	0	0	1	0	0	0	0	0	0	0	0	0	0	0	0	0	0	0	0	0	0	1	1	0	0	0	1	0	0	1	0	0	0	0	0	0	1	0	0	0	0	0	0	1	0	0	0	0	0	0	0	0	0	0	0	1	1	0	0	0	0	0	1	0	0	1	1	0	0	1	0	0	0	0	0	0	0	0	0	1	0	0	0	0	0	0	0	0	1
15|Livestock and Other animals|Chicken and poultry birds|GCA_053226865.1_genomic.fna.gz	0	0	0	0	0	0	0	0	0	0	0	0	0	0	1	0	0	0	0	1	0	0	0	1	0	0	1	0	0	0	0	0	0	0	0	0	0	1	0	0	0	0	0	0	0	0	0	0	0	0	0	0	0	0	0	0	0	0	0	0	0	0	0	1	0	0	0	0	0	0	0	0	1	1	0	0	1	0	0	1	1	1	0	0	1	0	0	0	0	0	0	0	1	0	0	0	0	0	0	0
8|Food chain|Chicken products|GCA_053227605.1_genomic.fna.gz	0	0	0	0	0	0	0	0	0	0	0	0	0	0	0	0	0	0	0	0	0	0	0	0	0	0	0	0	0	0	0	1	1	1	0	1	0	0	1	0	1	1	1	0	0	1	1	0	0	0	0	0	0	0	0	0	1	0	0	0	0	1	0	0	0	1	1	0	0	0	0	0	0	0	0	1	0	1	0	0	1	0	0	0	1	0	0	0	0	0	1	0	0	0	0	0	0	0	0	0
9|Food chain|General food and retail|GCA_053228865.1_genomic.fna.gz	0	0	0	0	0	0	0	0	0	0	0	0	0	0	0	0	0	0	0	0	0	0	0	0	0	0	0	0	0	0	0	1	1	1	0	1	0	0	1	0	1	1	1	0	0	1	1	0	0	0	0	0	0	0	0	0	1	0	0	0	0	1	0	0	0	1	1	0	0	0	0	0	0	0	0	1	0	1	0	0	1	0	0	0	1	0	0	0	0	0	1	0	0	0	0	0	1	0	0	0
3|Food chain|Chicken products|GCA_053228885.1_genomic.fna.gz	0	0	0	0	0	0	0	1	1	1	1	0	1	1	0	0	0	0	1	0	1	0	1	0	1	1	0	0	0	0	0	0	1	1	1	1	0	0	1	1	1	0	0	1	1	0	0	1	1	0	0	0	0	0	0	0	0	0	0	0	0	0	0	0	1	0	1	1	0	1	1	0	0	1	1	0	0	1	0	0	0	0	0	1	0	0	0	0	0	0	0	0	0	0	0	1	0	0	0	0
5|Food chain|General food and retail|GCA_053228925.1_genomic.fna.gz	0	0	1	0	1	1	0	0	0	0	0	1	0	0	0	1	0	0	0	0	1	1	1	0	1	1	0	0	0	0	0	0	0	0	1	0	1	1	0	0	0	0	1	0	0	0	0	1	0	0	0	0	0	1	1	1	0	0	0	0	1	0	0	1	0	1	0	0	0	0	0	1	0	0	0	0	1	0	0	0	0	0	1	0	0	0	0	0	0	0	0	0	0	0	0	0	0	0	0	0
5|Food chain|General food and retail|GCA_053229025.1_genomic.fna.gz	0	0	1	0	1	1	0	0	0	0	0	1	0	0	0	1	0	0	0	0	1	1	1	0	1	1	0	0	0	0	0	0	0	0	1	0	1	1	0	0	0	0	1	0	0	0	0	1	0	0	0	0	0	1	1	1	0	0	0	0	1	0	0	1	0	1	0	0	0	0	0	1	0	0	0	0	1	0	0	0	0	0	1	0	0	0	0	0	0	0	0	0	0	0	0	0	0	0	0	0
8|Food chain|Chicken products|GCA_053229045.1_genomic.fna.gz	0	0	0	0	0	0	0	0	0	0	0	0	0	0	0	0	0	0	0	0	0	0	0	0	0	0	0	0	0	0	0	1	1	1	0	1	0	0	1	0	1	1	1	0	0	1	1	0	0	0	0	0	0	0	0	0	1	0	0	0	0	1	0	0	0	1	1	0	0	0	0	0	0	0	0	1	0	1	0	0	1	0	0	0	1	0	0	0	0	0	1	0	0	0	0	0	0	0	0	0
15|Food chain|Chicken products|GCA_053229065.1_genomic.fna.gz	0	0	0	0	0	0	0	0	0	0	0	0	0	0	1	0	0	0	0	1	0	0	0	1	0	0	1	0	0	0	0	0	0	0	0	0	0	1	0	0	0	0	0	0	0	0	0	0	0	0	0	0	0	0	0	0	0	0	0	0	0	0	0	1	0	0	0	0	0	0	0	0	1	1	0	0	1	0	0	1	1	1	0	0	1	0	0	0	0	0	0	0	1	0	0	0	0	0	0	0
13|Food chain|Beef products|GCA_053230205.1_genomic.fna.gz	0	0	0	0	0	0	0	0	0	0	0	0	0	0	0	0	0	0	0	0	0	0	1	0	0	0	0	0	0	0	0	0	0	0	0	0	0	0	1	0	0	0	0	0	0	0	0	0	1	0	0	0	0	0	1	0	0	1	0	0	1	0	0	0	0	1	0	0	1	0	0	0	0	0	0	0	0	1	0	0	1	1	1	0	1	0	0	0	0	0	0	0	0	0	1	0	0	1	0	0
8|Food chain|Pork products|GCA_053230685.1_genomic.fna.gz	0	0	0	0	0	0	0	0	0	0	0	0	0	0	0	0	0	0	0	0	0	0	0	0	0	0	0	0	0	0	0	1	1	1	0	1	0	0	1	0	1	1	1	0	0	1	1	0	0	0	0	0	0	0	0	0	1	0	0	0	0	1	0	0	0	1	1	0	0	0	0	0	0	0	0	1	0	1	0	0	1	0	0	0	1	0	0	0	0	0	1	0	0	0	0	0	0	0	0	0
5|Food chain|General food and retail|GCA_053230705.1_genomic.fna.gz	0	0	1	0	1	1	0	0	0	0	0	1	0	0	0	1	0	0	0	0	1	1	1	0	1	1	0	0	0	0	0	0	0	0	1	0	1	1	0	0	0	0	1	0	0	0	0	1	0	0	0	0	0	1	1	1	0	0	0	0	1	0	0	1	0	1	0	0	0	0	0	1	0	0	0	0	1	0	0	0	0	0	1	0	0	0	0	0	0	0	0	0	0	0	0	0	0	0	0	0
2|Environment|Sediment and waste|GCA_053242375.1_genomic.fna.gz	0	0	0	0	0	0	0	1	1	1	1	0	1	1	0	0	0	0	1	0	1	0	1	0	1	1	0	0	0	0	0	0	1	1	1	1	0	0	1	1	1	0	0	1	1	0	0	1	1	0	0	0	0	0	0	0	0	0	0	0	0	0	0	0	1	0	1	1	0	1	1	0	0	1	1	0	0	1	0	0	0	0	0	1	0	0	0	0	0	0	0	0	0	0	0	0	0	0	0	0
9|Environment|Sediment and waste|GCA_053242415.1_genomic.fna.gz	0	0	0	0	0	0	0	0	0	0	0	0	0	0	0	0	0	0	0	0	0	0	0	0	0	0	0	0	0	0	0	1	1	1	0	1	0	0	1	0	1	1	1	0	0	1	1	0	0	0	0	0	0	0	0	0	1	0	0	0	0	1	0	0	0	1	1	0	0	0	0	0	0	0	0	1	0	1	0	0	1	0	0	0	1	0	0	0	0	0	1	0	0	0	0	0	1	0	0	0
2|Environment|Sediment and waste|GCA_053242475.1_genomic.fna.gz	0	0	0	0	0	0	0	1	1	1	1	0	1	1	0	0	0	0	1	0	1	0	1	0	1	1	0	0	0	0	0	0	1	1	1	1	0	0	1	1	1	0	0	1	1	0	0	1	1	0	0	0	0	0	0	0	0	0	0	0	0	0	0	0	1	0	1	1	0	1	1	0	0	1	1	0	0	1	0	0	0	0	0	1	0	0	0	0	0	0	0	0	0	0	0	0	0	0	0	0
9|Environment|Sediment and waste|GCA_053242515.1_genomic.fna.gz	0	0	0	0	0	0	0	0	0	0	0	0	0	0	0	0	0	0	0	0	0	0	0	0	0	0	0	0	0	0	0	1	1	1	0	1	0	0	1	0	1	1	1	0	0	1	1	0	0	0	0	0	0	0	0	0	1	0	0	0	0	1	0	0	0	1	1	0	0	0	0	0	0	0	0	1	0	1	0	0	1	0	0	0	1	0	0	0	0	0	1	0	0	0	0	0	1	0	0	0
8|Environment|Sediment and waste|GCA_053242655.1_genomic.fna.gz	0	0	0	0	0	0	0	0	0	0	0	0	0	0	0	0	0	0	0	0	0	0	0	0	0	0	0	0	0	0	0	1	1	1	0	1	0	0	1	0	1	1	1	0	0	1	1	0	0	0	0	0	0	0	0	0	1	0	0	0	0	1	0	0	0	1	1	0	0	0	0	0	0	0	0	1	0	1	0	0	1	0	0	0	1	0	0	0	0	0	1	0	0	0	0	0	0	0	0	0
14|Environment|Sediment and waste|GCA_053242675.1_genomic.fna.gz	0	0	0	0	0	0	0	0	0	0	0	0	0	0	1	0	0	0	0	1	0	0	0	1	0	1	1	0	0	0	0	0	0	0	0	0	0	1	0	0	0	0	0	0	0	0	0	0	1	0	0	0	0	0	0	0	0	0	0	0	0	0	0	1	1	0	0	0	0	0	0	0	1	1	0	0	1	0	0	1	0	0	1	0	0	0	0	0	0	0	0	0	1	1	0	0	0	0	0	0
14|Environment|Sediment and waste|GCA_053242695.1_genomic.fna.gz	0	0	0	0	0	0	0	0	0	0	0	0	0	0	1	0	0	0	0	1	0	0	0	1	0	1	1	0	0	0	0	0	0	0	0	0	0	1	0	0	0	0	0	0	0	0	0	0	1	0	0	0	0	0	0	0	0	0	0	0	0	0	0	1	1	0	0	0	0	0	0	0	1	1	0	0	1	0	0	1	0	0	1	0	0	0	0	0	0	0	0	0	1	1	0	0	0	0	0	0
2|Environment|Sediment and waste|GCA_053242755.1_genomic.fna.gz	0	0	0	0	0	0	0	1	1	1	1	0	1	1	0	0	0	0	1	0	1	0	1	0	1	1	0	0	0	0	0	0	1	1	1	1	0	0	1	1	1	0	0	1	1	0	0	1	1	0	0	0	0	0	0	0	0	0	0	0	0	0	0	0	1	0	1	1	0	1	1	0	0	1	1	0	0	1	0	0	0	0	0	1	0	0	0	0	0	0	0	0	0	0	0	0	0	0	0	0
2|Environment|Sediment and waste|GCA_053242795.1_genomic.fna.gz	0	0	0	0	0	0	0	1	1	1	1	0	1	1	0	0	0	0	1	0	1	0	1	0	1	1	0	0	0	0	0	0	1	1	1	1	0	0	1	1	1	0	0	1	1	0	0	1	1	0	0	0	0	0	0	0	0	0	0	0	0	0	0	0	1	0	1	1	0	1	1	0	0	1	1	0	0	1	0	0	0	0	0	1	0	0	0	0	0	0	0	0	0	0	0	0	0	0	0	0
9|Environment|Sediment and waste|GCA_053242815.1_genomic.fna.gz	0	0	0	0	0	0	0	0	0	0	0	0	0	0	0	0	0	0	0	0	0	0	0	0	0	0	0	0	0	0	0	1	1	1	0	1	0	0	1	0	1	1	1	0	0	1	1	0	0	0	0	0	0	0	0	0	1	0	0	0	0	1	0	0	0	1	1	0	0	0	0	0	0	0	0	1	0	1	0	0	1	0	0	0	1	0	0	0	0	0	1	0	0	0	0	0	1	0	0	0
2|Environment|Sediment and waste|GCA_053242895.1_genomic.fna.gz	0	0	0	0	0	0	0	1	1	1	1	0	1	1	0	0	0	0	1	0	1	0	1	0	1	1	0	0	0	0	0	0	1	1	1	1	0	0	1	1	1	0	0	1	1	0	0	1	1	0	0	0	0	0	0	0	0	0	0	0	0	0	0	0	1	0	1	1	0	1	1	0	0	1	1	0	0	1	0	0	0	0	0	1	0	0	0	0	0	0	0	0	0	0	0	0	0	0	0	0
2|Environment|Sediment and waste|GCA_053242935.1_genomic.fna.gz	0	0	0	0	0	0	0	1	1	1	1	0	1	1	0	0	0	0	1	0	1	0	1	0	1	1	0	0	0	0	0	0	1	1	1	1	0	0	1	1	1	0	0	1	1	0	0	1	1	0	0	0	0	0	0	0	0	0	0	0	0	0	0	0	1	0	1	1	0	1	1	0	0	1	1	0	0	1	0	0	0	0	0	1	0	0	0	0	0	0	0	0	0	0	0	0	0	0	0	0
10|Environment|Sediment and waste|GCA_053242955.1_genomic.fna.gz	1	1	0	1	0	0	1	0	0	0	0	1	0	0	0	0	1	1	0	1	0	0	0	1	0	0	1	0	1	1	1	0	0	0	1	0	0	0	0	0	0	0	0	0	0	1	0	0	0	0	0	0	0	0	0	1	0	1	0	1	0	0	1	1	1	0	0	1	1	0	0	0	0	0	0	0	0	0	0	1	0	0	0	0	1	0	1	0	0	0	1	1	0	0	0	0	0	1	1	0
8|Environment|Sediment and waste|GCA_053242975.1_genomic.fna.gz	0	0	0	0	0	0	0	0	0	0	0	0	0	0	0	0	0	0	0	0	0	0	0	0	0	0	0	0	0	0	0	1	1	1	0	1	0	0	1	0	1	1	1	0	0	1	1	0	0	0	0	0	0	0	0	0	1	0	0	0	0	1	0	0	0	1	1	0	0	0	0	0	0	0	0	1	0	1	0	0	1	0	0	0	1	0	0	0	0	0	1	0	0	0	0	0	0	0	0	0
9|Environment|Sediment and waste|GCA_053243015.1_genomic.fna.gz	0	0	0	0	0	0	0	0	0	0	0	0	0	0	0	0	0	0	0	0	0	0	0	0	0	0	0	0	0	0	0	1	1	1	0	1	0	0	1	0	1	1	1	0	0	1	1	0	0	0	0	0	0	0	0	0	1	0	0	0	0	1	0	0	0	1	1	0	0	0	0	0	0	0	0	1	0	1	0	0	1	0	0	0	1	0	0	0	0	0	1	0	0	0	0	0	1	0	0	0
2|Environment|Sediment and waste|GCA_053243035.1_genomic.fna.gz	0	0	0	0	0	0	0	1	1	1	1	0	1	1	0	0	0	0	1	0	1	0	1	0	1	1	0	0	0	0	0	0	1	1	1	1	0	0	1	1	1	0	0	1	1	0	0	1	1	0	0	0	0	0	0	0	0	0	0	0	0	0	0	0	1	0	1	1	0	1	1	0	0	1	1	0	0	1	0	0	0	0	0	1	0	0	0	0	0	0	0	0	0	0	0	0	0	0	0	0
2|Environment|Sediment and waste|GCA_053243075.1_genomic.fna.gz	0	0	0	0	0	0	0	1	1	1	1	0	1	1	0	0	0	0	1	0	1	0	1	0	1	1	0	0	0	0	0	0	1	1	1	1	0	0	1	1	1	0	0	1	1	0	0	1	1	0	0	0	0	0	0	0	0	0	0	0	0	0	0	0	1	0	1	1	0	1	1	0	0	1	1	0	0	1	0	0	0	0	0	1	0	0	0	0	0	0	0	0	0	0	0	0	0	0	0	0
2|Environment|Sediment and waste|GCA_053243095.1_genomic.fna.gz	0	0	0	0	0	0	0	1	1	1	1	0	1	1	0	0	0	0	1	0	1	0	1	0	1	1	0	0	0	0	0	0	1	1	1	1	0	0	1	1	1	0	0	1	1	0	0	1	1	0	0	0	0	0	0	0	0	0	0	0	0	0	0	0	1	0	1	1	0	1	1	0	0	1	1	0	0	1	0	0	0	0	0	1	0	0	0	0	0	0	0	0	0	0	0	0	0	0	0	0
9|Environment|Sediment and waste|GCA_053243135.1_genomic.fna.gz	0	0	0	0	0	0	0	0	0	0	0	0	0	0	0	0	0	0	0	0	0	0	0	0	0	0	0	0	0	0	0	1	1	1	0	1	0	0	1	0	1	1	1	0	0	1	1	0	0	0	0	0	0	0	0	0	1	0	0	0	0	1	0	0	0	1	1	0	0	0	0	0	0	0	0	1	0	1	0	0	1	0	0	0	1	0	0	0	0	0	1	0	0	0	0	0	1	0	0	0
10|Environment|Sediment and waste|GCA_053243175.1_genomic.fna.gz	1	1	0	1	0	0	0	0	0	0	0	1	0	0	0	0	1	1	0	1	0	0	0	1	0	0	1	1	0	1	1	0	0	0	0	0	0	0	0	0	0	0	0	0	0	1	0	0	0	0	0	0	0	0	0	0	0	1	0	0	0	0	1	0	1	0	0	1	1	0	0	0	0	0	0	0	0	0	0	1	0	0	1	0	1	0	0	0	0	0	1	1	0	0	0	0	0	1	0	0
8|Environment|Sediment and waste|GCA_053243195.1_genomic.fna.gz	0	0	0	0	0	0	0	0	0	0	0	0	0	0	0	0	0	0	0	0	0	0	0	0	0	0	0	0	0	0	0	1	1	1	0	1	0	0	1	0	1	1	1	0	0	1	1	0	0	0	0	0	0	0	0	0	1	0	0	0	0	1	0	0	0	1	1	0	0	0	0	0	0	0	0	1	0	1	0	0	1	0	0	0	1	0	0	0	0	0	1	0	0	0	0	0	0	0	0	0
2|Environment|Sediment and waste|GCA_053243215.1_genomic.fna.gz	0	0	0	0	0	0	0	1	1	1	1	0	1	1	0	0	0	0	1	0	1	0	1	0	1	1	0	0	0	0	0	0	1	1	1	1	0	0	1	1	1	0	0	1	1	0	0	1	1	0	0	0	0	0	0	0	0	0	0	0	0	0	0	0	1	0	1	1	0	1	1	0	0	1	1	0	0	1	0	0	0	0	0	1	0	0	0	0	0	0	0	0	0	0	0	0	0	0	0	0
2|Environment|Sediment and waste|GCA_053243255.1_genomic.fna.gz	0	0	0	0	0	0	0	1	1	1	1	0	1	1	0	0	0	0	1	0	1	0	1	0	1	1	0	0	0	0	0	0	1	1	1	1	0	0	1	1	1	0	0	1	1	0	0	1	1	0	0	0	0	0	0	0	0	0	0	0	0	0	0	0	1	0	1	1	0	1	1	0	0	1	1	0	0	1	0	0	0	0	0	1	0	0	0	0	0	0	0	0	0	0	0	0	0	0	0	0
2|Environment|Sediment and waste|GCA_053243275.1_genomic.fna.gz	0	0	0	0	0	0	0	1	1	1	1	0	1	1	0	0	0	0	1	0	1	0	1	0	1	1	0	0	0	0	0	0	1	1	1	1	0	0	1	1	1	0	0	1	1	0	0	1	1	0	0	0	0	0	0	0	0	0	0	0	0	0	0	0	1	0	1	1	0	1	1	0	0	1	1	0	0	1	0	0	0	0	0	1	0	0	0	0	0	0	0	0	0	0	0	0	0	0	0	0
2|Environment|Sediment and waste|GCA_053243355.1_genomic.fna.gz	0	0	0	0	0	0	0	1	1	1	1	0	1	1	0	0	0	0	1	0	1	0	1	0	1	1	0	0	0	0	0	0	1	1	1	1	0	0	1	1	1	0	0	1	1	0	0	1	1	0	0	0	0	0	0	0	0	0	0	0	0	0	0	0	1	0	1	1	0	1	1	0	0	1	1	0	0	1	0	0	0	0	0	1	0	0	0	0	0	0	0	0	0	0	0	0	0	0	0	0
9|Environment|Sediment and waste|GCA_053243415.1_genomic.fna.gz	0	0	0	0	0	0	0	0	0	0	0	0	0	0	0	0	0	0	0	0	0	0	0	0	0	0	0	0	0	0	0	1	1	1	0	1	0	0	1	0	1	1	1	0	0	1	1	0	0	0	0	0	0	0	0	0	1	0	0	0	0	1	0	0	0	1	1	0	0	0	0	0	0	0	0	1	0	1	0	0	1	0	0	0	1	0	0	0	0	0	1	0	0	0	0	0	1	0	0	0
7|Environment|Sediment and waste|GCA_053243455.1_genomic.fna.gz	0	0	0	0	0	0	0	0	0	0	0	0	0	0	0	0	0	0	0	0	0	0	0	0	0	0	0	0	0	0	0	0	1	1	0	0	0	0	0	0	1	0	1	1	0	0	0	0	0	0	0	0	0	0	0	0	1	0	0	0	0	0	0	0	0	0	0	1	0	0	1	0	0	0	0	1	1	1	0	0	0	0	0	0	0	0	0	0	0	0	1	0	0	0	0	0	0	0	0	1
4|Environment|Sediment and waste|GCA_053243495.1_genomic.fna.gz	0	0	0	0	0	0	0	0	0	0	0	0	0	0	0	0	0	0	0	0	0	0	0	0	0	0	0	0	0	0	0	0	1	1	0	0	0	0	1	1	0	1	1	0	1	1	0	0	0	0	0	0	0	0	0	0	1	0	0	0	1	0	0	0	0	0	0	1	0	1	0	0	0	0	0	0	0	0	0	0	0	0	1	0	0	0	0	0	0	0	0	0	0	0	1	0	0	0	1	0
14|Environment|Sediment and waste|GCA_053243515.1_genomic.fna.gz	0	0	0	0	0	0	0	0	0	0	0	0	0	0	1	0	0	0	0	1	0	0	0	1	0	0	1	0	0	0	0	0	0	0	0	0	0	0	0	0	0	0	0	0	0	0	0	0	1	0	0	0	0	0	0	0	0	0	0	0	0	0	0	1	0	0	0	1	1	0	0	0	1	1	0	0	1	0	0	1	1	0	1	0	0	0	1	0	0	0	1	0	0	0	0	0	0	0	0	1
2|Environment|Sediment and waste|GCA_053243555.1_genomic.fna.gz	0	0	0	0	0	0	0	1	1	1	1	0	1	1	0	0	0	0	1	0	1	0	1	0	1	1	0	0	0	0	0	0	1	1	1	1	0	0	1	1	1	0	0	1	1	0	0	1	1	0	0	0	0	0	0	0	0	0	0	0	0	0	0	0	1	0	1	1	0	1	1	0	0	1	1	0	0	1	0	0	0	0	0	1	0	0	0	0	0	0	0	0	0	0	0	0	0	0	0	0
8|Environment|Sediment and waste|GCA_053243575.1_genomic.fna.gz	0	0	0	0	0	0	0	0	0	0	0	0	0	0	0	0	0	0	0	0	0	0	0	0	0	0	0	0	0	0	0	1	1	1	0	1	0	0	1	0	1	1	1	0	0	1	1	0	0	0	0	0	0	0	0	0	1	0	0	0	0	1	0	0	0	1	1	0	0	0	0	0	0	0	0	1	0	1	0	0	1	0	0	0	1	0	0	0	0	0	1	0	0	0	0	0	0	0	0	0
14|Environment|Sediment and waste|GCA_053243595.1_genomic.fna.gz	0	0	0	0	0	0	0	0	0	0	0	0	0	0	1	0	0	0	0	1	0	0	0	1	0	1	1	0	0	0	0	0	0	0	0	0	0	1	0	0	0	0	0	0	0	0	0	0	1	0	0	0	0	0	0	0	0	0	0	0	0	0	0	1	1	0	0	0	0	0	0	0	1	1	0	0	1	0	0	1	0	0	1	0	0	0	0	0	0	0	0	0	1	1	0	0	0	0	0	0
2|Environment|Sediment and waste|GCA_053243675.1_genomic.fna.gz	0	0	0	0	0	0	0	1	1	1	1	0	1	1	0	0	0	0	1	0	1	0	1	0	1	1	0	0	0	0	0	0	1	1	1	1	0	0	1	1	1	0	0	1	1	0	0	1	1	0	0	0	0	0	0	0	0	0	0	0	0	0	0	0	1	0	1	1	0	1	1	0	0	1	1	0	0	1	0	0	0	0	0	1	0	0	0	0	0	0	0	0	0	0	0	0	0	0	0	0
2|Environment|Sediment and waste|GCA_053243715.1_genomic.fna.gz	0	0	0	0	0	0	0	1	1	1	1	0	1	1	0	0	0	0	1	0	1	0	1	0	1	1	0	0	0	0	0	0	1	1	1	1	0	0	1	1	1	0	0	1	1	0	0	1	1	0	0	0	0	0	0	0	0	0	0	0	0	0	0	0	1	0	1	1	0	1	1	0	0	1	1	0	0	1	0	0	0	0	0	1	0	0	0	0	0	0	0	0	0	0	0	0	0	0	0	0
2|Environment|Sediment and waste|GCA_053243755.1_genomic.fna.gz	0	0	0	0	0	0	0	1	1	1	1	0	1	1	0	0	0	0	1	0	1	0	1	0	1	1	0	0	0	0	0	0	1	1	1	1	0	0	1	1	1	0	0	1	1	0	0	1	1	0	0	0	0	0	0	0	0	0	0	0	0	0	0	0	1	0	1	1	0	1	1	0	0	1	1	0	0	1	0	0	0	0	0	1	0	0	0	0	0	0	0	0	0	0	0	0	0	0	0	0
2|Environment|Sediment and waste|GCA_053243775.1_genomic.fna.gz	0	0	0	0	0	0	0	1	1	1	1	0	1	1	0	0	0	0	1	0	1	0	1	0	1	1	0	0	0	0	0	0	1	1	1	1	0	0	1	1	1	0	0	1	1	0	0	1	1	0	0	0	0	0	0	0	0	0	0	0	0	0	0	0	1	0	1	1	0	1	1	0	0	1	1	0	0	1	0	0	0	0	0	1	0	0	0	0	0	0	0	0	0	0	0	0	0	0	0	0
8|Environment|Sediment and waste|GCA_053243815.1_genomic.fna.gz	0	0	0	0	0	0	0	0	0	0	0	0	0	0	0	0	0	0	0	0	0	0	0	0	0	0	0	0	0	0	0	1	1	1	0	1	0	0	1	0	1	1	1	0	0	1	1	0	0	0	0	0	0	0	0	0	1	0	0	0	0	1	0	0	0	1	1	0	0	0	0	0	0	0	0	1	0	1	0	0	1	0	0	0	1	0	0	0	0	0	1	0	0	0	0	0	0	0	0	0
2|Environment|Sediment and waste|GCA_053243855.1_genomic.fna.gz	0	0	0	0	0	0	0	1	1	1	1	0	1	1	0	0	0	0	1	0	1	0	1	0	1	1	0	0	0	0	0	0	1	1	1	1	0	0	1	1	1	0	0	1	1	0	0	1	1	0	0	0	0	0	0	0	0	0	0	0	0	0	0	0	1	0	1	1	0	1	1	0	0	1	1	0	0	1	0	0	0	0	0	1	0	0	0	0	0	0	0	0	0	0	0	0	0	0	0	0
2|Environment|Sediment and waste|GCA_053243935.1_genomic.fna.gz	0	0	0	0	0	0	0	1	1	1	1	0	1	1	0	0	0	0	1	0	1	0	1	0	1	1	0	0	0	0	0	0	1	1	1	1	0	0	1	1	1	0	0	1	1	0	0	1	1	0	0	0	0	0	0	0	0	0	0	0	0	0	0	0	1	0	1	1	0	1	1	0	0	1	1	0	0	1	0	0	0	0	0	1	0	0	0	0	0	0	0	0	0	0	0	0	0	0	0	0
9|Environment|Sediment and waste|GCA_053244095.1_genomic.fna.gz	0	0	0	0	0	0	0	0	0	0	0	0	0	0	0	0	0	0	0	0	0	0	0	0	0	0	0	0	0	0	0	1	1	1	0	1	0	0	1	0	1	1	1	0	0	1	1	0	0	0	0	0	0	0	0	0	1	0	0	0	0	1	0	0	0	1	1	0	0	0	0	0	0	0	0	1	0	1	0	0	1	0	0	0	1	0	0	0	0	0	1	0	0	0	0	0	1	0	0	0
9|Environment|Sediment and waste|GCA_053244115.1_genomic.fna.gz	0	0	0	0	0	0	0	0	0	0	0	0	0	0	0	0	0	0	0	0	0	0	0	0	0	0	0	0	0	0	0	1	1	1	0	1	0	0	1	0	1	1	1	0	0	1	1	0	0	0	0	0	0	0	0	0	1	0	0	0	0	1	0	0	0	1	1	0	0	0	0	0	0	0	0	1	0	1	0	0	1	0	0	0	1	0	0	0	0	0	1	0	0	0	0	0	1	0	0	0
8|Environment|Sediment and waste|GCA_053244255.1_genomic.fna.gz	0	0	0	0	0	0	0	0	0	0	0	0	0	0	0	0	0	0	0	0	0	0	0	0	0	0	0	0	0	0	0	1	1	1	0	1	0	0	1	0	1	1	1	0	0	1	1	0	0	0	0	0	0	0	0	0	1	0	0	0	0	1	0	0	0	1	1	0	0	0	0	0	0	0	0	1	0	1	0	0	1	0	0	0	1	0	0	0	0	0	1	0	0	0	0	0	0	0	0	0
2|Environment|Sediment and waste|GCA_053244275.1_genomic.fna.gz	0	0	0	0	0	0	0	1	1	1	1	0	1	1	0	0	0	0	1	0	1	0	1	0	1	1	0	0	0	0	0	0	1	1	1	1	0	0	1	1	1	0	0	1	1	0	0	1	1	0	0	0	0	0	0	0	0	0	0	0	0	0	0	0	1	0	1	1	0	1	1	0	0	1	1	0	0	1	0	0	0	0	0	1	0	0	0	0	0	0	0	0	0	0	0	0	0	0	0	0
9|Environment|Sediment and waste|GCA_053244295.1_genomic.fna.gz	0	0	0	0	0	0	0	0	0	0	0	0	0	0	0	0	0	0	0	0	0	0	0	0	0	0	0	0	0	0	0	1	1	1	0	1	0	0	1	0	1	1	1	0	0	1	1	0	0	0	0	0	0	0	0	0	1	0	0	0	0	1	0	0	0	1	1	0	0	0	0	0	0	0	0	1	0	1	0	0	1	0	0	0	1	0	0	0	0	0	1	0	0	0	0	0	1	0	0	0
2|Environment|Sediment and waste|GCA_053244335.1_genomic.fna.gz	0	0	0	0	0	0	0	1	1	1	1	0	1	1	0	0	0	0	1	0	1	0	1	0	1	1	0	0	0	0	0	0	1	1	1	1	0	0	1	1	1	0	0	1	1	0	0	1	1	0	0	0	0	0	0	0	0	0	0	0	0	0	0	0	1	0	1	1	0	1	1	0	0	1	1	0	0	1	0	0	0	0	0	1	0	0	0	0	0	0	0	0	0	0	0	0	0	0	0	0
8|Environment|Sediment and waste|GCA_053244355.1_genomic.fna.gz	0	0	0	0	0	0	0	0	0	0	0	0	0	0	0	0	0	0	0	0	0	0	0	0	0	0	0	0	0	0	0	1	1	1	0	1	0	0	1	0	1	1	1	0	0	1	1	0	0	0	0	0	0	0	0	0	1	0	0	0	0	1	0	0	0	1	1	0	0	0	0	0	0	0	0	1	0	1	0	0	1	0	0	0	1	0	0	0	0	0	1	0	0	0	0	0	0	0	0	0
2|Environment|Sediment and waste|GCA_053244375.1_genomic.fna.gz	0	0	0	0	0	0	0	1	1	1	1	0	1	1	0	0	0	0	1	0	1	0	1	0	1	1	0	0	0	0	0	0	1	1	1	1	0	0	1	1	1	0	0	1	1	0	0	1	1	0	0	0	0	0	0	0	0	0	0	0	0	0	0	0	1	0	1	1	0	1	1	0	0	1	1	0	0	1	0	0	0	0	0	1	0	0	0	0	0	0	0	0	0	0	0	0	0	0	0	0
2|Environment|Sediment and waste|GCA_053244395.1_genomic.fna.gz	0	0	0	0	0	0	0	1	1	1	1	0	1	1	0	0	0	0	1	0	1	0	1	0	1	1	0	0	0	0	0	0	1	1	1	1	0	0	1	1	1	0	0	1	1	0	0	1	1	0	0	0	0	0	0	0	0	0	0	0	0	0	0	0	1	0	1	1	0	1	1	0	0	1	1	0	0	1	0	0	0	0	0	1	0	0	0	0	0	0	0	0	0	0	0	0	0	0	0	0
2|Environment|Sediment and waste|GCA_053244415.1_genomic.fna.gz	0	0	0	0	0	0	0	1	1	1	1	0	1	1	0	0	0	0	1	0	1	0	1	0	1	1	0	0	0	0	0	0	1	1	1	1	0	0	1	1	1	0	0	1	1	0	0	1	1	0	0	0	0	0	0	0	0	0	0	0	0	0	0	0	1	0	1	1	0	1	1	0	0	1	1	0	0	1	0	0	0	0	0	1	0	0	0	0	0	0	0	0	0	0	0	0	0	0	0	0
8|Environment|Sediment and waste|GCA_053244495.1_genomic.fna.gz	0	0	0	0	0	0	0	0	0	0	0	0	0	0	0	0	0	0	0	0	0	0	0	0	0	0	0	0	0	0	0	1	1	1	0	1	0	0	1	0	1	1	1	0	0	1	1	0	0	0	0	0	0	0	0	0	1	0	0	0	0	1	0	0	0	1	1	0	0	0	0	0	0	0	0	1	0	1	0	0	1	0	0	0	1	0	0	0	0	0	1	0	0	0	0	0	0	0	0	0
8|Environment|Sediment and waste|GCA_053244515.1_genomic.fna.gz	0	0	0	0	0	0	0	0	0	0	0	0	0	0	0	0	0	0	0	0	0	0	0	0	0	0	0	0	0	0	0	1	1	1	0	1	0	0	1	0	1	1	1	0	0	1	1	0	0	0	0	0	0	0	0	0	1	0	0	0	0	1	0	0	0	1	1	0	0	0	0	0	0	0	0	1	0	1	0	0	1	0	0	0	1	0	0	0	0	0	1	0	0	0	0	0	0	0	0	0
8|Environment|Sediment and waste|GCA_053244535.1_genomic.fna.gz	0	0	0	0	0	0	0	0	0	0	0	0	0	0	0	0	0	0	0	0	0	0	0	0	0	0	0	0	0	0	0	1	1	1	0	1	0	0	1	0	1	1	1	0	0	1	1	0	0	0	0	0	0	0	0	0	1	0	0	0	0	1	0	0	0	1	1	0	0	0	0	0	0	0	0	1	0	1	0	0	1	0	0	0	1	0	0	0	0	0	1	0	0	0	0	0	0	0	0	0
2|Environment|Sediment and waste|GCA_053244655.1_genomic.fna.gz	0	0	0	0	0	0	0	1	1	1	1	0	1	1	0	0	0	0	1	0	1	0	1	0	1	1	0	0	0	0	0	0	1	1	1	1	0	0	1	1	1	0	0	1	1	0	0	1	1	0	0	0	0	0	0	0	0	0	0	0	0	0	0	0	1	0	1	1	0	1	1	0	0	1	1	0	0	1	0	0	0	0	0	1	0	0	0	0	0	0	0	0	0	0	0	0	0	0	0	0
9|Environment|Sediment and waste|GCA_053244675.1_genomic.fna.gz	0	0	0	0	0	0	0	0	0	0	0	0	0	0	0	0	0	0	0	0	0	0	0	0	0	0	0	0	0	0	0	1	1	1	0	1	0	0	1	0	1	1	1	0	0	1	1	0	0	0	0	0	0	0	0	0	1	0	0	0	0	1	0	0	0	1	1	0	0	0	0	0	0	0	0	1	0	1	0	0	1	0	0	0	1	0	0	0	0	0	1	0	0	0	0	0	1	0	0	0
8|Environment|Sediment and waste|GCA_053244695.1_genomic.fna.gz	0	0	0	0	0	0	0	0	0	0	0	0	0	0	0	0	0	0	0	0	0	0	0	0	0	0	0	0	0	0	0	1	1	1	0	1	0	0	1	0	1	1	1	0	0	1	1	0	0	0	0	0	0	0	0	0	1	0	0	0	0	1	0	0	0	1	1	0	0	0	0	0	0	0	0	1	0	1	0	0	1	0	0	0	1	0	0	0	0	0	1	0	0	0	0	0	0	0	0	0
8|Environment|Sediment and waste|GCA_053244715.1_genomic.fna.gz	0	0	0	0	0	0	0	0	0	0	0	0	0	0	0	0	0	0	0	0	0	0	0	0	0	0	0	0	0	0	0	1	1	1	0	1	0	0	1	0	1	1	1	0	0	1	1	0	0	0	0	0	0	0	0	0	1	0	0	0	0	1	0	0	0	1	1	0	0	0	0	0	0	0	0	1	0	1	0	0	1	0	0	0	1	0	0	0	0	0	1	0	0	0	0	0	0	0	0	0
8|Environment|Sediment and waste|GCA_053244735.1_genomic.fna.gz	0	0	0	0	0	0	0	0	0	0	0	0	0	0	0	0	0	0	0	0	0	0	0	0	0	0	0	0	0	0	0	1	1	1	0	1	0	0	1	0	1	1	1	0	0	1	1	0	0	0	0	0	0	0	0	0	1	0	0	0	0	1	0	0	0	1	1	0	0	0	0	0	0	0	0	1	0	1	0	0	1	0	0	0	1	0	0	0	0	0	1	0	0	0	0	0	0	0	0	0
8|Environment|Sediment and waste|GCA_053244755.1_genomic.fna.gz	0	0	0	0	0	0	0	0	0	0	0	0	0	0	0	0	0	0	0	0	0	0	0	0	0	0	0	0	0	0	0	1	1	1	0	1	0	0	1	0	1	1	1	0	0	1	1	0	0	0	0	0	0	0	0	0	1	0	0	0	0	1	0	0	0	1	1	0	0	0	0	0	0	0	0	1	0	1	0	0	1	0	0	0	1	0	0	0	0	0	1	0	0	0	0	0	0	0	0	0
8|Environment|Sediment and waste|GCA_053244775.1_genomic.fna.gz	0	0	0	0	0	0	0	0	0	0	0	0	0	0	0	0	0	0	0	0	0	0	0	0	0	0	0	0	0	0	0	1	1	1	0	1	0	0	1	0	1	1	1	0	0	1	1	0	0	0	0	0	0	0	0	0	1	0	0	0	0	1	0	0	0	1	1	0	0	0	0	0	0	0	0	1	0	1	0	0	1	0	0	0	1	0	0	0	0	0	1	0	0	0	0	0	0	0	0	0
9|Environment|Sediment and waste|GCA_053244835.1_genomic.fna.gz	0	0	0	0	0	0	0	0	0	0	0	0	0	0	0	0	0	0	0	0	0	0	0	0	0	0	0	0	0	0	0	1	1	1	0	1	0	0	1	0	1	1	1	0	0	1	1	0	0	0	0	0	0	0	0	0	1	0	0	0	0	1	0	0	0	1	1	0	0	0	0	0	0	0	0	1	0	1	0	0	1	0	0	0	1	0	0	0	0	0	1	0	0	0	0	0	1	0	0	0
2|Environment|Sediment and waste|GCA_053244855.1_genomic.fna.gz	0	0	0	0	0	0	0	1	1	1	1	0	1	1	0	0	0	0	1	0	1	0	1	0	1	1	0	0	0	0	0	0	1	1	1	1	0	0	1	1	1	0	0	1	1	0	0	1	1	0	0	0	0	0	0	0	0	0	0	0	0	0	0	0	1	0	1	1	0	1	1	0	0	1	1	0	0	1	0	0	0	0	0	1	0	0	0	0	0	0	0	0	0	0	0	0	0	0	0	0
2|Environment|Sediment and waste|GCA_053244875.1_genomic.fna.gz	0	0	0	0	0	0	0	1	1	1	1	0	1	1	0	0	0	0	1	0	1	0	1	0	1	1	0	0	0	0	0	0	1	1	1	1	0	0	1	1	1	0	0	1	1	0	0	1	1	0	0	0	0	0	0	0	0	0	0	0	0	0	0	0	1	0	1	1	0	1	1	0	0	1	1	0	0	1	0	0	0	0	0	1	0	0	0	0	0	0	0	0	0	0	0	0	0	0	0	0
10|Environment|Sediment and waste|GCA_053244915.1_genomic.fna.gz	1	1	0	1	0	0	0	0	0	0	0	1	0	0	0	0	1	1	0	1	0	0	0	1	0	0	1	1	0	1	0	0	0	0	0	0	0	0	0	0	0	0	0	0	0	1	0	0	0	0	0	0	0	0	0	1	0	1	0	0	0	0	1	0	1	0	0	1	1	0	0	0	0	0	0	0	0	0	0	1	0	0	1	0	1	0	0	0	0	0	1	1	0	0	0	0	0	1	0	0
1|Environment|Sediment and waste|GCA_053245015.1_genomic.fna.gz	0	0	0	0	0	0	0	1	1	1	1	0	1	1	0	0	0	0	1	0	1	0	1	0	1	1	0	0	0	0	0	0	1	1	1	1	0	0	1	1	1	0	0	1	1	0	0	1	1	0	0	0	0	0	0	0	0	0	0	0	0	0	0	0	1	0	1	1	0	1	1	0	0	1	1	0	0	1	0	0	0	0	0	0	0	0	0	0	0	0	0	0	0	0	0	0	0	0	0	0
10|Environment|Sediment and waste|GCA_053245035.1_genomic.fna.gz	1	1	0	1	0	0	0	0	0	0	0	1	0	0	0	0	1	1	0	1	0	0	0	1	0	0	1	1	0	1	0	0	0	0	0	0	0	0	0	0	0	0	0	0	0	1	0	0	0	0	0	0	0	0	0	1	0	1	0	0	0	0	1	0	1	0	0	1	1	0	0	0	0	0	0	0	0	0	0	1	0	0	1	0	1	0	0	0	0	0	1	1	0	0	0	0	0	1	0	0
2|Environment|Sediment and waste|GCA_053245115.1_genomic.fna.gz	0	0	0	0	0	0	0	1	1	1	1	0	1	1	0	0	0	0	1	0	1	0	1	0	1	1	0	0	0	0	0	0	1	1	1	1	0	0	1	1	1	0	0	1	1	0	0	1	1	0	0	0	0	0	0	0	0	0	0	0	0	0	0	0	1	0	1	1	0	1	1	0	0	1	1	0	0	1	0	0	0	0	0	1	0	0	0	0	0	0	0	0	0	0	0	0	0	0	0	0
9|Environment|Sediment and waste|GCA_053245155.1_genomic.fna.gz	0	0	0	0	0	0	0	0	0	0	0	0	0	0	0	0	0	0	0	0	0	0	0	0	0	0	0	0	0	0	0	1	1	1	0	1	0	0	1	0	1	1	1	0	0	1	1	0	0	0	0	0	0	0	0	0	1	0	0	0	0	1	0	0	0	1	1	0	0	0	0	0	0	0	0	1	0	1	0	0	1	0	0	0	1	0	0	0	0	0	1	0	0	0	0	0	1	0	0	0
4|Environment|Sediment and waste|GCA_053245175.1_genomic.fna.gz	0	0	0	0	0	0	0	0	0	0	0	0	0	0	0	0	0	0	0	0	0	0	0	0	0	0	0	0	0	0	0	0	1	1	0	0	0	0	1	1	0	1	1	0	1	1	0	0	0	0	0	0	0	0	0	0	1	0	0	0	1	0	0	0	0	0	0	1	0	1	0	0	0	0	0	0	0	0	0	0	0	0	1	0	0	0	0	0	0	0	0	0	0	0	1	0	0	0	1	0
4|Environment|Sediment and waste|GCA_053245195.1_genomic.fna.gz	0	0	0	0	0	0	0	0	0	0	0	0	0	0	0	0	0	0	0	0	0	0	0	0	0	0	0	0	0	0	0	0	1	1	0	0	0	0	1	1	0	1	1	0	1	1	0	0	0	0	0	0	0	0	0	0	1	0	0	0	1	0	0	0	0	0	0	1	0	1	0	0	0	0	0	0	0	0	0	0	0	0	1	0	0	0	0	0	0	0	0	0	0	0	1	0	0	0	1	0
2|Environment|Sediment and waste|GCA_053245275.1_genomic.fna.gz	0	0	0	0	0	0	0	1	1	1	1	0	1	1	0	0	0	0	1	0	1	0	1	0	1	1	0	0	0	0	0	0	1	1	1	1	0	0	1	1	1	0	0	1	1	0	0	1	1	0	0	0	0	0	0	0	0	0	0	0	0	0	0	0	1	0	1	1	0	1	1	0	0	1	1	0	0	1	0	0	0	0	0	1	0	0	0	0	0	0	0	0	0	0	0	0	0	0	0	0
14|Environment|Sediment and waste|GCA_053245355.1_genomic.fna.gz	0	0	0	0	0	0	0	0	0	0	0	0	0	0	1	0	0	0	0	1	0	0	0	1	0	1	1	0	0	0	0	0	0	0	0	0	0	1	0	0	0	0	0	0	0	0	0	0	1	0	0	0	0	0	0	0	0	0	0	0	0	0	0	1	1	0	0	0	0	0	0	0	1	1	0	0	1	0	0	1	0	0	1	0	0	0	0	0	0	0	0	0	1	1	0	0	0	0	0	0
4|Environment|Sediment and waste|GCA_053245455.1_genomic.fna.gz	0	0	0	0	0	0	0	0	0	0	0	0	0	0	0	0	0	0	0	0	0	0	0	0	0	0	0	0	0	0	0	0	1	1	0	0	0	0	1	1	0	1	1	0	1	1	0	0	0	0	0	0	0	0	0	0	1	0	0	0	1	0	0	0	0	0	0	1	0	1	0	0	0	0	0	0	0	0	0	0	0	0	1	0	0	0	0	0	0	0	0	0	0	0	1	0	0	0	1	0
8|Environment|Sediment and waste|GCA_053245475.1_genomic.fna.gz	0	0	0	0	0	0	0	0	0	0	0	0	0	0	0	0	0	0	0	0	0	0	0	0	0	0	0	0	0	0	0	1	1	1	0	1	0	0	1	0	1	1	1	0	0	1	1	0	0	0	0	0	0	0	0	0	1	0	0	0	0	1	0	0	0	1	1	0	0	0	0	0	0	0	0	1	0	1	0	0	1	0	0	0	1	0	0	0	0	0	1	0	0	0	0	0	0	0	0	0
8|Environment|Sediment and waste|GCA_053245515.1_genomic.fna.gz	0	0	0	0	0	0	0	0	0	0	0	0	0	0	0	0	0	0	0	0	0	0	0	0	0	0	0	0	0	0	0	1	1	1	0	1	0	0	1	0	1	1	1	0	0	1	1	0	0	0	0	0	0	0	0	0	1	0	0	0	0	1	0	0	0	1	1	0	0	0	0	0	0	0	0	1	0	1	0	0	1	0	0	0	1	0	0	0	0	0	1	0	0	0	0	0	0	0	0	0
8|Environment|Sediment and waste|GCA_053245535.1_genomic.fna.gz	0	0	0	0	0	0	0	0	0	0	0	0	0	0	0	0	0	0	0	0	0	0	0	0	0	0	0	0	0	0	0	1	1	1	0	1	0	0	1	0	1	1	1	0	0	1	1	0	0	0	0	0	0	0	0	0	1	0	0	0	0	1	0	0	0	1	1	0	0	0	0	0	0	0	0	1	0	1	0	0	1	0	0	0	1	0	0	0	0	0	1	0	0	0	0	0	0	0	0	0
4|Environment|Sediment and waste|GCA_053245545.1_genomic.fna.gz	0	0	0	0	0	0	0	0	0	0	0	0	0	0	0	0	0	0	0	0	0	0	0	0	0	0	0	0	0	0	0	0	1	1	0	0	0	0	1	1	0	1	1	0	1	1	0	0	0	0	0	0	0	0	0	0	1	0	0	0	1	0	0	0	0	0	0	1	0	1	0	0	0	0	0	0	0	0	0	0	0	0	1	0	0	0	0	0	0	0	0	0	0	0	1	0	0	0	1	0
8|Environment|Sediment and waste|GCA_053245575.1_genomic.fna.gz	0	0	0	0	0	0	0	0	0	0	0	0	0	0	0	0	0	0	0	0	0	0	0	0	0	0	0	0	0	0	0	1	1	1	0	1	0	0	1	0	1	1	1	0	0	1	1	0	0	0	0	0	0	0	0	0	1	0	0	0	0	1	0	0	0	1	1	0	0	0	0	0	0	0	0	1	0	1	0	0	1	0	0	0	1	0	0	0	0	0	1	0	0	0	0	0	0	0	0	0
8|Environment|Sediment and waste|GCA_053245595.1_genomic.fna.gz	0	0	0	0	0	0	0	0	0	0	0	0	0	0	0	0	0	0	0	0	0	0	0	0	0	0	0	0	0	0	0	1	1	1	0	1	0	0	1	0	1	1	1	0	0	1	1	0	0	0	0	0	0	0	0	0	1	0	0	0	0	1	0	0	0	1	1	0	0	0	0	0	0	0	0	1	0	1	0	0	1	0	0	0	1	0	0	0	0	0	1	0	0	0	0	0	0	0	0	0
8|Environment|Sediment and waste|GCA_053245615.1_genomic.fna.gz	0	0	0	0	0	0	0	0	0	0	0	0	0	0	0	0	0	0	0	0	0	0	0	0	0	0	0	0	0	0	0	1	1	1	0	1	0	0	1	0	1	1	1	0	0	1	1	0	0	0	0	0	0	0	0	0	1	0	0	0	0	1	0	0	0	1	1	0	0	0	0	0	0	0	0	1	0	1	0	0	1	0	0	0	1	0	0	0	0	0	1	0	0	0	0	0	0	0	0	0
8|Environment|Sediment and waste|GCA_053245695.1_genomic.fna.gz	0	0	0	0	0	0	0	0	0	0	0	0	0	0	0	0	0	0	0	0	0	0	0	0	0	0	0	0	0	0	0	1	1	1	0	1	0	0	1	0	1	1	1	0	0	1	1	0	0	0	0	0	0	0	0	0	1	0	0	0	0	1	0	0	0	1	1	0	0	0	0	0	0	0	0	1	0	1	0	0	1	0	0	0	1	0	0	0	0	0	1	0	0	0	0	0	0	0	0	0
8|Environment|Sediment and waste|GCA_053245705.1_genomic.fna.gz	0	0	0	0	0	0	0	0	0	0	0	0	0	0	0	0	0	0	0	0	0	0	0	0	0	0	0	0	0	0	0	1	1	1	0	1	0	0	1	0	1	1	1	0	0	1	1	0	0	0	0	0	0	0	0	0	1	0	0	0	0	1	0	0	0	1	1	0	0	0	0	0	0	0	0	1	0	1	0	0	1	0	0	0	1	0	0	0	0	0	1	0	0	0	0	0	0	0	0	0
8|Environment|Sediment and waste|GCA_053245735.1_genomic.fna.gz	0	0	0	0	0	0	0	0	0	0	0	0	0	0	0	0	0	0	0	0	0	0	0	0	0	0	0	0	0	0	0	1	1	1	0	1	0	0	1	0	1	1	1	0	0	1	1	0	0	0	0	0	0	0	0	0	1	0	0	0	0	1	0	0	0	1	1	0	0	0	0	0	0	0	0	1	0	1	0	0	1	0	0	0	1	0	0	0	0	0	1	0	0	0	0	0	0	0	0	0
2|Environment|Sediment and waste|GCA_053245855.1_genomic.fna.gz	0	0	0	0	0	0	0	1	1	1	1	0	1	1	0	0	0	0	1	0	1	0	1	0	1	1	0	0	0	0	0	0	1	1	1	1	0	0	1	1	1	0	0	1	1	0	0	1	1	0	0	0	0	0	0	0	0	0	0	0	0	0	0	0	1	0	1	1	0	1	1	0	0	1	1	0	0	1	0	0	0	0	0	1	0	0	0	0	0	0	0	0	0	0	0	0	0	0	0	0
2|Environment|Sediment and waste|GCA_053245875.1_genomic.fna.gz	0	0	0	0	0	0	0	1	1	1	1	0	1	1	0	0	0	0	1	0	1	0	1	0	1	1	0	0	0	0	0	0	1	1	1	1	0	0	1	1	1	0	0	1	1	0	0	1	1	0	0	0	0	0	0	0	0	0	0	0	0	0	0	0	1	0	1	1	0	1	1	0	0	1	1	0	0	1	0	0	0	0	0	1	0	0	0	0	0	0	0	0	0	0	0	0	0	0	0	0
2|Environment|Sediment and waste|GCA_053245915.1_genomic.fna.gz	0	0	0	0	0	0	0	1	1	1	1	0	1	1	0	0	0	0	1	0	1	0	1	0	1	1	0	0	0	0	0	0	1	1	1	1	0	0	1	1	1	0	0	1	1	0	0	1	1	0	0	0	0	0	0	0	0	0	0	0	0	0	0	0	1	0	1	1	0	1	1	0	0	1	1	0	0	1	0	0	0	0	0	1	0	0	0	0	0	0	0	0	0	0	0	0	0	0	0	0
2|Environment|Sediment and waste|GCA_053245975.1_genomic.fna.gz	0	0	0	0	0	0	0	1	1	1	1	0	1	1	0	0	0	0	1	0	1	0	1	0	1	1	0	0	0	0	0	0	1	1	1	1	0	0	1	1	1	0	0	1	1	0	0	1	1	0	0	0	0	0	0	0	0	0	0	0	0	0	0	0	1	0	1	1	0	1	1	0	0	1	1	0	0	1	0	0	0	0	0	1	0	0	0	0	0	0	0	0	0	0	0	0	0	0	0	0
2|Environment|Sediment and waste|GCA_053246055.1_genomic.fna.gz	0	0	0	0	0	0	0	1	1	1	1	0	1	1	0	0	0	0	1	0	1	0	1	0	1	1	0	0	0	0	0	0	1	1	1	1	0	0	1	1	1	0	0	1	1	0	0	1	1	0	0	0	0	0	0	0	0	0	0	0	0	0	0	0	1	0	1	1	0	1	1	0	0	1	1	0	0	1	0	0	0	0	0	1	0	0	0	0	0	0	0	0	0	0	0	0	0	0	0	0
2|Environment|Sediment and waste|GCA_053246075.1_genomic.fna.gz	0	0	0	0	0	0	0	1	1	1	1	0	1	1	0	0	0	0	1	0	1	0	1	0	1	1	0	0	0	0	0	0	1	1	1	1	0	0	1	1	1	0	0	1	1	0	0	1	1	0	0	0	0	0	0	0	0	0	0	0	0	0	0	0	1	0	1	1	0	1	1	0	0	1	1	0	0	1	0	0	0	0	0	1	0	0	0	0	0	0	0	0	0	0	0	0	0	0	0	0
2|Environment|Sediment and waste|GCA_053246095.1_genomic.fna.gz	0	0	0	0	0	0	0	1	1	1	1	0	1	1	0	0	0	0	1	0	1	0	1	0	1	1	0	0	0	0	0	0	1	1	1	1	0	0	1	1	1	0	0	1	1	0	0	1	1	0	0	0	0	0	0	0	0	0	0	0	0	0	0	0	1	0	1	1	0	1	1	0	0	1	1	0	0	1	0	0	0	0	0	1	0	0	0	0	0	0	0	0	0	0	0	0	0	0	0	0
8|Environment|Sediment and waste|GCA_053246115.1_genomic.fna.gz	0	0	0	0	0	0	0	0	0	0	0	0	0	0	0	0	0	0	0	0	0	0	0	0	0	0	0	0	0	0	0	1	1	1	0	1	0	0	1	0	1	1	1	0	0	1	1	0	0	0	0	0	0	0	0	0	1	0	0	0	0	1	0	0	0	1	1	0	0	0	0	0	0	0	0	1	0	1	0	0	1	0	0	0	1	0	0	0	0	0	1	0	0	0	0	0	0	0	0	0
8|Environment|Sediment and waste|GCA_053246135.1_genomic.fna.gz	0	0	0	0	0	0	0	0	0	0	0	0	0	0	0	0	0	0	0	0	0	0	0	0	0	0	0	0	0	0	0	1	1	1	0	1	0	0	1	0	1	1	1	0	0	1	1	0	0	0	0	0	0	0	0	0	1	0	0	0	0	1	0	0	0	1	1	0	0	0	0	0	0	0	0	1	0	1	0	0	1	0	0	0	1	0	0	0	0	0	1	0	0	0	0	0	0	0	0	0
9|Environment|Sediment and waste|GCA_053246155.1_genomic.fna.gz	0	0	0	0	0	0	0	0	0	0	0	0	0	0	0	0	0	0	0	0	0	0	0	0	0	0	0	0	0	0	0	1	1	1	0	1	0	0	1	0	1	1	1	0	0	1	1	0	0	0	0	0	0	0	0	0	1	0	0	0	0	1	0	0	0	1	1	0	0	0	0	0	0	0	0	1	0	1	0	0	1	0	0	0	1	0	0	0	0	0	1	0	0	0	0	0	1	0	0	0
14|Environment|Sediment and waste|GCA_053246215.1_genomic.fna.gz	0	0	0	0	0	0	0	0	0	0	0	0	0	0	1	0	0	0	0	1	0	0	0	1	0	0	1	0	0	0	0	0	0	0	0	0	0	1	0	0	0	0	0	0	0	0	0	1	1	0	0	0	0	0	0	0	0	0	0	0	0	0	0	1	1	0	0	1	0	0	0	0	1	1	0	0	1	0	0	1	1	0	1	0	0	0	0	0	0	0	0	1	1	1	0	0	0	0	0	0
2|Environment|Sediment and waste|GCA_053246275.1_genomic.fna.gz	0	0	0	0	0	0	0	1	1	1	1	0	1	1	0	0	0	0	1	0	1	0	1	0	1	1	0	0	0	0	0	0	1	1	1	1	0	0	1	1	1	0	0	1	1	0	0	1	1	0	0	0	0	0	0	0	0	0	0	0	0	0	0	0	1	0	1	1	0	1	1	0	0	1	1	0	0	1	0	0	0	0	0	1	0	0	0	0	0	0	0	0	0	0	0	0	0	0	0	0
8|Environment|Sediment and waste|GCA_053246315.1_genomic.fna.gz	0	0	0	0	0	0	0	0	0	0	0	0	0	0	0	0	0	0	0	0	0	0	0	0	0	0	0	0	0	0	0	1	1	1	0	1	0	0	1	0	1	1	1	0	0	1	1	0	0	0	0	0	0	0	0	0	1	0	0	0	0	1	0	0	0	1	1	0	0	0	0	0	0	0	0	1	0	1	0	0	1	0	0	0	1	0	0	0	0	0	1	0	0	0	0	0	0	0	0	0
8|Environment|Sediment and waste|GCA_053246355.1_genomic.fna.gz	0	0	0	0	0	0	0	0	0	0	0	0	0	0	0	0	0	0	0	0	0	0	0	0	0	0	0	0	0	0	0	1	1	1	0	1	0	0	1	0	1	1	1	0	0	1	1	0	0	0	0	0	0	0	0	0	1	0	0	0	0	1	0	0	0	1	1	0	0	0	0	0	0	0	0	1	0	1	0	0	1	0	0	0	1	0	0	0	0	0	1	0	0	0	0	0	0	0	0	0
9|Environment|Sediment and waste|GCA_053246395.1_genomic.fna.gz	0	0	0	0	0	0	0	0	0	0	0	0	0	0	0	0	0	0	0	0	0	0	0	0	0	0	0	0	0	0	0	1	1	1	0	1	0	0	1	0	1	1	1	0	0	1	1	0	0	0	0	0	0	0	0	0	1	0	0	0	0	1	0	0	0	1	1	0	0	0	0	0	0	0	0	1	0	1	0	0	1	0	0	0	1	0	0	0	0	0	1	0	0	0	0	0	1	0	0	0
9|Environment|Sediment and waste|GCA_053246415.1_genomic.fna.gz	0	0	0	0	0	0	0	0	0	0	0	0	0	0	0	0	0	0	0	0	0	0	0	0	0	0	0	0	0	0	0	1	1	1	0	1	0	0	1	0	1	1	1	0	0	1	1	0	0	0	0	0	0	0	0	0	1	0	0	0	0	1	0	0	0	1	1	0	0	0	0	0	0	0	0	1	0	1	0	0	1	0	0	0	1	0	0	0	0	0	1	0	0	0	0	0	1	0	0	0
9|Environment|Sediment and waste|GCA_053246435.1_genomic.fna.gz	0	0	0	0	0	0	0	0	0	0	0	0	0	0	0	0	0	0	0	0	0	0	0	0	0	0	0	0	0	0	0	1	1	1	0	1	0	0	1	0	1	1	1	0	0	1	1	0	0	0	0	0	0	0	0	0	1	0	0	0	0	1	0	0	0	1	1	0	0	0	0	0	0	0	0	1	0	1	0	0	1	0	0	0	1	0	0	0	0	0	1	0	0	0	0	0	1	0	0	0
2|Environment|Sediment and waste|GCA_053246455.1_genomic.fna.gz	0	0	0	0	0	0	0	1	1	1	1	0	1	1	0	0	0	0	1	0	1	0	1	0	1	1	0	0	0	0	0	0	1	1	1	1	0	0	1	1	1	0	0	1	1	0	0	1	1	0	0	0	0	0	0	0	0	0	0	0	0	0	0	0	1	0	1	1	0	1	1	0	0	1	1	0	0	1	0	0	0	0	0	1	0	0	0	0	0	0	0	0	0	0	0	0	0	0	0	0
2|Environment|Sediment and waste|GCA_053246475.1_genomic.fna.gz	0	0	0	0	0	0	0	1	1	1	1	0	1	1	0	0	0	0	1	0	1	0	1	0	1	1	0	0	0	0	0	0	1	1	1	1	0	0	1	1	1	0	0	1	1	0	0	1	1	0	0	0	0	0	0	0	0	0	0	0	0	0	0	0	1	0	1	1	0	1	1	0	0	1	1	0	0	1	0	0	0	0	0	1	0	0	0	0	0	0	0	0	0	0	0	0	0	0	0	0
2|Environment|Sediment and waste|GCA_053246495.1_genomic.fna.gz	0	0	0	0	0	0	0	1	1	1	1	0	1	1	0	0	0	0	1	0	1	0	1	0	1	1	0	0	0	0	0	0	1	1	1	1	0	0	1	1	1	0	0	1	1	0	0	1	1	0	0	0	0	0	0	0	0	0	0	0	0	0	0	0	1	0	1	1	0	1	1	0	0	1	1	0	0	1	0	0	0	0	0	1	0	0	0	0	0	0	0	0	0	0	0	0	0	0	0	0
2|Environment|Sediment and waste|GCA_053246595.1_genomic.fna.gz	0	0	0	0	0	0	0	1	1	1	1	0	1	1	0	0	0	0	1	0	1	0	1	0	1	1	0	0	0	0	0	0	1	1	1	1	0	0	1	1	1	0	0	1	1	0	0	1	1	0	0	0	0	0	0	0	0	0	0	0	0	0	0	0	1	0	1	1	0	1	1	0	0	1	1	0	0	1	0	0	0	0	0	1	0	0	0	0	0	0	0	0	0	0	0	0	0	0	0	0
2|Environment|Sediment and waste|GCA_053246615.1_genomic.fna.gz	0	0	0	0	0	0	0	1	1	1	1	0	1	1	0	0	0	0	1	0	1	0	1	0	1	1	0	0	0	0	0	0	1	1	1	1	0	0	1	1	1	0	0	1	1	0	0	1	1	0	0	0	0	0	0	0	0	0	0	0	0	0	0	0	1	0	1	1	0	1	1	0	0	1	1	0	0	1	0	0	0	0	0	1	0	0	0	0	0	0	0	0	0	0	0	0	0	0	0	0
2|Environment|Sediment and waste|GCA_053246655.1_genomic.fna.gz	0	0	0	0	0	0	0	1	1	1	1	0	1	1	0	0	0	0	1	0	1	0	1	0	1	1	0	0	0	0	0	0	1	1	1	1	0	0	1	1	1	0	0	1	1	0	0	1	1	0	0	0	0	0	0	0	0	0	0	0	0	0	0	0	1	0	1	1	0	1	1	0	0	1	1	0	0	1	0	0	0	0	0	1	0	0	0	0	0	0	0	0	0	0	0	0	0	0	0	0
9|Environment|Sediment and waste|GCA_053246695.1_genomic.fna.gz	0	0	0	0	0	0	0	0	0	0	0	0	0	0	0	0	0	0	0	0	0	0	0	0	0	0	0	0	0	0	0	1	1	1	0	1	0	0	1	0	1	1	1	0	0	1	1	0	0	0	0	0	0	0	0	0	1	0	0	0	0	1	0	0	0	1	1	0	0	0	0	0	0	0	0	1	0	1	0	0	1	0	0	0	1	0	0	0	0	0	1	0	0	0	0	0	1	0	0	0
9|Environment|Sediment and waste|GCA_053246735.1_genomic.fna.gz	0	0	0	0	0	0	0	0	0	0	0	0	0	0	0	0	0	0	0	0	0	0	0	0	0	0	0	0	0	0	0	1	1	1	0	1	0	0	1	0	1	1	1	0	0	1	1	0	0	0	0	0	0	0	0	0	1	0	0	0	0	1	0	0	0	1	1	0	0	0	0	0	0	0	0	1	0	1	0	0	1	0	0	0	1	0	0	0	0	0	1	0	0	0	0	0	1	0	0	0
8|Environment|Sediment and waste|GCA_053246775.1_genomic.fna.gz	0	0	0	0	0	0	0	0	0	0	0	0	0	0	0	0	0	0	0	0	0	0	0	0	0	0	0	0	0	0	0	1	1	1	0	1	0	0	1	0	1	1	1	0	0	1	1	0	0	0	0	0	0	0	0	0	1	0	0	0	0	1	0	0	0	1	1	0	0	0	0	0	0	0	0	1	0	1	0	0	1	0	0	0	1	0	0	0	0	0	1	0	0	0	0	0	0	0	0	0
8|Environment|Sediment and waste|GCA_053246795.1_genomic.fna.gz	0	0	0	0	0	0	0	0	0	0	0	0	0	0	0	0	0	0	0	0	0	0	0	0	0	0	0	0	0	0	0	1	1	1	0	1	0	0	1	0	1	1	1	0	0	1	1	0	0	0	0	0	0	0	0	0	1	0	0	0	0	1	0	0	0	1	1	0	0	0	0	0	0	0	0	1	0	1	0	0	1	0	0	0	1	0	0	0	0	0	1	0	0	0	0	0	0	0	0	0
9|Environment|Sediment and waste|GCA_053246835.1_genomic.fna.gz	0	0	0	0	0	0	0	0	0	0	0	0	0	0	0	0	0	0	0	0	0	0	0	0	0	0	0	0	0	0	0	1	1	1	0	1	0	0	1	0	1	1	1	0	0	1	1	0	0	0	0	0	0	0	0	0	1	0	0	0	0	1	0	0	0	1	1	0	0	0	0	0	0	0	0	1	0	1	0	0	1	0	0	0	1	0	0	0	0	0	1	0	0	0	0	0	1	0	0	0
2|Environment|Sediment and waste|GCA_053246855.1_genomic.fna.gz	0	0	0	0	0	0	0	1	1	1	1	0	1	1	0	0	0	0	1	0	1	0	1	0	1	1	0	0	0	0	0	0	1	1	1	1	0	0	1	1	1	0	0	1	1	0	0	1	1	0	0	0	0	0	0	0	0	0	0	0	0	0	0	0	1	0	1	1	0	1	1	0	0	1	1	0	0	1	0	0	0	0	0	1	0	0	0	0	0	0	0	0	0	0	0	0	0	0	0	0
2|Environment|Sediment and waste|GCA_053246875.1_genomic.fna.gz	0	0	0	0	0	0	0	1	1	1	1	0	1	1	0	0	0	0	1	0	1	0	1	0	1	1	0	0	0	0	0	0	1	1	1	1	0	0	1	1	1	0	0	1	1	0	0	1	1	0	0	0	0	0	0	0	0	0	0	0	0	0	0	0	1	0	1	1	0	1	1	0	0	1	1	0	0	1	0	0	0	0	0	1	0	0	0	0	0	0	0	0	0	0	0	0	0	0	0	0
2|Environment|Sediment and waste|GCA_053246895.1_genomic.fna.gz	0	0	0	0	0	0	0	1	1	1	1	0	1	1	0	0	0	0	1	0	1	0	1	0	1	1	0	0	0	0	0	0	1	1	1	1	0	0	1	1	1	0	0	1	1	0	0	1	1	0	0	0	0	0	0	0	0	0	0	0	0	0	0	0	1	0	1	1	0	1	1	0	0	1	1	0	0	1	0	0	0	0	0	1	0	0	0	0	0	0	0	0	0	0	0	0	0	0	0	0
2|Environment|Sediment and waste|GCA_053246935.1_genomic.fna.gz	0	0	0	0	0	0	0	1	1	1	1	0	1	1	0	0	0	0	1	0	1	0	1	0	1	1	0	0	0	0	0	0	1	1	1	1	0	0	1	1	1	0	0	1	1	0	0	1	1	0	0	0	0	0	0	0	0	0	0	0	0	0	0	0	1	0	1	1	0	1	1	0	0	1	1	0	0	1	0	0	0	0	0	1	0	0	0	0	0	0	0	0	0	0	0	0	0	0	0	0
14|Environment|Sediment and waste|GCA_053247015.1_genomic.fna.gz	0	0	0	0	0	0	0	0	0	0	0	0	0	0	1	0	0	0	0	1	0	0	0	1	0	0	1	0	0	0	0	0	0	0	0	0	0	1	0	0	0	0	0	0	0	0	0	1	1	0	0	0	0	0	0	0	0	0	0	0	0	0	0	1	1	0	0	1	0	0	0	0	1	1	0	0	1	0	0	1	1	0	1	0	0	0	0	0	0	0	0	1	1	1	0	0	0	0	0	0
9|Environment|Sediment and waste|GCA_053247035.1_genomic.fna.gz	0	0	0	0	0	0	0	0	0	0	0	0	0	0	0	0	0	0	0	0	0	0	0	0	0	0	0	0	0	0	0	1	1	1	0	1	0	0	1	0	1	1	1	0	0	1	1	0	0	0	0	0	0	0	0	0	1	0	0	0	0	1	0	0	0	1	1	0	0	0	0	0	0	0	0	1	0	1	0	0	1	0	0	0	1	0	0	0	0	0	1	0	0	0	0	0	1	0	0	0
4|Environment|Sediment and waste|GCA_053247075.1_genomic.fna.gz	0	0	0	0	0	0	0	0	0	0	0	0	0	0	0	0	0	0	0	0	0	0	0	0	0	0	0	0	0	0	0	0	1	1	0	0	0	0	1	1	0	1	1	0	1	1	0	0	0	0	0	0	0	0	0	0	1	0	0	0	1	0	0	0	0	0	0	1	0	1	0	0	0	0	0	0	0	0	0	0	0	0	1	0	0	0	0	0	0	0	0	0	0	0	1	0	0	0	1	0
2|Environment|Sediment and waste|GCA_053247115.1_genomic.fna.gz	0	0	0	0	0	0	0	1	1	1	1	0	1	1	0	0	0	0	1	0	1	0	1	0	1	1	0	0	0	0	0	0	1	1	1	1	0	0	1	1	1	0	0	1	1	0	0	1	1	0	0	0	0	0	0	0	0	0	0	0	0	0	0	0	1	0	1	1	0	1	1	0	0	1	1	0	0	1	0	0	0	0	0	1	0	0	0	0	0	0	0	0	0	0	0	0	0	0	0	0
8|Environment|Sediment and waste|GCA_053247135.1_genomic.fna.gz	0	0	0	0	0	0	0	0	0	0	0	0	0	0	0	0	0	0	0	0	0	0	0	0	0	0	0	0	0	0	0	1	1	1	0	1	0	0	1	0	1	1	1	0	0	1	1	0	0	0	0	0	0	0	0	0	1	0	0	0	0	1	0	0	0	1	1	0	0	0	0	0	0	0	0	1	0	1	0	0	1	0	0	0	1	0	0	0	0	0	1	0	0	0	0	0	0	0	0	0
8|Environment|Sediment and waste|GCA_053247215.1_genomic.fna.gz	0	0	0	0	0	0	0	0	0	0	0	0	0	0	0	0	0	0	0	0	0	0	0	0	0	0	0	0	0	0	0	1	1	1	0	1	0	0	1	0	1	1	1	0	0	1	1	0	0	0	0	0	0	0	0	0	1	0	0	0	0	1	0	0	0	1	1	0	0	0	0	0	0	0	0	1	0	1	0	0	1	0	0	0	1	0	0	0	0	0	1	0	0	0	0	0	0	0	0	0
2|Environment|Sediment and waste|GCA_053247235.1_genomic.fna.gz	0	0	0	0	0	0	0	1	1	1	1	0	1	1	0	0	0	0	1	0	1	0	1	0	1	1	0	0	0	0	0	0	1	1	1	1	0	0	1	1	1	0	0	1	1	0	0	1	1	0	0	0	0	0	0	0	0	0	0	0	0	0	0	0	1	0	1	1	0	1	1	0	0	1	1	0	0	1	0	0	0	0	0	1	0	0	0	0	0	0	0	0	0	0	0	0	0	0	0	0
9|Environment|Sediment and waste|GCA_053247255.1_genomic.fna.gz	0	0	0	0	0	0	0	0	0	0	0	0	0	0	0	0	0	0	0	0	0	0	0	0	0	0	0	0	0	0	0	1	1	1	0	1	0	0	1	0	1	1	1	0	0	1	1	0	0	0	0	0	0	0	0	0	1	0	0	0	0	1	0	0	0	1	1	0	0	0	0	0	0	0	0	1	0	1	0	0	1	0	0	0	1	0	0	0	0	0	1	0	0	0	0	0	1	0	0	0
10|Environment|Sediment and waste|GCA_053247335.1_genomic.fna.gz	1	1	0	1	0	0	0	0	0	0	0	1	0	0	0	0	1	1	0	1	0	0	0	1	0	0	1	1	0	1	0	0	0	0	0	0	0	0	0	0	0	0	0	0	0	1	0	0	0	0	0	0	0	0	0	1	0	1	0	0	0	0	1	0	1	0	0	1	1	0	0	0	0	0	0	0	0	0	0	1	0	0	1	0	1	0	0	0	0	0	1	1	0	0	0	0	0	1	0	0
9|Environment|Sediment and waste|GCA_053247395.1_genomic.fna.gz	0	0	0	0	0	0	0	0	0	0	0	0	0	0	0	0	0	0	0	0	0	0	0	0	0	0	0	0	0	0	0	1	1	1	0	1	0	0	1	0	1	1	1	0	0	1	1	0	0	0	0	0	0	0	0	0	1	0	0	0	0	1	0	0	0	1	1	0	0	0	0	0	0	0	0	1	0	1	0	0	1	0	0	0	1	0	0	0	0	0	1	0	0	0	0	0	1	0	0	0
9|Environment|Sediment and waste|GCA_053247415.1_genomic.fna.gz	0	0	0	0	0	0	0	0	0	0	0	0	0	0	0	0	0	0	0	0	0	0	0	0	0	0	0	0	0	0	0	1	1	1	0	1	0	0	1	0	1	1	1	0	0	1	1	0	0	0	0	0	0	0	0	0	1	0	0	0	0	1	0	0	0	1	1	0	0	0	0	0	0	0	0	1	0	1	0	0	1	0	0	0	1	0	0	0	0	0	1	0	0	0	0	0	1	0	0	0
8|Environment|Sediment and waste|GCA_053247435.1_genomic.fna.gz	0	0	0	0	0	0	0	0	0	0	0	0	0	0	0	0	0	0	0	0	0	0	0	0	0	0	0	0	0	0	0	1	1	1	0	1	0	0	1	0	1	1	1	0	0	1	1	0	0	0	0	0	0	0	0	0	1	0	0	0	0	1	0	0	0	1	1	0	0	0	0	0	0	0	0	1	0	1	0	0	1	0	0	0	1	0	0	0	0	0	1	0	0	0	0	0	0	0	0	0
2|Environment|Sediment and waste|GCA_053247475.1_genomic.fna.gz	0	0	0	0	0	0	0	1	1	1	1	0	1	1	0	0	0	0	1	0	1	0	1	0	1	1	0	0	0	0	0	0	1	1	1	1	0	0	1	1	1	0	0	1	1	0	0	1	1	0	0	0	0	0	0	0	0	0	0	0	0	0	0	0	1	0	1	1	0	1	1	0	0	1	1	0	0	1	0	0	0	0	0	1	0	0	0	0	0	0	0	0	0	0	0	0	0	0	0	0
2|Environment|Sediment and waste|GCA_053247495.1_genomic.fna.gz	0	0	0	0	0	0	0	1	1	1	1	0	1	1	0	0	0	0	1	0	1	0	1	0	1	1	0	0	0	0	0	0	1	1	1	1	0	0	1	1	1	0	0	1	1	0	0	1	1	0	0	0	0	0	0	0	0	0	0	0	0	0	0	0	1	0	1	1	0	1	1	0	0	1	1	0	0	1	0	0	0	0	0	1	0	0	0	0	0	0	0	0	0	0	0	0	0	0	0	0
2|Environment|Sediment and waste|GCA_053247535.1_genomic.fna.gz	0	0	0	0	0	0	0	1	1	1	1	0	1	1	0	0	0	0	1	0	1	0	1	0	1	1	0	0	0	0	0	0	1	1	1	1	0	0	1	1	1	0	0	1	1	0	0	1	1	0	0	0	0	0	0	0	0	0	0	0	0	0	0	0	1	0	1	1	0	1	1	0	0	1	1	0	0	1	0	0	0	0	0	1	0	0	0	0	0	0	0	0	0	0	0	0	0	0	0	0
2|Environment|Sediment and waste|GCA_053247555.1_genomic.fna.gz	0	0	0	0	0	0	0	1	1	1	1	0	1	1	0	0	0	0	1	0	1	0	1	0	1	1	0	0	0	0	0	0	1	1	1	1	0	0	1	1	1	0	0	1	1	0	0	1	1	0	0	0	0	0	0	0	0	0	0	0	0	0	0	0	1	0	1	1	0	1	1	0	0	1	1	0	0	1	0	0	0	0	0	1	0	0	0	0	0	0	0	0	0	0	0	0	0	0	0	0
2|Environment|Sediment and waste|GCA_053247575.1_genomic.fna.gz	0	0	0	0	0	0	0	1	1	1	1	0	1	1	0	0	0	0	1	0	1	0	1	0	1	1	0	0	0	0	0	0	1	1	1	1	0	0	1	1	1	0	0	1	1	0	0	1	1	0	0	0	0	0	0	0	0	0	0	0	0	0	0	0	1	0	1	1	0	1	1	0	0	1	1	0	0	1	0	0	0	0	0	1	0	0	0	0	0	0	0	0	0	0	0	0	0	0	0	0
14|Environment|Sediment and waste|GCA_053247595.1_genomic.fna.gz	0	0	0	0	0	0	0	0	0	0	0	0	0	0	1	0	0	0	0	1	0	0	0	1	0	0	1	0	0	0	0	0	0	0	0	0	0	1	0	0	0	0	0	0	0	0	0	1	1	0	0	0	0	0	0	0	0	0	0	0	0	0	0	1	1	0	0	1	0	0	0	0	1	1	0	0	1	0	0	1	1	0	1	0	0	0	0	0	0	0	0	1	1	1	0	0	0	0	0	0
14|Environment|Sediment and waste|GCA_053247615.1_genomic.fna.gz	0	0	0	0	0	0	0	0	0	0	0	0	0	0	1	0	0	0	0	1	0	0	0	1	0	0	1	0	0	0	0	0	0	0	0	0	0	1	0	0	0	0	0	0	0	0	0	1	1	0	0	0	0	0	0	0	0	0	0	0	0	0	0	1	1	0	0	1	0	0	0	0	1	1	0	0	1	0	0	1	1	0	1	0	0	0	0	0	0	0	0	1	1	1	0	0	0	0	0	0
2|Environment|Sediment and waste|GCA_053247635.1_genomic.fna.gz	0	0	0	0	0	0	0	1	1	1	1	0	1	1	0	0	0	0	1	0	1	0	1	0	1	1	0	0	0	0	0	0	1	1	1	1	0	0	1	1	1	0	0	1	1	0	0	1	1	0	0	0	0	0	0	0	0	0	0	0	0	0	0	0	1	0	1	1	0	1	1	0	0	1	1	0	0	1	0	0	0	0	0	1	0	0	0	0	0	0	0	0	0	0	0	0	0	0	0	0
9|Environment|Sediment and waste|GCA_053247675.1_genomic.fna.gz	0	0	0	0	0	0	0	0	0	0	0	0	0	0	0	0	0	0	0	0	0	0	0	0	0	0	0	0	0	0	0	1	1	1	0	1	0	0	1	0	1	1	1	0	0	1	1	0	0	0	0	0	0	0	0	0	1	0	0	0	0	1	0	0	0	1	1	0	0	0	0	0	0	0	0	1	0	1	0	0	1	0	0	0	1	0	0	0	0	0	1	0	0	0	0	0	1	0	0	0
2|Environment|Sediment and waste|GCA_053247715.1_genomic.fna.gz	0	0	0	0	0	0	0	1	1	1	1	0	1	1	0	0	0	0	1	0	1	0	1	0	1	1	0	0	0	0	0	0	1	1	1	1	0	0	1	1	1	0	0	1	1	0	0	1	1	0	0	0	0	0	0	0	0	0	0	0	0	0	0	0	1	0	1	1	0	1	1	0	0	1	1	0	0	1	0	0	0	0	0	1	0	0	0	0	0	0	0	0	0	0	0	0	0	0	0	0
2|Environment|Sediment and waste|GCA_053247735.1_genomic.fna.gz	0	0	0	0	0	0	0	1	1	1	1	0	1	1	0	0	0	0	1	0	1	0	1	0	1	1	0	0	0	0	0	0	1	1	1	1	0	0	1	1	1	0	0	1	1	0	0	1	1	0	0	0	0	0	0	0	0	0	0	0	0	0	0	0	1	0	1	1	0	1	1	0	0	1	1	0	0	1	0	0	0	0	0	1	0	0	0	0	0	0	0	0	0	0	0	0	0	0	0	0
2|Environment|Sediment and waste|GCA_053247795.1_genomic.fna.gz	0	0	0	0	0	0	0	1	1	1	1	0	1	1	0	0	0	0	1	0	1	0	1	0	1	1	0	0	0	0	0	0	1	1	1	1	0	0	1	1	1	0	0	1	1	0	0	1	1	0	0	0	0	0	0	0	0	0	0	0	0	0	0	0	1	0	1	1	0	1	1	0	0	1	1	0	0	1	0	0	0	0	0	1	0	0	0	0	0	0	0	0	0	0	0	0	0	0	0	0
8|Environment|Sediment and waste|GCA_053247915.1_genomic.fna.gz	0	0	0	0	0	0	0	0	0	0	0	0	0	0	0	0	0	0	0	0	0	0	0	0	0	0	0	0	0	0	0	1	1	1	0	1	0	0	1	0	1	1	1	0	0	1	1	0	0	0	0	0	0	0	0	0	1	0	0	0	0	1	0	0	0	1	1	0	0	0	0	0	0	0	0	1	0	1	0	0	1	0	0	0	1	0	0	0	0	0	1	0	0	0	0	0	0	0	0	0
4|Environment|Sediment and waste|GCA_053247975.1_genomic.fna.gz	0	0	0	0	0	0	0	0	0	0	0	0	0	0	0	0	0	0	0	0	0	0	0	0	0	0	0	0	0	0	0	0	1	1	0	0	0	0	1	1	0	1	1	0	1	1	0	0	0	0	0	0	0	0	0	0	1	0	0	0	1	0	0	0	0	0	0	1	0	1	0	0	0	0	0	0	0	0	0	0	0	0	1	0	0	0	0	0	0	0	0	0	0	0	1	0	0	0	1	0
2|Environment|Sediment and waste|GCA_053247995.1_genomic.fna.gz	0	0	0	0	0	0	0	1	1	1	1	0	1	1	0	0	0	0	1	0	1	0	1	0	1	1	0	0	0	0	0	0	1	1	1	1	0	0	1	1	1	0	0	1	1	0	0	1	1	0	0	0	0	0	0	0	0	0	0	0	0	0	0	0	1	0	1	1	0	1	1	0	0	1	1	0	0	1	0	0	0	0	0	1	0	0	0	0	0	0	0	0	0	0	0	0	0	0	0	0
2|Environment|Sediment and waste|GCA_053248015.1_genomic.fna.gz	0	0	0	0	0	0	0	1	1	1	1	0	1	1	0	0	0	0	1	0	1	0	1	0	1	1	0	0	0	0	0	0	1	1	1	1	0	0	1	1	1	0	0	1	1	0	0	1	1	0	0	0	0	0	0	0	0	0	0	0	0	0	0	0	1	0	1	1	0	1	1	0	0	1	1	0	0	1	0	0	0	0	0	1	0	0	0	0	0	0	0	0	0	0	0	0	0	0	0	0
5|Environment|Sediment and waste|GCA_053248035.1_genomic.fna.gz	0	0	1	0	1	1	0	0	0	0	0	1	0	0	0	1	0	0	0	0	1	1	1	0	1	1	0	0	0	0	0	0	0	0	1	0	1	1	0	0	0	0	1	0	0	0	0	1	0	0	0	0	0	1	1	1	0	0	0	0	1	0	0	1	0	1	0	0	0	0	0	1	0	0	0	0	1	0	0	0	0	0	1	0	0	0	0	0	0	0	0	0	0	0	0	0	0	0	0	0
5|Environment|Sediment and waste|GCA_053248055.1_genomic.fna.gz	0	0	1	0	1	1	0	0	0	0	0	1	0	0	0	1	0	0	0	0	1	1	1	0	1	1	0	0	0	0	0	0	0	0	1	0	1	1	0	0	0	0	1	0	0	0	0	1	0	0	0	0	0	1	1	1	0	0	0	0	1	0	0	1	0	1	0	0	0	0	0	1	0	0	0	0	1	0	0	0	0	0	1	0	0	0	0	0	0	0	0	0	0	0	0	0	0	0	0	0
9|Environment|Sediment and waste|GCA_053248095.1_genomic.fna.gz	0	0	0	0	0	0	0	0	0	0	0	0	0	0	0	0	0	0	0	0	0	0	0	0	0	0	0	0	0	0	0	1	1	1	0	1	0	0	1	0	1	1	1	0	0	1	1	0	0	0	0	0	0	0	0	0	1	0	0	0	0	1	0	0	0	1	1	0	0	0	0	0	0	0	0	1	0	1	0	0	1	0	0	0	1	0	0	0	0	0	1	0	0	0	0	0	1	0	0	0
12|Environment|Sediment and waste|GCA_053248215.1_genomic.fna.gz	0	0	0	0	0	0	0	0	0	0	0	0	0	0	0	1	0	0	0	1	1	0	0	0	0	0	0	0	0	0	0	0	1	1	1	0	0	0	1	0	0	0	0	0	0	0	0	0	1	0	0	0	0	0	1	0	0	0	0	0	0	0	1	0	0	0	0	0	0	0	0	1	0	1	0	0	0	0	0	0	1	0	0	0	0	0	0	0	0	0	1	0	0	0	0	0	0	0	0	1
8|Environment|Sediment and waste|GCA_053248355.1_genomic.fna.gz	0	0	0	0	0	0	0	0	0	0	0	0	0	0	0	0	0	0	0	0	0	0	0	0	0	0	0	0	0	0	0	1	1	1	0	1	0	0	1	0	1	1	1	0	0	1	1	0	0	0	0	0	0	0	0	0	1	0	0	0	0	1	0	0	0	1	1	0	0	0	0	0	0	0	0	1	0	1	0	0	1	0	0	0	1	0	0	0	0	0	1	0	0	0	0	0	0	0	0	0
8|Environment|Sediment and waste|GCA_053248375.1_genomic.fna.gz	0	0	0	0	0	0	0	0	0	0	0	0	0	0	0	0	0	0	0	0	0	0	0	0	0	0	0	0	0	0	0	1	1	1	0	1	0	0	1	0	1	1	1	0	0	1	1	0	0	0	0	0	0	0	0	0	1	0	0	0	0	1	0	0	0	1	1	0	0	0	0	0	0	0	0	1	0	1	0	0	1	0	0	0	1	0	0	0	0	0	1	0	0	0	0	0	0	0	0	0
2|Environment|Sediment and waste|GCA_053248395.1_genomic.fna.gz	0	0	0	0	0	0	0	1	1	1	1	0	1	1	0	0	0	0	1	0	1	0	1	0	1	1	0	0	0	0	0	0	1	1	1	1	0	0	1	1	1	0	0	1	1	0	0	1	1	0	0	0	0	0	0	0	0	0	0	0	0	0	0	0	1	0	1	1	0	1	1	0	0	1	1	0	0	1	0	0	0	0	0	1	0	0	0	0	0	0	0	0	0	0	0	0	0	0	0	0
2|Environment|Sediment and waste|GCA_053248415.1_genomic.fna.gz	0	0	0	0	0	0	0	1	1	1	1	0	1	1	0	0	0	0	1	0	1	0	1	0	1	1	0	0	0	0	0	0	1	1	1	1	0	0	1	1	1	0	0	1	1	0	0	1	1	0	0	0	0	0	0	0	0	0	0	0	0	0	0	0	1	0	1	1	0	1	1	0	0	1	1	0	0	1	0	0	0	0	0	1	0	0	0	0	0	0	0	0	0	0	0	0	0	0	0	0
2|Environment|Sediment and waste|GCA_053248435.1_genomic.fna.gz	0	0	0	0	0	0	0	1	1	1	1	0	1	1	0	0	0	0	1	0	1	0	1	0	1	1	0	0	0	0	0	0	1	1	1	1	0	0	1	1	1	0	0	1	1	0	0	1	1	0	0	0	0	0	0	0	0	0	0	0	0	0	0	0	1	0	1	1	0	1	1	0	0	1	1	0	0	1	0	0	0	0	0	1	0	0	0	0	0	0	0	0	0	0	0	0	0	0	0	0
9|Environment|Sediment and waste|GCA_053248475.1_genomic.fna.gz	0	0	0	0	0	0	0	0	0	0	0	0	0	0	0	0	0	0	0	0	0	0	0	0	0	0	0	0	0	0	0	1	1	1	0	1	0	0	1	0	1	1	1	0	0	1	1	0	0	0	0	0	0	0	0	0	1	0	0	0	0	1	0	0	0	1	1	0	0	0	0	0	0	0	0	1	0	1	0	0	1	0	0	0	1	0	0	0	0	0	1	0	0	0	0	0	1	0	0	0
2|Environment|Sediment and waste|GCA_053248495.1_genomic.fna.gz	0	0	0	0	0	0	0	1	1	1	1	0	1	1	0	0	0	0	1	0	1	0	1	0	1	1	0	0	0	0	0	0	1	1	1	1	0	0	1	1	1	0	0	1	1	0	0	1	1	0	0	0	0	0	0	0	0	0	0	0	0	0	0	0	1	0	1	1	0	1	1	0	0	1	1	0	0	1	0	0	0	0	0	1	0	0	0	0	0	0	0	0	0	0	0	0	0	0	0	0
9|Environment|Sediment and waste|GCA_053248515.1_genomic.fna.gz	0	0	0	0	0	0	0	0	0	0	0	0	0	0	0	0	0	0	0	0	0	0	0	0	0	0	0	0	0	0	0	1	1	1	0	1	0	0	1	0	1	1	1	0	0	1	1	0	0	0	0	0	0	0	0	0	1	0	0	0	0	1	0	0	0	1	1	0	0	0	0	0	0	0	0	1	0	1	0	0	1	0	0	0	1	0	0	0	0	0	1	0	0	0	0	0	1	0	0	0
9|Environment|Sediment and waste|GCA_053248535.1_genomic.fna.gz	0	0	0	0	0	0	0	0	0	0	0	0	0	0	0	0	0	0	0	0	0	0	0	0	0	0	0	0	0	0	0	1	1	1	0	1	0	0	1	0	1	1	1	0	0	1	1	0	0	0	0	0	0	0	0	0	1	0	0	0	0	1	0	0	0	1	1	0	0	0	0	0	0	0	0	1	0	1	0	0	1	0	0	0	1	0	0	0	0	0	1	0	0	0	0	0	1	0	0	0
4|Environment|Sediment and waste|GCA_053248555.1_genomic.fna.gz	0	0	0	0	0	0	0	0	0	0	0	0	0	0	0	0	0	0	0	0	0	0	0	0	0	0	0	0	0	0	0	0	1	1	0	0	0	0	1	1	0	1	1	0	1	1	0	0	0	0	0	0	0	0	0	0	1	0	0	0	1	0	0	0	0	0	0	1	0	1	0	0	0	0	0	0	0	0	0	0	0	0	1	0	0	0	0	0	0	0	0	0	0	0	1	0	0	0	1	0
2|Environment|Sediment and waste|GCA_053248595.1_genomic.fna.gz	0	0	0	0	0	0	0	1	1	1	1	0	1	1	0	0	0	0	1	0	1	0	1	0	1	1	0	0	0	0	0	0	1	1	1	1	0	0	1	1	1	0	0	1	1	0	0	1	1	0	0	0	0	0	0	0	0	0	0	0	0	0	0	0	1	0	1	1	0	1	1	0	0	1	1	0	0	1	0	0	0	0	0	1	0	0	0	0	0	0	0	0	0	0	0	0	0	0	0	0
10|Environment|Sediment and waste|GCA_053248655.1_genomic.fna.gz	1	1	0	1	0	0	0	0	0	0	0	1	0	0	0	0	1	1	0	1	0	0	0	1	0	0	1	1	0	1	1	0	0	0	0	0	0	0	0	0	0	0	0	0	0	1	0	0	0	0	0	0	0	0	0	0	0	1	0	0	0	0	1	0	1	0	0	1	1	0	0	0	0	0	0	0	0	0	0	1	0	0	1	0	1	0	0	0	0	0	1	1	0	0	0	0	0	1	0	0
5|Environment|Sediment and waste|GCA_053248715.1_genomic.fna.gz	0	0	1	0	1	1	0	0	0	0	0	1	0	0	0	1	0	0	0	0	1	1	1	0	1	1	0	0	0	0	0	0	0	0	1	0	1	1	0	0	0	0	1	0	0	0	0	1	0	0	0	0	0	1	1	1	0	0	0	0	1	0	0	1	0	1	0	0	0	0	0	1	0	0	0	0	1	0	0	0	0	0	1	0	0	0	0	0	0	0	0	0	0	0	0	0	0	0	0	0
5|Environment|Sediment and waste|GCA_053248755.1_genomic.fna.gz	0	0	1	0	1	1	0	0	0	0	0	1	0	0	0	1	0	0	0	0	1	1	1	0	1	1	0	0	0	0	0	0	0	0	1	0	1	1	0	0	0	0	1	0	0	0	0	1	0	0	0	0	0	1	1	1	0	0	0	0	1	0	0	1	0	1	0	0	0	0	0	1	0	0	0	0	1	0	0	0	0	0	1	0	0	0	0	0	0	0	0	0	0	0	0	0	0	0	0	0
5|Environment|Sediment and waste|GCA_053248775.1_genomic.fna.gz	0	0	1	0	1	1	0	0	0	0	0	1	0	0	0	1	0	0	0	0	1	1	1	0	1	1	0	0	0	0	0	0	0	0	1	0	1	1	0	0	0	0	1	0	0	0	0	1	0	0	0	0	0	1	1	1	0	0	0	0	1	0	0	1	0	1	0	0	0	0	0	1	0	0	0	0	1	0	0	0	0	0	1	0	0	0	0	0	0	0	0	0	0	0	0	0	0	0	0	0
5|Environment|Sediment and waste|GCA_053248795.1_genomic.fna.gz	0	0	1	0	1	1	0	0	0	0	0	1	0	0	0	1	0	0	0	0	1	1	1	0	1	1	0	0	0	0	0	0	0	0	1	0	1	1	0	0	0	0	1	0	0	0	0	1	0	0	0	0	0	1	1	1	0	0	0	0	1	0	0	1	0	1	0	0	0	0	0	1	0	0	0	0	1	0	0	0	0	0	1	0	0	0	0	0	0	0	0	0	0	0	0	0	0	0	0	0
5|Environment|Sediment and waste|GCA_053248835.1_genomic.fna.gz	0	0	1	0	1	1	0	0	0	0	0	1	0	0	0	1	0	0	0	0	1	1	1	0	1	1	0	0	0	0	0	0	0	0	1	0	1	1	0	0	0	0	1	0	0	0	0	1	0	0	0	0	0	1	1	1	0	0	0	0	1	0	0	1	0	1	0	0	0	0	0	1	0	0	0	0	1	0	0	0	0	0	1	0	0	0	0	0	0	0	0	0	0	0	0	0	0	0	0	0
5|Environment|Sediment and waste|GCA_053248875.1_genomic.fna.gz	0	0	1	0	1	1	0	0	0	0	0	1	0	0	0	1	0	0	0	0	1	1	1	0	1	1	0	0	0	0	0	0	0	0	1	0	1	1	0	0	0	0	1	0	0	0	0	1	0	0	0	0	0	1	1	1	0	0	0	0	1	0	0	1	0	1	0	0	0	0	0	1	0	0	0	0	1	0	0	0	0	0	1	0	0	0	0	0	0	0	0	0	0	0	0	0	0	0	0	0
5|Environment|Sediment and waste|GCA_053248915.1_genomic.fna.gz	0	0	1	0	1	1	0	0	0	0	0	1	0	0	0	1	0	0	0	0	1	1	1	0	1	1	0	0	0	0	0	0	0	0	1	0	1	1	0	0	0	0	1	0	0	0	0	1	0	0	0	0	0	1	1	1	0	0	0	0	1	0	0	1	0	1	0	0	0	0	0	1	0	0	0	0	1	0	0	0	0	0	1	0	0	0	0	0	0	0	0	0	0	0	0	0	0	0	0	0
2|Environment|Sediment and waste|GCA_053248955.1_genomic.fna.gz	0	0	0	0	0	0	0	1	1	1	1	0	1	1	0	0	0	0	1	0	1	0	1	0	1	1	0	0	0	0	0	0	1	1	1	1	0	0	1	1	1	0	0	1	1	0	0	1	1	0	0	0	0	0	0	0	0	0	0	0	0	0	0	0	1	0	1	1	0	1	1	0	0	1	1	0	0	1	0	0	0	0	0	1	0	0	0	0	0	0	0	0	0	0	0	0	0	0	0	0
2|Environment|Sediment and waste|GCA_053248975.1_genomic.fna.gz	0	0	0	0	0	0	0	1	1	1	1	0	1	1	0	0	0	0	1	0	1	0	1	0	1	1	0	0	0	0	0	0	1	1	1	1	0	0	1	1	1	0	0	1	1	0	0	1	1	0	0	0	0	0	0	0	0	0	0	0	0	0	0	0	1	0	1	1	0	1	1	0	0	1	1	0	0	1	0	0	0	0	0	1	0	0	0	0	0	0	0	0	0	0	0	0	0	0	0	0
2|Environment|Sediment and waste|GCA_053249055.1_genomic.fna.gz	0	0	0	0	0	0	0	1	1	1	1	0	1	1	0	0	0	0	1	0	1	0	1	0	1	1	0	0	0	0	0	0	1	1	1	1	0	0	1	1	1	0	0	1	1	0	0	1	1	0	0	0	0	0	0	0	0	0	0	0	0	0	0	0	1	0	1	1	0	1	1	0	0	1	1	0	0	1	0	0	0	0	0	1	0	0	0	0	0	0	0	0	0	0	0	0	0	0	0	0
2|Environment|Sediment and waste|GCA_053249155.1_genomic.fna.gz	0	0	0	0	0	0	0	1	1	1	1	0	1	1	0	0	0	0	1	0	1	0	1	0	1	1	0	0	0	0	0	0	1	1	1	1	0	0	1	1	1	0	0	1	1	0	0	1	1	0	0	0	0	0	0	0	0	0	0	0	0	0	0	0	1	0	1	1	0	1	1	0	0	1	1	0	0	1	0	0	0	0	0	1	0	0	0	0	0	0	0	0	0	0	0	0	0	0	0	0
2|Environment|Sediment and waste|GCA_053249175.1_genomic.fna.gz	0	0	0	0	0	0	0	1	1	1	1	0	1	1	0	0	0	0	1	0	1	0	1	0	1	1	0	0	0	0	0	0	1	1	1	1	0	0	1	1	1	0	0	1	1	0	0	1	1	0	0	0	0	0	0	0	0	0	0	0	0	0	0	0	1	0	1	1	0	1	1	0	0	1	1	0	0	1	0	0	0	0	0	1	0	0	0	0	0	0	0	0	0	0	0	0	0	0	0	0
2|Environment|Sediment and waste|GCA_053249235.1_genomic.fna.gz	0	0	0	0	0	0	0	1	1	1	1	0	1	1	0	0	0	0	1	0	1	0	1	0	1	1	0	0	0	0	0	0	1	1	1	1	0	0	1	1	1	0	0	1	1	0	0	1	1	0	0	0	0	0	0	0	0	0	0	0	0	0	0	0	1	0	1	1	0	1	1	0	0	1	1	0	0	1	0	0	0	0	0	1	0	0	0	0	0	0	0	0	0	0	0	0	0	0	0	0
10|Environment|Sediment and waste|GCA_053249295.1_genomic.fna.gz	1	1	0	1	0	0	0	0	0	0	0	1	0	0	0	0	1	1	0	1	0	0	0	1	0	0	1	1	0	1	1	0	0	0	0	0	0	0	0	0	0	0	0	0	0	1	0	0	0	0	0	0	0	0	0	0	0	1	0	0	0	0	1	0	1	0	0	1	1	0	0	0	0	0	0	0	0	0	0	1	0	0	1	0	1	0	0	0	0	0	1	1	0	0	0	0	0	1	0	0
2|Environment|Sediment and waste|GCA_053249395.1_genomic.fna.gz	0	0	0	0	0	0	0	1	1	1	1	0	1	1	0	0	0	0	1	0	1	0	1	0	1	1	0	0	0	0	0	0	1	1	1	1	0	0	1	1	1	0	0	1	1	0	0	1	1	0	0	0	0	0	0	0	0	0	0	0	0	0	0	0	1	0	1	1	0	1	1	0	0	1	1	0	0	1	0	0	0	0	0	1	0	0	0	0	0	0	0	0	0	0	0	0	0	0	0	0
2|Environment|Sediment and waste|GCA_053249415.1_genomic.fna.gz	0	0	0	0	0	0	0	1	1	1	1	0	1	1	0	0	0	0	1	0	1	0	1	0	1	1	0	0	0	0	0	0	1	1	1	1	0	0	1	1	1	0	0	1	1	0	0	1	1	0	0	0	0	0	0	0	0	0	0	0	0	0	0	0	1	0	1	1	0	1	1	0	0	1	1	0	0	1	0	0	0	0	0	1	0	0	0	0	0	0	0	0	0	0	0	0	0	0	0	0
12|Environment|Sediment and waste|GCA_053249455.1_genomic.fna.gz	0	0	0	0	0	0	0	0	0	0	0	0	0	0	0	0	0	0	0	0	1	0	0	1	0	0	0	0	0	0	0	0	1	0	1	0	0	0	1	0	0	1	0	0	0	0	0	0	1	0	0	0	0	0	1	0	0	0	0	0	1	1	1	0	0	0	1	1	0	0	0	1	0	1	0	1	0	0	0	0	0	0	0	0	0	0	0	0	0	0	0	0	0	0	0	0	0	0	0	0
12|Environment|Sediment and waste|GCA_053249515.1_genomic.fna.gz	0	0	0	0	0	0	0	0	0	0	0	0	0	0	0	0	0	0	0	0	1	0	0	1	0	0	0	0	0	0	0	0	1	0	1	0	0	0	1	0	0	1	0	0	0	0	0	0	1	0	0	0	0	0	1	0	0	0	0	0	1	1	1	0	0	0	1	1	0	0	0	1	0	1	0	1	0	0	0	0	0	0	0	0	0	0	0	0	0	0	0	0	0	0	0	0	0	0	0	0
12|Environment|Sediment and waste|GCA_053249535.1_genomic.fna.gz	0	0	0	0	0	0	0	0	0	0	0	0	1	0	0	0	0	0	0	0	1	0	0	0	0	0	0	0	0	0	0	0	1	0	0	0	0	0	1	0	1	0	0	0	0	0	1	1	1	0	0	0	0	0	1	0	0	0	0	0	1	1	0	1	0	0	1	1	1	0	0	0	0	0	0	1	0	0	0	0	0	0	0	0	0	0	0	0	0	0	1	0	0	0	1	0	0	0	1	0
8|Environment|Sediment and waste|GCA_053249595.1_genomic.fna.gz	0	0	0	0	0	0	0	0	0	0	0	0	0	0	0	0	0	0	0	0	0	0	0	0	0	0	0	0	0	0	0	1	1	1	0	1	0	0	1	0	1	1	1	0	0	1	1	0	0	0	0	0	0	0	0	0	1	0	0	0	0	1	0	0	0	1	1	0	0	0	0	0	0	0	0	1	0	1	0	0	1	0	0	0	1	0	0	0	0	0	1	0	0	0	0	0	0	0	0	0
2|Environment|Sediment and waste|GCA_053249615.1_genomic.fna.gz	0	0	0	0	0	0	0	1	1	1	1	0	1	1	0	0	0	0	1	0	1	0	1	0	1	1	0	0	0	0	0	0	1	1	1	1	0	0	1	1	1	0	0	1	1	0	0	1	1	0	0	0	0	0	0	0	0	0	0	0	0	0	0	0	1	0	1	1	0	1	1	0	0	1	1	0	0	1	0	0	0	0	0	1	0	0	0	0	0	0	0	0	0	0	0	0	0	0	0	0
2|Environment|Sediment and waste|GCA_053249675.1_genomic.fna.gz	0	0	0	0	0	0	0	1	1	1	1	0	1	1	0	0	0	0	1	0	1	0	1	0	1	1	0	0	0	0	0	0	1	1	1	1	0	0	1	1	1	0	0	1	1	0	0	1	1	0	0	0	0	0	0	0	0	0	0	0	0	0	0	0	1	0	1	1	0	1	1	0	0	1	1	0	0	1	0	0	0	0	0	1	0	0	0	0	0	0	0	0	0	0	0	0	0	0	0	0
7|Environment|Sediment and waste|GCA_053249715.1_genomic.fna.gz	0	0	0	0	0	0	0	0	0	0	0	0	0	0	0	0	0	0	0	0	0	0	0	0	0	0	0	0	0	0	0	0	1	1	0	0	0	0	0	0	1	0	1	1	0	0	0	0	0	0	0	0	0	0	0	0	1	0	0	0	0	0	0	0	0	0	0	1	0	0	1	0	0	0	0	1	1	1	0	0	0	0	0	0	0	0	0	0	0	0	1	0	0	0	0	0	0	0	0	1
2|Environment|Sediment and waste|GCA_053249755.1_genomic.fna.gz	0	0	0	0	0	0	0	1	1	1	1	0	1	1	0	0	0	0	1	0	1	0	1	0	1	1	0	0	0	0	0	0	1	1	1	1	0	0	1	1	1	0	0	1	1	0	0	1	1	0	0	0	0	0	0	0	0	0	0	0	0	0	0	0	1	0	1	1	0	1	1	0	0	1	1	0	0	1	0	0	0	0	0	1	0	0	0	0	0	0	0	0	0	0	0	0	0	0	0	0
4|Environment|Sediment and waste|GCA_053249795.1_genomic.fna.gz	0	0	0	0	0	0	0	0	0	0	0	0	0	0	0	0	0	0	0	0	0	0	0	0	0	0	0	0	0	0	0	0	1	1	0	0	0	0	1	1	0	1	1	0	1	1	0	0	0	0	0	0	0	0	0	0	1	0	0	0	1	0	0	0	0	0	0	1	0	1	0	0	0	0	0	0	0	0	0	0	0	0	1	0	0	0	0	0	0	0	0	0	0	0	1	0	0	0	1	0
4|Environment|Sediment and waste|GCA_053249835.1_genomic.fna.gz	0	0	0	0	0	0	0	0	0	0	0	0	0	0	0	0	0	0	0	0	0	0	0	0	0	0	0	0	0	0	0	0	1	1	0	0	0	0	1	1	0	1	1	0	1	1	0	0	0	0	0	0	0	0	0	0	1	0	0	0	1	0	0	0	0	0	0	1	0	1	0	0	0	0	0	0	0	0	0	0	0	0	1	0	0	0	0	0	0	0	0	0	0	0	1	0	0	0	1	0
4|Environment|Sediment and waste|GCA_053249855.1_genomic.fna.gz	0	0	0	0	0	0	0	0	0	0	0	0	0	0	0	0	0	0	0	0	0	0	0	0	0	0	0	0	0	0	0	0	1	1	0	0	0	0	1	1	0	1	1	0	1	1	0	0	0	0	0	0	0	0	0	0	1	0	0	0	1	0	0	0	0	0	0	1	0	1	0	0	0	0	0	0	0	0	0	0	0	0	1	0	0	0	0	0	0	0	0	0	0	0	1	0	0	0	1	0
4|Environment|Sediment and waste|GCA_053249895.1_genomic.fna.gz	0	0	0	0	0	0	0	0	0	0	0	0	0	0	0	0	0	0	0	0	0	0	0	0	0	0	0	0	0	0	0	0	1	1	0	0	0	0	1	1	0	1	1	0	1	1	0	0	0	0	0	0	0	0	0	0	1	0	0	0	1	0	0	0	0	0	0	1	0	1	0	0	0	0	0	0	0	0	0	0	0	0	1	0	0	0	0	0	0	0	0	0	0	0	1	0	0	0	1	0
9|Environment|Sediment and waste|GCA_053249935.1_genomic.fna.gz	0	0	0	0	0	0	0	0	0	0	0	0	0	0	0	0	0	0	0	0	0	0	0	0	0	0	0	0	0	0	0	1	1	1	0	1	0	0	1	0	1	1	1	0	0	1	1	0	0	0	0	0	0	0	0	0	1	0	0	0	0	1	0	0	0	1	1	0	0	0	0	0	0	0	0	1	0	1	0	0	1	0	0	0	1	0	0	0	0	0	1	0	0	0	0	0	1	0	0	0
12|Environment|Sediment and waste|GCA_053250015.1_genomic.fna.gz	0	0	0	0	0	0	0	0	0	0	0	0	1	0	0	0	0	0	0	0	1	0	0	0	0	0	0	0	0	0	0	0	1	0	0	0	0	0	1	0	1	0	0	0	0	0	1	1	1	0	0	0	0	0	1	0	0	0	0	0	1	1	0	1	0	0	1	1	1	0	0	0	0	0	0	1	0	0	0	0	0	0	0	0	0	0	0	0	0	0	1	0	0	0	1	0	0	0	1	0
9|Environment|Sediment and waste|GCA_053250035.1_genomic.fna.gz	0	0	0	0	0	0	0	0	0	0	0	0	0	0	0	0	0	0	0	0	0	0	0	0	0	0	0	0	0	0	0	1	1	1	0	1	0	0	1	0	1	1	1	0	0	1	1	0	0	0	0	0	0	0	0	0	1	0	0	0	0	1	0	0	0	1	1	0	0	0	0	0	0	0	0	1	0	1	0	0	1	0	0	0	1	0	0	0	0	0	1	0	0	0	0	0	1	0	0	0
8|Environment|Sediment and waste|GCA_053250075.1_genomic.fna.gz	0	0	0	0	0	0	0	0	0	0	0	0	0	0	0	0	0	0	0	0	0	0	0	0	0	0	0	0	0	0	0	1	1	1	0	1	0	0	1	0	1	1	1	0	0	1	1	0	0	0	0	0	0	0	0	0	1	0	0	0	0	1	0	0	0	1	1	0	0	0	0	0	0	0	0	1	0	1	0	0	1	0	0	0	1	0	0	0	0	0	1	0	0	0	0	0	0	0	0	0
2|Environment|Sediment and waste|GCA_053250095.1_genomic.fna.gz	0	0	0	0	0	0	0	1	1	1	1	0	1	1	0	0	0	0	1	0	1	0	1	0	1	1	0	0	0	0	0	0	1	1	1	1	0	0	1	1	1	0	0	1	1	0	0	1	1	0	0	0	0	0	0	0	0	0	0	0	0	0	0	0	1	0	1	1	0	1	1	0	0	1	1	0	0	1	0	0	0	0	0	1	0	0	0	0	0	0	0	0	0	0	0	0	0	0	0	0
8|Environment|Sediment and waste|GCA_053250115.1_genomic.fna.gz	0	0	0	0	0	0	0	0	0	0	0	0	0	0	0	0	0	0	0	0	0	0	0	0	0	0	0	0	0	0	0	1	1	1	0	1	0	0	1	0	1	1	1	0	0	1	1	0	0	0	0	0	0	0	0	0	1	0	0	0	0	1	0	0	0	1	1	0	0	0	0	0	0	0	0	1	0	1	0	0	1	0	0	0	1	0	0	0	0	0	1	0	0	0	0	0	0	0	0	0
2|Environment|Sediment and waste|GCA_053250135.1_genomic.fna.gz	0	0	0	0	0	0	0	1	1	1	1	0	1	1	0	0	0	0	1	0	1	0	1	0	1	1	0	0	0	0	0	0	1	1	1	1	0	0	1	1	1	0	0	1	1	0	0	1	1	0	0	0	0	0	0	0	0	0	0	0	0	0	0	0	1	0	1	1	0	1	1	0	0	1	1	0	0	1	0	0	0	0	0	1	0	0	0	0	0	0	0	0	0	0	0	0	0	0	0	0
2|Environment|Sediment and waste|GCA_053250155.1_genomic.fna.gz	0	0	0	0	0	0	0	1	1	1	1	0	1	1	0	0	0	0	1	0	1	0	1	0	1	1	0	0	0	0	0	0	1	1	1	1	0	0	1	1	1	0	0	1	1	0	0	1	1	0	0	0	0	0	0	0	0	0	0	0	0	0	0	0	1	0	1	1	0	1	1	0	0	1	1	0	0	1	0	0	0	0	0	1	0	0	0	0	0	0	0	0	0	0	0	0	0	0	0	0
2|Environment|Sediment and waste|GCA_053250195.1_genomic.fna.gz	0	0	0	0	0	0	0	1	1	1	1	0	1	1	0	0	0	0	1	0	1	0	1	0	1	1	0	0	0	0	0	0	1	1	1	1	0	0	1	1	1	0	0	1	1	0	0	1	1	0	0	0	0	0	0	0	0	0	0	0	0	0	0	0	1	0	1	1	0	1	1	0	0	1	1	0	0	1	0	0	0	0	0	1	0	0	0	0	0	0	0	0	0	0	0	0	0	0	0	0
12|Environment|Sediment and waste|GCA_053250215.1_genomic.fna.gz	0	0	0	0	0	0	0	0	0	0	0	0	0	0	0	0	0	0	0	0	1	0	0	1	0	0	0	0	0	0	0	0	1	0	1	0	0	0	1	0	0	1	0	0	0	0	0	0	1	0	0	0	0	0	1	0	0	0	0	0	1	1	1	0	0	0	1	1	0	0	0	1	0	1	0	1	0	0	0	0	0	0	1	0	0	0	0	0	0	0	0	0	0	0	0	0	0	0	0	0
2|Environment|Sediment and waste|GCA_053250275.1_genomic.fna.gz	0	0	0	0	0	0	0	1	1	1	1	0	1	1	0	0	0	0	1	0	1	0	1	0	1	1	0	0	0	0	0	0	1	1	1	1	0	0	1	1	1	0	0	1	1	0	0	1	1	0	0	0	0	0	0	0	0	0	0	0	0	0	0	0	1	0	1	1	0	1	1	0	0	1	1	0	0	1	0	0	0	0	0	1	0	0	0	0	0	0	0	0	0	0	0	0	0	0	0	0
2|Environment|Sediment and waste|GCA_053250295.1_genomic.fna.gz	0	0	0	0	0	0	0	1	1	1	1	0	1	1	0	0	0	0	1	0	1	0	1	0	1	1	0	0	0	0	0	0	1	1	1	1	0	0	1	1	1	0	0	1	1	0	0	1	1	0	0	0	0	0	0	0	0	0	0	0	0	0	0	0	1	0	1	1	0	1	1	0	0	1	1	0	0	1	0	0	0	0	0	1	0	0	0	0	0	0	0	0	0	0	0	0	0	0	0	0
9|Environment|Sediment and waste|GCA_053250315.1_genomic.fna.gz	0	0	0	0	0	0	0	0	0	0	0	0	0	0	0	0	0	0	0	0	0	0	0	0	0	0	0	0	0	0	0	1	1	1	0	1	0	0	1	0	1	1	1	0	0	1	1	0	0	0	0	0	0	0	0	0	1	0	0	0	0	1	0	0	0	1	1	0	0	0	0	0	0	0	0	1	0	1	0	0	1	0	0	0	1	0	0	0	0	0	1	0	0	0	0	0	1	0	0	0
9|Environment|Sediment and waste|GCA_053250375.1_genomic.fna.gz	0	0	0	0	0	0	0	0	0	0	0	0	0	0	0	0	0	0	0	0	0	0	0	0	0	0	0	0	0	0	0	1	1	1	0	1	0	0	1	0	1	1	1	0	0	1	1	0	0	0	0	0	0	0	0	0	1	0	0	0	0	1	0	0	0	1	1	0	0	0	0	0	0	0	0	1	0	1	0	0	1	0	0	0	1	0	0	0	0	0	1	0	0	0	0	0	1	0	0	0
2|Environment|Sediment and waste|GCA_053250395.1_genomic.fna.gz	0	0	0	0	0	0	0	1	1	1	1	0	1	1	0	0	0	0	1	0	1	0	1	0	1	1	0	0	0	0	0	0	1	1	1	1	0	0	1	1	1	0	0	1	1	0	0	1	1	0	0	0	0	0	0	0	0	0	0	0	0	0	0	0	1	0	1	1	0	1	1	0	0	1	1	0	0	1	0	0	0	0	0	1	0	0	0	0	0	0	0	0	0	0	0	0	0	0	0	0
2|Environment|Sediment and waste|GCA_053250415.1_genomic.fna.gz	0	0	0	0	0	0	0	1	1	1	1	0	1	1	0	0	0	0	1	0	1	0	1	0	1	1	0	0	0	0	0	0	1	1	1	1	0	0	1	1	1	0	0	1	1	0	0	1	1	0	0	0	0	0	0	0	0	0	0	0	0	0	0	0	1	0	1	1	0	1	1	0	0	1	1	0	0	1	0	0	0	0	0	1	0	0	0	0	0	0	0	0	0	0	0	0	0	0	0	0
9|Environment|Sediment and waste|GCA_053250435.1_genomic.fna.gz	0	0	0	0	0	0	0	0	0	0	0	0	0	0	0	0	0	0	0	0	0	0	0	0	0	0	0	0	0	0	0	1	1	1	0	1	0	0	1	0	1	1	1	0	0	1	1	0	0	0	0	0	0	0	0	0	1	0	0	0	0	1	0	0	0	1	1	0	0	0	0	0	0	0	0	1	0	1	0	0	1	0	0	0	1	0	0	0	0	0	1	0	0	0	0	0	1	0	0	0
2|Environment|Sediment and waste|GCA_053250455.1_genomic.fna.gz	0	0	0	0	0	0	0	1	1	1	1	0	1	1	0	0	0	0	1	0	1	0	1	0	1	1	0	0	0	0	0	0	1	1	1	1	0	0	1	1	1	0	0	1	1	0	0	1	1	0	0	0	0	0	0	0	0	0	0	0	0	0	0	0	1	0	1	1	0	1	1	0	0	1	1	0	0	1	0	0	0	0	0	1	0	0	0	0	0	0	0	0	0	0	0	0	0	0	0	0
5|Environment|Sediment and waste|GCA_053250475.1_genomic.fna.gz	0	0	1	0	1	1	0	0	0	0	0	1	0	0	0	1	0	0	0	0	1	1	1	0	1	1	0	0	0	0	0	0	0	0	1	0	1	1	0	0	0	0	1	0	0	0	0	1	0	0	0	0	0	1	1	1	0	0	0	0	1	0	0	1	0	1	0	0	0	0	0	1	0	0	0	0	1	0	0	0	0	0	1	0	0	0	0	0	0	0	0	0	0	0	0	0	0	0	0	0
2|Environment|Sediment and waste|GCA_053250495.1_genomic.fna.gz	0	0	0	0	0	0	0	1	1	1	1	0	1	1	0	0	0	0	1	0	1	0	1	0	1	1	0	0	0	0	0	0	1	1	1	1	0	0	1	1	1	0	0	1	1	0	0	1	1	0	0	0	0	0	0	0	0	0	0	0	0	0	0	0	1	0	1	1	0	1	1	0	0	1	1	0	0	1	0	0	0	0	0	1	0	0	0	0	0	0	0	0	0	0	0	0	0	0	0	0
8|Environment|Sediment and waste|GCA_053250515.1_genomic.fna.gz	0	0	0	0	0	0	0	0	0	0	0	0	0	0	0	0	0	0	0	0	0	0	0	0	0	0	0	0	0	0	0	1	1	1	0	1	0	0	1	0	1	1	1	0	0	1	1	0	0	0	0	0	0	0	0	0	1	0	0	0	0	1	0	0	0	1	1	0	0	0	0	0	0	0	0	1	0	1	0	0	1	0	0	0	1	0	0	0	0	0	1	0	0	0	0	0	0	0	0	0
8|Environment|Sediment and waste|GCA_053250535.1_genomic.fna.gz	0	0	0	0	0	0	0	0	0	0	0	0	0	0	0	0	0	0	0	0	0	0	0	0	0	0	0	0	0	0	0	1	1	1	0	1	0	0	1	0	1	1	1	0	0	1	1	0	0	0	0	0	0	0	0	0	1	0	0	0	0	1	0	0	0	1	1	0	0	0	0	0	0	0	0	1	0	1	0	0	1	0	0	0	1	0	0	0	0	0	1	0	0	0	0	0	0	0	0	0
2|Environment|Sediment and waste|GCA_053250555.1_genomic.fna.gz	0	0	0	0	0	0	0	1	1	1	1	0	1	1	0	0	0	0	1	0	1	0	1	0	1	1	0	0	0	0	0	0	1	1	1	1	0	0	1	1	1	0	0	1	1	0	0	1	1	0	0	0	0	0	0	0	0	0	0	0	0	0	0	0	1	0	1	1	0	1	1	0	0	1	1	0	0	1	0	0	0	0	0	1	0	0	0	0	0	0	0	0	0	0	0	0	0	0	0	0
2|Environment|Sediment and waste|GCA_053250575.1_genomic.fna.gz	0	0	0	0	0	0	0	1	1	1	1	0	1	1	0	0	0	0	1	0	1	0	1	0	1	1	0	0	0	0	0	0	1	1	1	1	0	0	1	1	1	0	0	1	1	0	0	1	1	0	0	0	0	0	0	0	0	0	0	0	0	0	0	0	1	0	1	1	0	1	1	0	0	1	1	0	0	1	0	0	0	0	0	1	0	0	0	0	0	0	0	0	0	0	0	0	0	0	0	0
2|Environment|Sediment and waste|GCA_053250615.1_genomic.fna.gz	0	0	0	0	0	0	0	1	1	1	1	0	1	1	0	0	0	0	1	0	1	0	1	0	1	1	0	0	0	0	0	0	1	1	1	1	0	0	1	1	1	0	0	1	1	0	0	1	1	0	0	0	0	0	0	0	0	0	0	0	0	0	0	0	1	0	1	1	0	1	1	0	0	1	1	0	0	1	0	0	0	0	0	1	0	0	0	0	0	0	0	0	0	0	0	0	0	0	0	0
9|Environment|Sediment and waste|GCA_053250635.1_genomic.fna.gz	0	0	0	0	0	0	0	0	0	0	0	0	0	0	0	0	0	0	0	0	0	0	0	0	0	0	0	0	0	0	0	1	1	1	0	1	0	0	1	0	1	1	1	0	0	1	1	0	0	0	0	0	0	0	0	0	1	0	0	0	0	1	0	0	0	1	1	0	0	0	0	0	0	0	0	1	0	1	0	0	1	0	0	0	1	0	0	0	0	0	1	0	0	0	0	0	1	0	0	0
2|Environment|Sediment and waste|GCA_053250655.1_genomic.fna.gz	0	0	0	0	0	0	0	1	1	1	1	0	1	1	0	0	0	0	1	0	1	0	1	0	1	1	0	0	0	0	0	0	1	1	1	1	0	0	1	1	1	0	0	1	1	0	0	1	1	0	0	0	0	0	0	0	0	0	0	0	0	0	0	0	1	0	1	1	0	1	1	0	0	1	1	0	0	1	0	0	0	0	0	1	0	0	0	0	0	0	0	0	0	0	0	0	0	0	0	0
2|Environment|Sediment and waste|GCA_053250675.1_genomic.fna.gz	0	0	0	0	0	0	0	1	1	1	1	0	1	1	0	0	0	0	1	0	1	0	1	0	1	1	0	0	0	0	0	0	1	1	1	1	0	0	1	1	1	0	0	1	1	0	0	1	1	0	0	0	0	0	0	0	0	0	0	0	0	0	0	0	1	0	1	1	0	1	1	0	0	1	1	0	0	1	0	0	0	0	0	1	0	0	0	0	0	0	0	0	0	0	0	0	0	0	0	0
2|Environment|Sediment and waste|GCA_053250815.1_genomic.fna.gz	0	0	0	0	0	0	0	1	1	1	1	0	1	1	0	0	0	0	1	0	1	0	1	0	1	1	0	0	0	0	0	0	1	1	1	1	0	0	1	1	1	0	0	1	1	0	0	1	1	0	0	0	0	0	0	0	0	0	0	0	0	0	0	0	1	0	1	1	0	1	1	0	0	1	1	0	0	1	0	0	0	0	0	1	0	0	0	0	0	0	0	0	0	0	0	0	0	0	0	0
2|Environment|Sediment and waste|GCA_053250855.1_genomic.fna.gz	0	0	0	0	0	0	0	1	1	1	1	0	1	1	0	0	0	0	1	0	1	0	1	0	1	1	0	0	0	0	0	0	1	1	1	1	0	0	1	1	1	0	0	1	1	0	0	1	1	0	0	0	0	0	0	0	0	0	0	0	0	0	0	0	1	0	1	1	0	1	1	0	0	1	1	0	0	1	0	0	0	0	0	1	0	0	0	0	0	0	0	0	0	0	0	0	0	0	0	0
2|Environment|Sediment and waste|GCA_053250875.1_genomic.fna.gz	0	0	0	0	0	0	0	1	1	1	1	0	1	1	0	0	0	0	1	0	1	0	1	0	1	1	0	0	0	0	0	0	1	1	1	1	0	0	1	1	1	0	0	1	1	0	0	1	1	0	0	0	0	0	0	0	0	0	0	0	0	0	0	0	1	0	1	1	0	1	1	0	0	1	1	0	0	1	0	0	0	0	0	1	0	0	0	0	0	0	0	0	0	0	0	0	0	0	0	0
8|Environment|Sediment and waste|GCA_053250895.1_genomic.fna.gz	0	0	0	0	0	0	0	0	0	0	0	0	0	0	0	0	0	0	0	0	0	0	0	0	0	0	0	0	0	0	0	1	1	1	0	1	0	0	1	0	1	1	1	0	0	1	1	0	0	0	0	0	0	0	0	0	1	0	0	0	0	1	0	0	0	1	1	0	0	0	0	0	0	0	0	1	0	1	0	0	1	0	0	0	1	0	0	0	0	0	1	0	0	0	0	0	0	0	0	0
2|Environment|Sediment and waste|GCA_053250915.1_genomic.fna.gz	0	0	0	0	0	0	0	1	1	1	1	0	1	1	0	0	0	0	1	0	1	0	1	0	1	1	0	0	0	0	0	0	1	1	1	1	0	0	1	1	1	0	0	1	1	0	0	1	1	0	0	0	0	0	0	0	0	0	0	0	0	0	0	0	1	0	1	1	0	1	1	0	0	1	1	0	0	1	0	0	0	0	0	1	0	0	0	0	0	0	0	0	0	0	0	0	0	0	0	0
8|Environment|Sediment and waste|GCA_053250955.1_genomic.fna.gz	0	0	0	0	0	0	0	0	0	0	0	0	0	0	0	0	0	0	0	0	0	0	0	0	0	0	0	0	0	0	0	1	1	1	0	1	0	0	1	0	1	1	1	0	0	1	1	0	0	0	0	0	0	0	0	0	1	0	0	0	0	1	0	0	0	1	1	0	0	0	0	0	0	0	0	1	0	1	0	0	1	0	0	0	1	0	0	0	0	0	1	0	0	0	0	0	0	0	0	0
2|Environment|Sediment and waste|GCA_053251015.1_genomic.fna.gz	0	0	0	0	0	0	0	1	1	1	1	0	1	1	0	0	0	0	1	0	1	0	1	0	1	1	0	0	0	0	0	0	1	1	1	1	0	0	1	1	1	0	0	1	1	0	0	1	1	0	0	0	0	0	0	0	0	0	0	0	0	0	0	0	1	0	1	1	0	1	1	0	0	1	1	0	0	1	0	0	0	0	0	1	0	0	0	0	0	0	0	0	0	0	0	0	0	0	0	0
9|Environment|Sediment and waste|GCA_053251035.1_genomic.fna.gz	0	0	0	0	0	0	0	0	0	0	0	0	0	0	0	0	0	0	0	0	0	0	0	0	0	0	0	0	0	0	0	1	1	1	0	1	0	0	1	0	1	1	1	0	0	1	1	0	0	0	0	0	0	0	0	0	1	0	0	0	0	1	0	0	0	1	1	0	0	0	0	0	0	0	0	1	0	1	0	0	1	0	0	0	1	0	0	0	0	0	1	0	0	0	0	0	1	0	0	0
2|Environment|Sediment and waste|GCA_053251075.1_genomic.fna.gz	0	0	0	0	0	0	0	1	1	1	1	0	1	1	0	0	0	0	1	0	1	0	1	0	1	1	0	0	0	0	0	0	1	1	1	1	0	0	1	1	1	0	0	1	1	0	0	1	1	0	0	0	0	0	0	0	0	0	0	0	0	0	0	0	1	0	1	1	0	1	1	0	0	1	1	0	0	1	0	0	0	0	0	1	0	0	0	0	0	0	0	0	0	0	0	0	0	0	0	0
4|Environment|Sediment and waste|GCA_053251115.1_genomic.fna.gz	0	0	0	0	0	0	0	0	0	1	0	0	0	0	0	0	0	0	0	0	0	0	0	0	0	0	0	0	0	0	0	0	1	1	0	0	0	0	1	1	0	1	1	0	1	1	0	0	0	0	0	0	0	0	0	0	1	0	0	0	1	0	0	0	0	0	0	1	0	1	0	0	0	0	0	0	0	0	0	0	0	0	1	0	0	0	0	0	0	0	0	0	0	0	1	0	0	0	1	0
2|Environment|Sediment and waste|GCA_053251135.1_genomic.fna.gz	0	0	0	0	0	0	0	1	1	1	1	0	1	1	0	0	0	0	1	0	1	0	1	0	1	1	0	0	0	0	0	0	1	1	1	1	0	0	1	1	1	0	0	1	1	0	0	1	1	0	0	0	0	0	0	0	0	0	0	0	0	0	0	0	1	0	1	1	0	1	1	0	0	1	1	0	0	1	0	0	0	0	0	1	0	0	0	0	0	0	0	0	0	0	0	0	0	0	0	0
2|Environment|Sediment and waste|GCA_053251155.1_genomic.fna.gz	0	0	0	0	0	0	0	1	1	1	1	0	1	1	0	0	0	0	1	0	1	0	1	0	1	1	0	0	0	0	0	0	1	1	1	1	0	0	1	1	1	0	0	1	1	0	0	1	1	0	0	0	0	0	0	0	0	0	0	0	0	0	0	0	1	0	1	1	0	1	1	0	0	1	1	0	0	1	0	0	0	0	0	1	0	0	0	0	0	0	0	0	0	0	0	0	0	0	0	0
7|Environment|Sediment and waste|GCA_053251175.1_genomic.fna.gz	0	0	0	0	0	0	0	0	0	0	0	0	0	0	0	0	0	0	0	0	0	0	0	0	0	0	0	0	0	0	0	0	1	1	0	0	0	0	0	0	1	0	1	1	0	0	0	0	0	0	0	0	0	0	0	0	1	0	0	0	0	0	0	0	0	0	0	1	0	0	1	0	0	0	0	1	1	1	0	0	0	0	0	0	0	0	0	0	0	0	1	0	0	0	0	0	0	0	0	1
7|Environment|Sediment and waste|GCA_053251185.1_genomic.fna.gz	0	0	0	0	0	0	0	0	0	0	0	0	0	0	0	0	0	0	0	0	0	0	0	0	0	0	0	0	0	0	0	0	1	1	0	0	0	0	0	0	1	0	1	1	0	0	0	0	0	0	0	0	0	0	0	0	1	0	0	0	0	0	0	0	0	0	0	1	0	0	1	0	0	0	0	1	1	1	0	0	0	0	0	0	0	0	0	0	0	0	1	0	0	0	0	0	0	0	0	1
9|Environment|Sediment and waste|GCA_053251215.1_genomic.fna.gz	0	0	0	0	0	0	0	0	0	0	0	0	0	0	0	0	0	0	0	0	0	0	0	0	0	0	0	0	0	0	0	1	1	1	0	1	0	0	1	0	1	1	1	0	0	1	1	0	0	0	0	0	0	0	0	0	1	0	0	0	0	1	0	0	0	1	1	0	0	0	0	0	0	0	0	1	0	1	0	0	1	0	0	0	1	0	0	0	0	0	1	0	0	0	0	0	1	0	0	0
2|Environment|Sediment and waste|GCA_053251235.1_genomic.fna.gz	0	0	0	0	0	0	0	1	1	1	1	0	1	1	0	0	0	0	1	0	1	0	1	0	1	1	0	0	0	0	0	0	1	1	1	1	0	0	1	1	1	0	0	1	1	0	0	1	1	0	0	0	0	0	0	0	0	0	0	0	0	0	0	0	1	0	1	1	0	1	1	0	0	1	1	0	0	1	0	0	0	0	0	1	0	0	0	0	0	0	0	0	0	0	0	0	0	0	0	0
2|Environment|Sediment and waste|GCA_053251255.1_genomic.fna.gz	0	0	0	0	0	0	0	1	1	1	1	0	1	1	0	0	0	0	1	0	1	0	1	0	1	1	0	0	0	0	0	0	1	1	1	1	0	0	1	1	1	0	0	1	1	0	0	1	1	0	0	0	0	0	0	0	0	0	0	0	0	0	0	0	1	0	1	1	0	1	1	0	0	1	1	0	0	1	0	0	0	0	0	1	0	0	0	0	0	0	0	0	0	0	0	0	0	0	0	0
2|Environment|Sediment and waste|GCA_053251295.1_genomic.fna.gz	0	0	0	0	0	0	0	1	1	1	1	0	1	1	0	0	0	0	1	0	1	0	1	0	1	1	0	0	0	0	0	0	1	1	1	1	0	0	1	1	1	0	0	1	1	0	0	1	1	0	0	0	0	0	0	0	0	0	0	0	0	0	0	0	1	0	1	1	0	1	1	0	0	1	1	0	0	1	0	0	0	0	0	1	0	0	0	0	0	0	0	0	0	0	0	0	0	0	0	0
2|Environment|Sediment and waste|GCA_053251315.1_genomic.fna.gz	0	0	0	0	0	0	0	1	1	1	1	0	1	1	0	0	0	0	1	0	1	0	1	0	1	1	0	0	0	0	0	0	1	1	1	1	0	0	1	1	1	0	0	1	1	0	0	1	1	0	0	0	0	0	0	0	0	0	0	0	0	0	0	0	1	0	1	1	0	1	1	0	0	1	1	0	0	1	0	0	0	0	0	1	0	0	0	0	0	0	0	0	0	0	0	0	0	0	0	0
4|Environment|Sediment and waste|GCA_053251335.1_genomic.fna.gz	0	0	0	0	0	0	0	0	0	0	0	0	0	0	0	0	0	0	0	0	0	0	0	0	0	0	0	0	0	0	0	0	1	1	0	0	0	0	1	1	0	1	1	0	1	1	0	0	0	0	0	0	0	0	0	0	1	0	0	0	1	0	0	0	0	0	0	1	0	1	0	0	0	0	0	0	0	0	0	0	0	0	1	0	0	0	0	0	0	0	0	0	0	0	1	0	0	0	1	0
2|Environment|Sediment and waste|GCA_053251355.1_genomic.fna.gz	0	0	0	0	0	0	0	1	1	1	1	0	1	1	0	0	0	0	1	0	1	0	1	0	1	1	0	0	0	0	0	0	1	1	1	1	0	0	1	1	1	0	0	1	1	0	0	1	1	0	0	0	0	0	0	0	0	0	0	0	0	0	0	0	1	0	1	1	0	1	1	0	0	1	1	0	0	1	0	0	0	0	0	1	0	0	0	0	0	0	0	0	0	0	0	0	0	0	0	0
9|Environment|Sediment and waste|GCA_053251375.1_genomic.fna.gz	0	0	0	0	0	0	0	0	0	0	0	0	0	0	0	0	0	0	0	0	0	0	0	0	0	0	0	0	0	0	0	1	1	1	0	1	0	0	1	0	1	1	1	0	0	1	1	0	0	0	0	0	0	0	0	0	1	0	0	0	0	1	0	0	0	1	1	0	0	0	0	0	0	0	0	1	0	1	0	0	1	0	0	0	1	0	0	0	0	0	1	0	0	0	0	0	1	0	0	0
2|Environment|Sediment and waste|GCA_053251415.1_genomic.fna.gz	0	0	0	0	0	0	0	1	1	1	1	0	1	1	0	0	0	0	1	0	1	0	1	0	1	1	0	0	0	0	0	0	1	1	1	1	0	0	1	1	1	0	0	1	1	0	0	1	1	0	0	0	0	0	0	0	0	0	0	0	0	0	0	0	1	0	1	1	0	1	1	0	0	1	1	0	0	1	0	0	0	0	0	1	0	0	0	0	0	0	0	0	0	0	0	0	0	0	0	0
2|Environment|Sediment and waste|GCA_053251475.1_genomic.fna.gz	0	0	0	0	0	0	0	1	1	1	1	0	1	1	0	0	0	0	1	0	1	0	1	0	1	1	0	0	0	0	0	0	1	1	1	1	0	0	1	1	1	0	0	1	1	0	0	1	1	0	0	0	0	0	0	0	0	0	0	0	0	0	0	0	1	0	1	1	0	1	1	0	0	1	1	0	0	1	0	0	0	0	0	1	0	0	0	0	0	0	0	0	0	0	0	0	0	0	0	0
14|Environment|Sediment and waste|GCA_053251495.1_genomic.fna.gz	0	0	0	0	0	0	0	0	0	0	0	0	0	0	1	0	0	0	0	1	0	0	0	1	0	1	1	0	0	0	0	0	0	0	0	0	0	1	0	0	0	0	0	0	0	0	0	0	1	0	0	0	0	0	0	0	0	0	0	0	0	0	0	1	1	0	0	0	0	0	0	0	1	1	0	0	1	0	0	1	0	0	1	0	0	0	0	0	0	0	0	0	1	1	0	0	0	0	0	0
14|Environment|Sediment and waste|GCA_053251515.1_genomic.fna.gz	0	0	0	0	0	0	0	0	0	0	0	0	0	0	1	0	0	0	0	1	0	0	0	1	0	1	1	0	0	0	0	0	0	0	0	0	0	1	0	0	0	0	0	0	0	0	0	0	1	0	0	0	0	0	0	0	0	0	0	0	0	0	0	1	1	0	0	0	0	0	0	0	1	1	0	0	1	0	0	1	0	0	1	0	0	0	0	0	0	0	0	0	1	1	0	0	0	0	0	0
9|Environment|Sediment and waste|GCA_053251555.1_genomic.fna.gz	0	0	0	0	0	0	0	0	0	0	0	0	0	0	0	0	0	0	0	0	0	0	0	0	0	0	0	0	0	0	0	1	1	1	0	1	0	0	1	0	1	1	1	0	0	1	1	0	0	0	0	0	0	0	0	0	1	0	0	0	0	1	0	0	0	1	1	0	0	0	0	0	0	0	0	1	0	1	0	0	1	0	0	0	1	0	0	0	0	0	1	0	0	0	0	0	1	0	0	0
9|Environment|Sediment and waste|GCA_053251575.1_genomic.fna.gz	0	0	0	0	0	0	0	0	0	0	0	0	0	0	0	0	0	0	0	0	0	0	0	0	0	0	0	0	0	0	0	1	1	1	0	1	0	0	1	0	1	1	1	0	0	1	1	0	0	0	0	0	0	0	0	0	1	0	0	0	0	1	0	0	0	1	1	0	0	0	0	0	0	0	0	1	0	1	0	0	1	0	0	0	1	0	0	0	0	0	1	0	0	0	0	0	1	0	0	0
8|Environment|Sediment and waste|GCA_053251595.1_genomic.fna.gz	0	0	0	0	0	0	0	0	0	0	0	0	0	0	0	0	0	0	0	0	0	0	0	0	0	0	0	0	0	0	0	1	1	1	0	1	0	0	1	0	1	1	1	0	0	1	1	0	0	0	0	0	0	0	0	0	1	0	0	0	0	1	0	0	0	1	1	0	0	0	0	0	0	0	0	1	0	1	0	0	1	0	0	0	1	0	0	0	0	0	1	0	0	0	0	0	0	0	0	0
2|Environment|Sediment and waste|GCA_053251615.1_genomic.fna.gz	0	0	0	0	0	0	0	1	1	1	1	0	1	1	0	0	0	0	1	0	1	0	1	0	1	1	0	0	0	0	0	0	1	1	1	1	0	0	1	1	1	0	0	1	1	0	0	1	1	0	0	0	0	0	0	0	0	0	0	0	0	0	0	0	1	0	1	1	0	1	1	0	0	1	1	0	0	1	0	0	0	0	0	1	0	0	0	0	0	0	0	0	0	0	0	0	0	0	0	0
9|Environment|Sediment and waste|GCA_053251635.1_genomic.fna.gz	0	0	0	0	0	0	0	0	0	0	0	0	0	0	0	0	0	0	0	0	0	0	0	0	0	0	0	0	0	0	0	1	1	1	0	1	0	0	1	0	1	1	1	0	0	1	1	0	0	0	0	0	0	0	0	0	1	0	0	0	0	1	0	0	0	1	1	0	0	0	0	0	0	0	0	1	0	1	0	0	1	0	0	0	1	0	0	0	0	0	1	0	0	0	0	0	1	0	0	0
2|Environment|Sediment and waste|GCA_053251655.1_genomic.fna.gz	0	0	0	0	0	0	0	1	1	1	1	0	1	1	0	0	0	0	1	0	1	0	1	0	1	1	0	0	0	0	0	0	1	1	1	1	0	0	1	1	1	0	0	1	1	0	0	1	1	0	0	0	0	0	0	0	0	0	0	0	0	0	0	0	1	0	1	1	0	1	1	0	0	1	1	0	0	1	0	0	0	0	0	1	0	0	0	0	0	0	0	0	0	0	0	0	0	0	0	0
2|Environment|Sediment and waste|GCA_053251675.1_genomic.fna.gz	0	0	0	0	0	0	0	1	1	1	1	0	1	1	0	0	0	0	1	0	1	0	1	0	1	1	0	0	0	0	0	0	1	1	1	1	0	0	1	1	1	0	0	1	1	0	0	1	1	0	0	0	0	0	0	0	0	0	0	0	0	0	0	0	1	0	1	1	0	1	1	0	0	1	1	0	0	1	0	0	0	0	0	1	0	0	0	0	0	0	0	0	0	0	0	0	0	0	0	0
14|Environment|Sediment and waste|GCA_053251695.1_genomic.fna.gz	0	0	0	0	0	0	0	0	0	0	0	0	0	0	1	0	0	0	0	1	0	0	0	1	0	1	1	0	0	0	0	0	0	0	0	0	0	1	0	0	0	0	0	0	0	0	0	0	1	0	0	0	0	0	0	0	0	0	0	0	0	0	0	1	1	0	0	0	0	0	0	0	1	1	0	0	1	0	0	1	0	0	1	0	0	0	0	0	0	0	0	0	1	1	0	0	0	0	0	0
2|Environment|Sediment and waste|GCA_053251715.1_genomic.fna.gz	0	0	0	0	0	0	0	1	1	1	1	0	1	1	0	0	0	0	1	0	1	0	1	0	1	1	0	0	0	0	0	0	1	1	1	1	0	0	1	1	1	0	0	1	1	0	0	1	1	0	0	0	0	0	0	0	0	0	0	0	0	0	0	0	1	0	1	1	0	1	1	0	0	1	1	0	0	1	0	0	0	0	0	1	0	0	0	0	0	0	0	0	0	0	0	0	0	0	0	0
2|Environment|Sediment and waste|GCA_053251775.1_genomic.fna.gz	0	0	0	0	0	0	0	1	1	1	1	0	1	1	0	0	0	0	1	0	1	0	1	0	1	1	0	0	0	0	0	0	1	1	1	1	0	0	1	1	1	0	0	1	1	0	0	1	1	0	0	0	0	0	0	0	0	0	0	0	0	0	0	0	1	0	1	1	0	1	1	0	0	1	1	0	0	1	0	0	0	0	0	1	0	0	0	0	0	0	0	0	0	0	0	0	0	0	0	0
8|Environment|Sediment and waste|GCA_053251795.1_genomic.fna.gz	0	0	0	0	0	0	0	0	0	0	0	0	0	0	0	0	0	0	0	0	0	0	0	0	0	0	0	0	0	0	0	1	1	1	0	1	0	0	1	0	1	1	1	0	0	1	1	0	0	0	0	0	0	0	0	0	1	0	0	0	0	1	0	0	0	1	1	0	0	0	0	0	0	0	0	1	0	1	0	0	1	0	0	0	1	0	0	0	0	0	1	0	0	0	0	0	0	0	0	0
9|Environment|Sediment and waste|GCA_053251815.1_genomic.fna.gz	0	0	0	0	0	0	0	0	0	0	0	0	0	0	0	0	0	0	0	0	0	0	0	0	0	0	0	0	0	0	0	1	1	1	0	1	0	0	1	0	1	1	1	0	0	1	1	0	0	0	0	0	0	0	0	0	1	0	0	0	0	1	0	0	0	1	1	0	0	0	0	0	0	0	0	1	0	1	0	0	1	0	0	0	1	0	0	0	0	0	1	0	0	0	0	0	1	0	0	0
2|Environment|Sediment and waste|GCA_053251835.1_genomic.fna.gz	0	0	0	0	0	0	0	1	1	1	1	0	1	1	0	0	0	0	1	0	1	0	1	0	1	1	0	0	0	0	0	0	1	1	1	1	0	0	1	1	1	0	0	1	1	0	0	1	1	0	0	0	0	0	0	0	0	0	0	0	0	0	0	0	1	0	1	1	0	1	1	0	0	1	1	0	0	1	0	0	0	0	0	1	0	0	0	0	0	0	0	0	0	0	0	0	0	0	0	0
5|Food chain|Chicken products|GCA_053259955.1_genomic.fna.gz	0	0	1	0	1	1	0	0	0	0	0	1	0	0	0	1	0	0	0	0	1	1	1	0	1	1	0	0	0	0	0	0	0	0	1	0	1	1	0	0	0	0	1	0	0	0	0	1	0	0	0	0	0	1	1	1	0	0	0	0	1	0	0	1	0	1	0	0	0	0	0	1	0	0	0	0	1	0	0	0	0	0	1	0	0	0	0	0	0	0	0	0	0	0	0	0	0	0	0	0
5|Food chain|Chicken products|GCA_053260055.1_genomic.fna.gz	0	0	1	0	1	1	0	0	0	0	0	1	0	0	0	1	0	0	0	0	1	1	1	0	1	1	0	0	0	0	0	0	0	0	1	0	1	1	0	0	0	0	1	0	0	0	0	1	0	0	0	0	0	1	1	1	0	0	0	0	1	0	0	1	0	1	0	0	0	0	0	1	0	0	0	0	1	0	0	0	0	0	1	0	0	0	0	0	0	0	0	0	0	0	0	0	0	0	0	0
6|Food chain|Beef products|GCA_053260795.1_genomic.fna.gz	0	0	0	0	0	0	0	0	0	0	0	0	0	1	0	0	0	0	0	0	0	0	0	0	0	0	0	0	0	0	0	0	1	1	0	0	0	1	0	0	1	0	0	0	0	0	0	1	0	0	0	0	0	0	1	0	0	0	0	0	0	0	0	0	0	0	1	1	0	0	0	0	0	1	0	0	1	1	0	0	1	0	0	0	0	0	0	0	0	0	1	0	0	0	0	0	0	0	0	1
6|Food chain|Beef products|GCA_053261115.1_genomic.fna.gz	0	0	0	0	0	0	0	0	0	0	0	0	0	1	0	0	0	0	0	0	0	0	0	0	0	0	0	0	0	0	0	0	1	1	0	0	0	1	0	0	1	0	0	0	0	0	0	1	0	0	0	0	0	0	1	0	0	0	0	0	0	0	0	0	0	0	1	1	0	0	0	0	0	1	0	0	1	1	0	0	1	0	0	0	0	0	0	0	0	0	1	0	0	0	0	0	0	0	0	1
5|Food chain|Turkey and duck products|GCA_053277335.1_genomic.fna.gz	0	0	1	0	1	1	0	0	0	0	0	1	0	0	0	1	0	0	0	0	1	1	1	0	1	1	0	0	0	0	0	0	0	0	1	0	1	1	0	0	0	0	1	0	0	0	0	1	0	0	0	0	0	1	1	1	0	0	0	0	1	0	0	1	0	1	0	0	0	0	0	1	0	0	0	0	1	0	0	0	0	0	1	0	0	0	0	0	0	0	0	0	0	0	0	0	0	0	0	0
5|Food chain|General food and retail|GCA_053277375.1_genomic.fna.gz	0	0	1	0	1	1	0	0	0	0	0	1	0	0	0	1	0	0	0	0	1	1	1	0	1	1	0	0	0	0	0	0	0	0	1	0	1	1	0	0	0	0	1	0	0	0	0	1	0	0	0	0	0	1	1	1	0	0	0	0	1	0	0	1	0	1	0	0	0	0	0	1	0	0	0	0	1	0	0	0	0	0	1	0	0	0	0	0	0	0	0	0	0	0	0	0	0	0	0	0
5|Food chain|General food and retail|GCA_053277455.1_genomic.fna.gz	0	0	1	0	1	1	0	0	0	0	0	1	0	0	0	1	0	0	0	0	1	1	1	0	1	1	0	0	0	0	0	0	0	0	1	0	1	1	0	0	0	0	1	0	0	0	0	1	0	0	0	0	0	1	1	1	0	0	0	0	1	0	0	1	0	1	0	0	0	0	0	1	0	0	0	0	1	0	0	0	0	0	1	0	0	0	0	0	0	0	0	0	0	0	0	0	0	0	0	0
5|Food chain|Chicken products|GCA_053277465.1_genomic.fna.gz	0	0	1	0	1	1	0	0	0	0	0	1	0	0	0	1	0	0	0	0	1	1	1	0	1	1	0	0	0	0	0	0	0	0	1	0	1	1	0	0	0	0	1	0	0	0	0	1	0	0	0	0	0	1	1	1	0	0	0	0	1	0	0	1	0	1	0	0	0	0	0	1	0	0	0	0	1	0	0	0	0	0	1	0	0	0	0	0	0	0	0	0	0	0	0	0	0	0	0	0
8|Food chain|General food and retail|GCA_053277515.1_genomic.fna.gz	0	0	0	0	0	0	0	0	0	0	0	0	0	0	0	0	0	0	0	0	0	0	0	0	0	0	0	0	0	0	0	1	1	1	0	1	0	0	1	0	1	1	1	0	0	1	1	0	0	0	0	0	0	0	0	0	1	0	0	0	0	1	0	0	0	1	1	0	0	0	0	0	0	0	0	1	0	1	0	0	1	0	0	0	1	0	0	0	0	0	1	0	0	0	0	0	0	0	0	0
5|Food chain|Chicken products|GCA_053277535.1_genomic.fna.gz	0	0	1	0	1	1	0	0	0	0	0	1	0	0	0	1	0	0	0	0	1	1	1	0	1	1	0	0	0	0	0	0	0	0	1	0	1	1	0	0	0	0	1	0	0	0	0	1	0	0	0	0	0	1	1	1	0	0	0	0	1	0	0	1	0	1	0	0	0	0	0	1	0	0	0	0	1	0	0	0	0	0	1	0	0	0	0	0	0	0	0	0	0	0	0	0	0	0	0	0
15|Food chain|Chicken products|GCA_053277615.1_genomic.fna.gz	0	0	0	0	0	0	0	0	0	0	0	0	0	0	1	0	0	0	0	1	0	0	0	1	0	0	1	0	0	0	0	0	0	0	0	0	0	1	0	0	0	0	0	0	0	0	0	0	0	0	0	0	0	0	0	0	0	0	0	0	0	0	0	1	0	0	0	0	0	0	0	0	1	1	0	0	1	0	0	1	1	1	0	0	1	0	0	0	0	0	0	0	1	0	0	0	0	0	0	0
13|Livestock and Other animals|Cattle|GCA_053277655.1_genomic.fna.gz	0	0	0	0	0	0	0	0	0	0	0	0	0	0	0	0	0	0	0	0	0	0	1	0	0	0	0	0	0	0	0	0	0	0	0	0	0	0	1	0	0	0	0	0	0	0	0	0	1	0	0	0	0	0	1	0	0	1	0	0	1	0	0	0	0	1	0	0	1	0	0	0	0	0	0	0	0	1	0	0	1	1	1	0	1	0	0	0	0	0	0	0	0	0	1	0	0	1	0	0
8|Food chain|General food and retail|GCA_053277675.1_genomic.fna.gz	0	0	0	0	0	0	0	0	0	0	0	0	0	0	0	0	0	0	0	0	0	0	0	0	0	0	0	0	0	0	0	1	1	1	0	1	0	0	1	0	1	1	1	0	0	1	1	0	0	0	0	0	0	0	0	0	1	0	0	0	0	1	0	0	0	1	1	0	0	0	0	0	0	0	0	1	0	1	0	0	1	0	0	0	1	0	0	0	0	0	1	0	0	0	0	0	0	0	0	0
5|Livestock and Other animals|Chicken and poultry birds|GCA_053278435.1_genomic.fna.gz	0	0	1	0	1	1	0	0	0	0	0	1	0	0	0	1	0	0	0	0	1	1	1	0	1	1	0	0	0	0	0	0	0	0	1	0	1	1	0	0	0	0	1	0	0	0	0	1	0	0	0	0	0	1	1	1	0	0	0	0	1	0	0	1	0	1	0	0	0	0	0	1	0	0	0	0	1	0	0	0	0	0	1	0	0	0	0	0	0	0	0	0	0	0	0	0	0	0	0	0
5|Livestock and Other animals|Chicken and poultry birds|GCA_053278595.1_genomic.fna.gz	0	0	1	0	1	1	0	0	0	0	0	1	0	0	0	1	0	0	0	0	1	1	1	0	1	1	0	0	0	0	0	0	0	0	1	0	1	1	0	0	0	0	1	0	0	0	0	1	0	0	0	0	0	1	1	1	0	0	0	0	1	0	0	1	0	1	0	0	0	0	0	1	0	0	0	0	1	0	0	0	0	0	1	0	0	0	0	0	0	0	0	0	0	0	0	0	0	0	0	0
15|Livestock and Other animals|Chicken and poultry birds|GCA_053278675.1_genomic.fna.gz	0	0	0	0	0	0	0	0	0	0	0	0	0	0	1	0	0	0	0	1	0	0	0	1	0	0	1	0	0	0	0	0	0	0	0	0	0	1	0	0	0	0	0	0	0	0	0	0	0	0	0	0	0	0	0	0	0	0	0	0	0	0	0	1	0	0	0	0	0	0	0	0	1	1	0	0	1	0	0	1	1	1	0	0	1	0	0	0	0	0	0	0	1	0	0	0	0	0	0	0
5|Livestock and Other animals|Chicken and poultry birds|GCA_053278775.1_genomic.fna.gz	0	0	1	0	1	1	0	0	0	0	0	1	0	0	0	1	0	0	0	0	1	1	1	0	1	1	0	0	0	0	0	0	0	0	1	0	1	1	0	0	0	0	1	0	0	0	0	1	0	0	0	0	0	1	1	1	0	0	0	0	1	0	0	1	0	1	0	0	0	0	0	1	0	0	0	0	1	0	0	0	0	0	1	0	0	0	0	0	0	0	0	0	0	0	0	0	0	0	0	0
10|Human clinical|Gastrointestinal and urogenital|GCA_053279955.1_genomic.fna.gz	1	1	0	1	0	0	1	0	0	0	0	1	0	0	0	0	1	1	0	1	0	0	0	1	0	0	1	0	1	1	1	0	0	0	1	0	0	0	0	0	0	0	0	0	0	1	0	0	0	0	0	0	0	0	0	1	0	1	0	1	0	0	1	1	1	0	0	1	1	0	0	0	0	0	0	0	0	0	0	1	0	0	0	0	1	0	1	0	0	0	1	1	0	0	0	0	0	1	1	0
8|Livestock and Other animals|Animal organs and body sites|GCA_053279975.1_genomic.fna.gz	0	0	0	0	0	0	0	0	0	0	0	0	0	0	0	0	0	0	0	0	0	0	0	0	0	0	0	0	0	0	0	1	1	1	0	1	0	0	1	0	1	1	1	0	0	1	1	0	0	0	0	0	0	0	0	0	1	0	0	0	0	1	0	0	0	1	1	0	0	0	0	0	0	0	0	1	0	1	0	0	1	0	0	0	1	0	0	0	0	0	1	0	0	0	0	0	0	0	0	0
10|Livestock and Other animals|Animal organs and body sites|GCA_053280015.1_genomic.fna.gz	1	1	0	1	0	0	1	0	0	0	0	1	0	0	0	0	1	0	0	0	0	0	0	1	0	0	1	1	1	1	1	0	0	0	0	0	0	0	0	0	0	0	0	0	0	1	0	1	0	0	0	0	0	0	0	0	0	1	0	0	0	0	1	0	0	0	0	1	1	0	0	0	0	0	0	0	0	0	0	0	0	1	0	0	0	0	1	0	0	0	1	1	0	0	0	0	0	0	0	0
8|Livestock and Other animals|Animal organs and body sites|GCA_053280235.1_genomic.fna.gz	0	0	0	0	0	0	0	0	0	0	0	0	0	0	0	0	0	0	0	0	0	0	0	0	0	0	0	0	0	0	0	1	1	1	0	1	0	0	1	0	1	1	1	0	0	1	1	0	0	0	0	0	0	0	0	0	1	0	0	0	0	1	0	0	0	1	1	0	0	0	0	0	0	0	0	1	0	1	0	0	1	0	0	0	1	0	0	0	0	0	1	0	0	0	0	0	0	0	0	0
10|Environment|Water and wastewater|GCA_053280255.1_genomic.fna.gz	1	1	0	1	0	0	1	0	0	0	0	1	0	0	0	0	1	1	0	1	0	0	0	1	0	0	1	0	1	1	1	0	0	0	1	0	0	0	0	0	0	0	0	0	0	1	0	0	0	0	0	0	0	0	0	1	0	1	0	1	0	0	1	1	1	0	0	1	1	0	0	0	0	0	0	0	0	0	0	1	0	0	0	0	1	0	1	0	0	0	1	1	0	0	0	0	0	1	1	0
10|Environment|Water and wastewater|GCA_053280265.1_genomic.fna.gz	1	1	0	1	0	0	1	0	0	0	0	1	0	0	0	0	1	1	0	1	0	0	0	1	0	0	1	0	1	1	1	0	0	0	1	0	0	0	0	0	0	0	0	0	0	1	0	0	0	0	0	0	0	0	0	1	0	1	0	1	0	0	1	1	1	0	0	1	1	0	0	0	0	0	0	0	0	0	0	1	0	0	0	0	1	0	1	0	0	0	1	1	0	0	0	0	0	1	1	0
4|Environment|Water and wastewater|GCA_053280315.1_genomic.fna.gz	0	0	0	0	0	0	0	0	0	0	0	0	0	0	0	0	0	0	0	0	0	0	0	0	0	0	0	0	0	0	0	0	1	1	0	0	0	0	1	1	0	1	1	0	1	1	0	0	0	0	0	0	0	0	0	0	1	0	0	0	1	0	0	0	0	0	0	1	0	1	0	0	0	0	0	0	0	0	0	0	0	0	1	0	0	0	0	0	0	0	0	0	0	0	1	0	0	0	1	0
10|Environment|Water and wastewater|GCA_053280335.1_genomic.fna.gz	1	1	0	1	0	0	1	0	0	0	0	1	0	0	0	0	1	1	0	1	0	0	0	1	0	0	1	0	1	1	1	0	0	0	1	0	0	0	0	0	0	0	0	0	0	1	0	0	0	0	0	0	0	0	0	1	0	1	0	1	0	0	1	1	1	0	0	1	1	0	0	0	0	0	0	0	0	0	0	1	0	0	0	0	1	0	1	0	0	0	1	1	0	0	0	0	0	1	1	0
10|Environment|Water and wastewater|GCA_053280375.1_genomic.fna.gz	1	1	0	1	0	0	1	0	0	0	0	1	0	0	0	0	1	1	0	1	0	0	0	1	0	0	1	0	1	1	1	0	0	0	1	0	0	0	0	0	0	0	0	0	0	1	0	0	0	0	0	0	0	0	0	1	0	1	0	1	0	0	1	1	1	0	0	1	1	0	0	0	0	0	0	0	0	0	0	1	0	0	0	0	1	0	1	0	0	0	1	1	0	0	0	0	0	1	1	0
8|Livestock and Other animals|Animal organs and body sites|GCA_053280695.1_genomic.fna.gz	0	0	0	0	0	0	0	0	0	0	0	0	0	0	0	0	0	0	0	0	0	0	0	0	0	0	0	0	0	0	0	1	1	1	0	1	0	0	1	0	1	1	1	0	0	1	1	0	0	0	0	0	0	0	0	0	1	0	0	0	0	1	0	0	0	1	1	0	0	0	0	0	0	0	0	1	0	1	0	0	1	0	0	0	1	0	0	0	0	0	1	0	0	0	0	0	0	0	0	0
6|Environment|Water and wastewater|GCA_053280835.1_genomic.fna.gz	0	0	0	0	0	0	0	0	0	0	0	0	0	0	0	0	0	0	0	0	0	0	0	0	0	0	0	0	0	0	0	0	0	0	0	0	0	1	0	0	1	0	0	0	0	0	0	0	1	0	0	0	0	0	1	0	0	0	0	0	0	1	0	0	0	0	1	0	0	0	1	0	1	0	0	0	1	1	0	0	1	0	0	0	0	0	0	0	0	0	1	0	0	0	0	0	0	1	0	1
8|Livestock and Other animals|Animal organs and body sites|GCA_053281075.1_genomic.fna.gz	0	0	0	0	0	0	0	0	0	0	0	0	0	0	0	0	0	0	0	0	0	0	0	0	0	0	0	0	0	0	0	1	1	1	0	1	0	0	1	0	1	1	1	0	0	1	1	0	0	0	0	0	0	0	0	0	1	0	0	0	0	1	0	0	0	1	1	0	0	0	0	0	0	0	0	1	0	1	0	0	1	0	0	0	1	0	0	0	0	0	1	0	0	0	0	0	0	0	0	0
8|Environment|Sediment and waste|GCA_053281095.1_genomic.fna.gz	0	0	0	0	0	0	0	0	0	0	0	0	0	0	0	0	0	0	0	0	0	0	0	0	0	0	0	0	0	0	0	1	1	1	0	1	0	0	1	0	1	1	1	0	0	1	1	0	0	0	0	0	0	0	0	0	1	0	0	0	0	1	0	0	0	1	1	0	0	0	0	0	0	0	0	1	0	1	0	0	1	0	0	0	1	0	0	0	0	0	1	0	0	0	0	0	0	0	0	0
5|Livestock and Other animals|Animal organs and body sites|GCA_053281155.1_genomic.fna.gz	0	0	1	0	1	1	0	0	0	0	0	1	0	0	0	1	0	0	0	0	1	1	1	0	1	1	0	0	0	0	0	0	0	0	1	0	1	1	0	0	0	0	1	0	0	0	0	1	0	0	0	0	0	1	1	1	0	0	0	0	1	0	0	1	0	1	0	0	0	0	0	1	0	0	0	0	1	0	0	0	0	0	1	0	0	0	0	0	0	0	0	0	0	0	0	0	0	0	0	0
10|Environment|Water and wastewater|GCA_053281215.1_genomic.fna.gz	1	1	0	1	0	0	1	0	0	0	0	1	0	0	0	0	1	1	0	1	0	0	0	1	0	0	1	0	1	1	1	0	0	0	1	0	0	0	0	0	0	0	0	0	0	1	0	0	0	0	0	0	0	0	0	1	0	1	0	1	0	0	1	1	1	0	0	1	1	0	0	0	0	0	0	0	0	0	0	1	0	0	0	0	1	0	1	0	0	0	1	1	0	0	0	0	0	1	1	0
8|Livestock and Other animals|Animal organs and body sites|GCA_053281635.1_genomic.fna.gz	0	0	0	0	0	0	0	0	0	0	0	0	0	0	0	0	0	0	0	0	0	0	0	0	0	0	0	0	0	0	0	1	1	1	0	1	0	0	1	0	1	1	1	0	0	1	1	0	0	0	0	0	0	0	0	0	1	0	0	0	0	1	0	0	0	1	1	0	0	0	0	0	0	0	0	1	0	1	0	0	1	0	0	0	1	0	0	0	0	0	1	0	0	0	0	0	0	0	0	0
11|Livestock and Other animals|Animal organs and body sites|GCA_053281875.1_genomic.fna.gz	0	0	0	0	0	0	0	0	0	0	0	0	0	0	0	0	0	0	0	0	0	0	0	0	0	0	0	0	0	0	0	0	0	1	0	0	0	1	1	1	0	1	0	1	0	0	0	1	0	0	0	0	0	0	1	0	0	0	0	0	1	0	0	0	0	0	1	1	0	0	1	0	1	0	0	1	0	0	0	1	1	0	0	0	1	0	0	0	0	0	0	0	0	0	0	0	0	1	1	0
8|Food chain|General food and retail|GCA_053283765.1_genomic.fna.gz	0	0	0	0	0	0	0	0	0	0	0	0	0	0	0	0	0	0	0	0	0	0	0	0	0	0	0	0	0	0	0	1	1	1	0	1	0	0	1	0	1	1	1	0	0	1	1	0	0	0	0	0	0	0	0	0	1	0	0	0	0	1	0	0	0	1	1	0	0	0	0	0	0	0	0	1	0	1	0	0	1	0	0	0	1	0	0	0	0	0	1	0	0	0	0	0	0	0	0	0
2|Food chain|General food and retail|GCA_053283845.1_genomic.fna.gz	0	0	0	0	0	0	0	1	1	1	1	0	1	1	0	0	0	0	1	0	1	0	1	0	1	1	0	0	0	0	0	0	1	1	1	1	0	0	1	1	1	0	0	1	1	0	0	1	1	0	0	0	0	0	0	0	0	0	0	0	0	0	0	0	1	0	1	1	0	1	1	0	0	1	1	0	0	1	0	0	0	0	0	1	0	0	0	0	0	0	0	0	0	0	0	0	0	0	0	0
10|Livestock and Other animals|Swine|GCA_053287445.1_genomic.fna.gz	1	1	0	1	0	0	1	0	0	0	0	1	0	0	0	0	1	0	0	0	0	0	0	1	0	0	1	1	1	1	1	0	0	0	0	0	0	0	0	0	0	0	0	0	0	1	0	1	0	0	0	0	0	0	0	0	0	1	0	0	0	0	1	0	0	0	0	1	1	0	0	0	0	0	0	0	0	0	0	0	0	1	0	0	0	0	1	0	0	0	1	1	0	0	0	0	0	0	0	0
2|Livestock and Other animals|Chicken and poultry birds|GCA_053287485.1_genomic.fna.gz	0	0	0	0	0	0	0	1	1	1	1	0	1	1	0	0	0	0	1	0	1	0	1	0	1	1	0	0	0	0	0	0	1	1	1	1	0	0	1	1	1	0	0	1	1	0	0	1	1	0	0	0	0	0	0	0	0	0	0	0	0	0	0	0	1	0	1	1	0	1	1	0	0	1	1	0	0	1	0	0	0	0	0	1	0	0	0	0	0	0	0	0	0	0	0	0	0	0	0	0
8|Food chain|Chicken products|GCA_053287505.1_genomic.fna.gz	0	0	0	0	0	0	0	0	0	0	0	0	0	0	0	0	0	0	0	0	0	0	0	0	0	0	0	0	0	0	0	1	1	1	0	1	0	0	1	0	1	1	1	0	0	1	1	0	0	0	0	0	0	0	0	0	1	0	0	0	0	1	0	0	0	1	1	0	0	0	0	0	0	0	0	1	0	1	0	0	1	0	0	0	1	0	0	0	0	0	1	0	0	0	0	0	0	0	0	0
10|Livestock and Other animals|Chicken and poultry birds|GCA_053287565.1_genomic.fna.gz	1	1	0	1	0	0	1	0	0	0	0	1	0	0	0	0	1	1	0	1	0	0	0	1	0	0	1	1	1	0	0	0	0	0	0	0	0	0	0	0	0	0	0	0	0	1	0	0	0	0	0	0	0	0	0	1	0	1	0	1	0	0	1	0	0	0	0	1	1	0	0	0	0	0	0	0	0	0	0	0	0	1	1	0	0	1	1	0	0	0	0	0	0	0	0	0	0	1	0	0
10|Livestock and Other animals|Cattle|GCA_053287585.1_genomic.fna.gz	1	1	0	1	0	0	1	0	0	0	0	1	0	0	0	0	1	1	0	1	0	0	0	1	0	0	1	1	1	0	0	0	0	0	0	0	0	0	0	0	0	0	0	0	0	1	0	0	0	0	0	0	0	0	0	1	0	1	0	1	0	0	1	0	0	0	0	1	1	0	0	0	0	0	0	0	0	0	0	0	0	1	1	0	0	1	1	0	0	0	0	0	0	0	0	0	0	1	0	0
5|Food chain|Chicken products|GCA_053289145.1_genomic.fna.gz	0	0	1	0	1	1	0	0	0	0	0	1	0	0	0	1	0	0	0	0	1	1	1	0	1	1	0	0	0	0	0	0	0	0	1	0	1	1	0	0	0	0	1	0	0	0	0	1	0	0	0	0	0	1	1	1	0	0	0	0	1	0	0	1	0	1	0	0	0	0	0	1	0	0	0	0	1	0	0	0	0	0	1	0	0	0	0	0	0	0	0	0	0	0	0	0	0	0	0	0
5|Food chain|Chicken products|GCA_053289185.1_genomic.fna.gz	0	0	1	0	1	1	0	0	0	0	0	1	0	0	0	1	0	0	0	0	1	1	1	0	1	1	0	0	0	0	0	0	0	0	1	0	1	1	0	0	0	0	1	0	0	0	0	1	0	0	0	0	0	1	1	1	0	0	0	0	1	0	0	1	0	1	0	0	0	0	0	1	0	0	0	0	1	0	0	0	0	0	1	0	0	0	0	0	0	0	0	0	0	0	0	0	0	0	0	0
3|Food chain|General food and retail|GCA_053289265.1_genomic.fna.gz	0	0	0	0	0	0	0	1	1	1	1	0	1	1	0	0	0	0	1	0	1	0	1	0	1	1	0	0	0	0	0	0	1	1	1	1	0	0	1	1	1	0	0	1	1	0	0	1	1	0	0	0	0	0	0	0	0	0	0	0	0	0	0	0	1	0	1	1	0	1	1	0	0	1	1	0	0	1	0	0	0	0	0	1	0	0	0	0	0	0	0	0	0	0	0	1	0	0	0	0
5|Food chain|General food and retail|GCA_053289325.1_genomic.fna.gz	0	0	1	0	1	1	0	0	0	0	0	1	0	0	0	1	0	0	0	0	1	1	1	0	1	1	0	0	0	0	0	0	0	0	1	0	1	1	0	0	0	0	1	0	0	0	0	1	0	0	0	0	0	1	1	1	0	0	0	0	1	0	0	1	0	1	0	0	0	0	0	1	0	0	0	0	1	0	0	0	0	0	1	0	0	0	0	0	0	0	0	0	0	0	0	0	0	0	0	0
3|Food chain|General food and retail|GCA_053289345.1_genomic.fna.gz	0	0	0	0	0	0	0	1	1	1	1	0	1	1	0	0	0	0	1	0	1	0	1	0	1	1	0	0	0	0	0	0	1	1	1	1	0	0	1	1	1	0	0	1	1	0	0	1	1	0	0	0	0	0	0	0	0	0	0	0	0	0	0	0	1	0	1	1	0	1	1	0	0	1	1	0	0	1	0	0	0	0	0	1	0	0	0	0	0	0	0	0	0	0	0	1	0	0	0	0
5|Food chain|Chicken products|GCA_053289405.1_genomic.fna.gz	0	0	1	0	1	1	0	0	0	0	0	1	0	0	0	1	0	0	0	0	1	1	1	0	1	1	0	0	0	0	0	0	0	0	1	0	1	1	0	0	0	0	1	0	0	0	0	1	0	0	0	0	0	1	1	1	0	0	0	0	1	0	0	1	0	1	0	0	0	0	0	1	0	0	0	0	1	0	0	0	0	0	1	0	0	0	0	0	0	0	0	0	0	0	0	0	0	0	0	0
5|Food chain|General food and retail|GCA_053296255.1_genomic.fna.gz	0	0	1	0	1	1	0	0	0	0	0	1	0	0	0	1	0	0	0	0	1	1	1	0	1	1	0	0	0	0	0	0	0	0	1	0	1	1	0	0	0	0	1	0	0	0	0	1	0	0	0	0	0	1	1	1	0	0	0	0	1	0	0	1	0	1	0	0	0	0	0	1	0	0	0	0	1	0	0	0	0	0	1	0	0	0	0	0	0	0	0	0	0	0	0	0	0	0	0	0
5|Food chain|General food and retail|GCA_053296325.1_genomic.fna.gz	0	0	1	0	1	1	0	0	0	0	0	1	0	0	0	1	0	0	0	0	1	1	1	0	1	1	0	0	0	0	0	0	0	0	1	0	1	1	0	0	0	0	1	0	0	0	0	1	0	0	0	0	0	1	1	1	0	0	0	0	1	0	0	1	0	1	0	0	0	0	0	1	0	0	0	0	1	0	0	0	0	0	1	0	0	0	0	0	0	0	0	0	0	0	0	0	0	0	0	0
13|Food chain|Beef products|GCA_053296395.1_genomic.fna.gz	0	0	0	0	0	0	0	0	0	0	0	0	0	0	0	0	0	0	0	0	0	0	1	0	0	0	0	0	0	0	0	0	0	0	0	0	0	0	1	0	0	0	0	0	0	0	0	0	1	0	0	0	0	0	1	0	0	1	0	0	1	0	0	0	0	1	0	0	1	0	0	0	0	0	0	0	0	1	0	0	1	1	1	0	1	0	0	0	0	0	0	0	0	0	1	0	0	1	0	0
8|Food chain|Chicken products|GCA_053296575.1_genomic.fna.gz	0	0	0	0	0	0	0	0	0	0	0	0	0	0	0	0	0	0	0	0	0	0	0	0	0	0	0	0	0	0	0	1	1	1	0	1	0	0	1	0	1	1	1	0	0	1	1	0	0	0	0	0	0	0	0	0	1	0	0	0	0	1	0	0	0	1	1	0	0	0	0	0	0	0	0	1	0	1	0	0	1	0	0	0	1	0	0	0	0	0	1	0	0	0	0	0	0	0	0	0
8|Food chain|Chicken products|GCA_053296735.1_genomic.fna.gz	0	0	0	0	0	0	0	0	0	0	0	0	0	0	0	0	0	0	0	0	0	0	0	0	0	0	0	0	0	0	0	1	1	1	0	1	0	0	1	0	1	1	1	0	0	1	1	0	0	0	0	0	0	0	0	0	1	0	0	0	0	1	0	0	0	1	1	0	0	0	0	0	0	0	0	1	0	1	0	0	1	0	0	0	1	0	0	0	0	0	1	0	0	0	0	0	0	0	0	0
15|Food chain|General food and retail|GCA_053296775.1_genomic.fna.gz	0	0	0	0	0	0	0	0	0	0	0	0	0	0	1	0	0	0	0	1	0	0	0	1	0	0	1	0	0	0	0	0	0	0	0	0	0	1	0	0	0	0	0	0	0	0	0	0	0	0	0	0	0	0	0	0	0	0	0	0	0	0	0	1	0	0	0	0	0	0	0	0	1	1	0	0	1	0	0	1	1	1	0	0	1	0	0	0	0	0	0	0	1	0	0	0	0	0	0	0
5|Food chain|Turkey and duck products|GCA_053296915.1_genomic.fna.gz	0	0	1	0	1	1	0	0	0	0	0	1	0	0	0	1	0	0	0	0	1	1	1	0	1	1	0	0	0	0	0	0	0	0	1	0	1	1	0	0	0	0	1	0	0	0	0	1	0	0	0	0	0	1	1	1	0	0	0	0	1	0	0	1	0	1	0	0	0	0	0	1	0	0	0	0	1	0	0	0	0	0	1	0	0	0	0	0	0	0	0	0	0	0	0	0	0	0	0	0
3|Food chain|General food and retail|GCA_053296955.1_genomic.fna.gz	0	0	0	0	0	0	0	1	1	1	1	0	1	1	0	0	0	0	1	0	1	0	1	0	1	1	0	0	0	0	0	0	1	1	1	1	0	0	1	1	1	0	0	1	1	0	0	1	1	0	0	0	0	0	0	0	0	0	0	0	0	0	0	0	1	0	1	1	0	1	1	0	0	1	1	0	0	1	0	0	0	0	0	1	0	0	0	0	0	0	0	0	0	0	0	1	0	0	0	0
9|Food chain|General food and retail|GCA_053296975.1_genomic.fna.gz	0	0	0	0	0	0	0	0	0	0	0	0	0	0	0	0	0	0	0	0	0	0	0	0	0	0	0	0	0	0	0	1	1	1	0	1	0	0	1	0	1	1	1	0	0	1	1	0	0	0	0	0	0	0	0	0	1	0	0	0	0	1	0	0	0	1	1	0	0	0	0	0	0	0	0	1	0	1	0	0	1	0	0	0	1	0	0	0	0	0	1	0	0	0	0	0	1	0	0	0
3|Food chain|Chicken products|GCA_053299955.1_genomic.fna.gz	0	0	0	0	0	0	0	1	1	1	1	0	1	1	0	0	0	0	1	0	1	0	1	0	1	1	0	0	0	0	0	0	1	1	1	1	0	0	1	1	1	0	0	1	1	0	0	1	1	0	0	0	0	0	0	0	0	0	0	0	0	0	0	0	1	0	1	1	0	1	1	0	0	1	1	0	0	1	0	0	0	0	0	1	0	0	0	0	0	0	0	0	0	0	0	1	0	0	0	0
5|Food chain|Chicken products|GCA_053299975.1_genomic.fna.gz	0	0	1	0	1	1	0	0	0	0	0	1	0	0	0	1	0	0	0	0	1	1	1	0	1	1	0	0	0	0	0	0	0	0	1	0	1	1	0	0	0	0	1	0	0	0	0	1	0	0	0	0	0	1	1	1	0	0	0	0	1	0	0	1	0	1	0	0	0	0	0	1	0	0	0	0	1	0	0	0	0	0	1	0	0	0	0	0	0	0	0	0	0	0	0	0	0	0	0	0
5|Food chain|Chicken products|GCA_053300015.1_genomic.fna.gz	0	0	1	0	1	1	0	0	0	0	0	1	0	0	0	1	0	0	0	0	1	1	1	0	1	1	0	0	0	0	0	0	0	0	1	0	1	1	0	0	0	0	1	0	0	0	0	1	0	0	0	0	0	1	1	1	0	0	0	0	1	0	0	1	0	1	0	0	0	0	0	1	0	0	0	0	1	0	0	0	0	0	1	0	0	0	0	0	0	0	0	0	0	0	0	0	0	0	0	0
15|Food chain|General food and retail|GCA_053303035.1_genomic.fna.gz	0	0	0	0	0	0	0	0	0	0	0	0	0	0	1	0	0	0	0	1	0	0	0	1	0	0	1	0	0	0	0	0	0	0	0	0	0	1	0	0	0	0	0	0	0	0	0	0	0	0	0	0	0	0	0	0	0	0	0	0	0	0	0	1	0	0	0	0	0	0	0	0	1	1	0	0	1	0	0	1	1	1	0	0	1	0	0	0	0	0	0	0	1	0	0	0	0	0	0	0
15|Food chain|General food and retail|GCA_053303095.1_genomic.fna.gz	0	0	0	0	0	0	0	0	0	0	0	0	0	0	1	0	0	0	0	1	0	0	0	1	0	0	1	0	0	0	0	0	0	0	0	0	0	1	0	0	0	0	0	0	0	0	0	0	0	0	0	0	0	0	0	0	0	0	0	0	0	0	0	1	0	0	0	0	0	0	0	0	1	1	0	0	1	0	0	1	1	1	0	0	1	0	0	0	0	0	0	0	1	0	0	0	0	0	0	0
5|Food chain|General food and retail|GCA_053303115.1_genomic.fna.gz	0	0	1	0	1	1	0	0	0	0	0	1	0	0	0	1	0	0	0	0	1	1	1	0	1	1	0	0	0	0	0	0	0	0	1	0	1	1	0	0	0	0	1	0	0	0	0	1	0	0	0	0	0	1	1	1	0	0	0	0	1	0	0	1	0	1	0	0	0	0	0	1	0	0	0	0	1	0	0	0	0	0	1	0	0	0	0	0	0	0	0	0	0	0	0	0	0	0	0	0
5|Livestock and Other animals|Chicken and poultry birds|GCA_053303305.1_genomic.fna.gz	0	0	1	0	1	1	0	0	0	0	0	1	0	0	0	1	0	0	0	0	1	1	1	0	1	1	0	0	0	0	0	0	0	0	1	0	1	1	0	0	0	0	1	0	0	0	0	1	0	0	0	0	0	1	1	1	0	0	0	0	1	0	0	1	0	1	0	0	0	0	0	1	0	0	0	0	1	0	0	0	0	0	1	0	0	0	0	0	0	0	0	0	0	0	0	0	0	0	0	0
5|Food chain|Chicken products|GCA_053303915.1_genomic.fna.gz	0	0	1	0	1	1	0	0	0	0	0	1	0	0	0	1	0	0	0	0	1	1	1	0	1	1	0	0	0	0	0	0	0	0	1	0	1	1	0	0	0	0	1	0	0	0	0	1	0	0	0	0	0	1	1	1	0	0	0	0	1	0	0	1	0	1	0	0	0	0	0	1	0	0	0	0	1	0	0	0	0	0	1	0	0	0	0	0	0	0	0	0	0	0	0	0	0	0	0	0
10|Food chain|General food and retail|GCA_053304215.1_genomic.fna.gz	1	1	0	1	0	0	1	0	0	0	0	1	0	0	0	0	1	1	0	1	0	0	0	1	0	0	1	1	1	0	0	0	0	0	0	0	0	0	0	0	0	0	0	0	0	1	0	0	0	0	0	0	0	0	0	1	0	1	0	1	0	0	1	0	0	0	0	1	1	0	0	0	0	0	0	0	0	0	0	0	0	1	1	0	0	1	1	0	0	0	0	0	0	0	0	0	0	1	0	0
5|Food chain|General food and retail|GCA_053304375.1_genomic.fna.gz	0	0	1	0	1	1	0	0	0	0	0	1	0	0	0	1	0	0	0	0	1	1	1	0	1	1	0	0	0	0	0	0	0	0	1	0	1	1	0	0	0	0	1	0	0	0	0	1	0	0	0	0	0	1	1	1	0	0	0	0	1	0	0	1	0	1	0	0	0	0	0	1	0	0	0	0	1	0	0	0	0	0	1	0	0	0	0	0	0	0	0	0	0	0	0	0	0	0	0	0
5|Food chain|Chicken products|GCA_053304395.1_genomic.fna.gz	0	0	1	0	1	1	0	0	0	0	0	1	0	0	0	1	0	0	0	0	1	1	1	0	1	1	0	0	0	0	0	0	0	0	1	0	1	1	0	0	0	0	1	0	0	0	0	1	0	0	0	0	0	1	1	1	0	0	0	0	1	0	0	1	0	1	0	0	0	0	0	1	0	0	0	0	1	0	0	0	0	0	1	0	0	0	0	0	0	0	0	0	0	0	0	0	0	0	0	0
10|Food chain|General food and retail|GCA_053304465.1_genomic.fna.gz	1	1	0	1	0	0	1	0	0	0	0	1	0	0	0	0	1	1	0	1	0	0	0	1	0	0	1	1	1	0	0	0	0	0	0	0	0	0	0	0	0	0	0	0	0	1	0	0	0	0	0	0	0	0	0	1	0	1	0	1	0	0	1	0	0	0	0	1	1	0	0	0	0	0	0	0	0	0	0	0	0	1	1	0	0	1	1	0	0	0	0	0	0	0	0	0	0	1	0	0
8|Food chain|Turkey and duck products|GCA_053305035.1_genomic.fna.gz	0	0	0	0	0	0	0	0	0	0	0	0	0	0	0	0	0	0	0	0	0	0	0	0	0	0	0	0	0	0	0	1	1	1	0	1	0	0	1	0	1	1	1	0	0	1	1	0	0	0	0	0	0	0	0	0	1	0	0	0	0	1	0	0	0	1	1	0	0	0	0	0	0	0	0	1	0	1	0	0	1	0	0	0	1	0	0	0	0	0	1	0	0	0	0	0	0	0	0	0
3|Food chain|General food and retail|GCA_053305155.1_genomic.fna.gz	0	0	0	0	0	0	0	1	1	1	1	0	1	1	0	0	0	0	1	0	1	0	1	0	1	1	0	0	0	0	0	0	1	1	1	1	0	0	1	1	1	0	0	1	1	0	0	1	1	0	0	0	0	0	0	0	0	0	0	0	0	0	0	0	1	0	1	1	0	1	1	0	0	1	1	0	0	1	0	0	0	0	0	1	0	0	0	0	0	0	0	0	0	0	0	1	0	0	0	0
13|Food chain|Pork products|GCA_053305175.1_genomic.fna.gz	0	0	0	0	0	0	0	0	0	0	0	0	0	0	0	0	0	0	0	0	0	0	1	0	0	0	0	0	0	0	0	0	0	0	0	0	0	0	1	0	0	0	0	0	0	0	0	0	1	0	0	0	0	0	1	0	0	1	0	0	1	0	0	0	0	1	0	0	1	0	0	0	0	0	0	0	0	1	0	0	1	1	1	0	1	0	0	0	0	0	0	0	0	0	1	0	0	1	0	0
5|Food chain|Chicken products|GCA_053305215.1_genomic.fna.gz	0	0	1	0	1	1	0	0	0	0	0	1	0	0	0	1	0	0	0	0	1	1	1	0	1	1	0	0	0	0	0	0	0	0	1	0	1	1	0	0	0	0	1	0	0	0	0	1	0	0	0	0	0	1	1	1	0	0	0	0	1	0	0	1	0	1	0	0	0	0	0	1	0	0	0	0	1	0	0	0	0	0	1	0	0	0	0	0	0	0	0	0	0	0	0	0	0	0	0	0
5|Food chain|Chicken products|GCA_053305235.1_genomic.fna.gz	0	0	1	0	1	1	0	0	0	0	0	1	0	0	0	1	0	0	0	0	1	1	1	0	1	1	0	0	0	0	0	0	0	0	1	0	1	1	0	0	0	0	1	0	0	0	0	1	0	0	0	0	0	1	1	1	0	0	0	0	1	0	0	1	0	1	0	0	0	0	0	1	0	0	0	0	1	0	0	0	0	0	1	0	0	0	0	0	0	0	0	0	0	0	0	0	0	0	0	0
6|Food chain|Turkey and duck products|GCA_053305915.1_genomic.fna.gz	0	0	0	0	0	0	0	0	0	0	0	0	0	1	0	0	0	0	0	0	0	0	0	0	0	0	0	0	0	0	0	0	1	1	0	0	0	1	0	0	1	0	0	0	0	0	0	1	0	0	0	0	0	0	1	0	0	0	0	0	0	0	0	0	0	0	1	1	0	0	0	0	0	1	0	0	1	1	0	0	1	0	0	0	0	0	0	0	0	0	1	0	0	0	0	0	0	0	0	1
10|Livestock and Other animals|Cattle|GCA_053311535.1_genomic.fna.gz	1	1	0	1	0	0	1	0	0	0	0	1	0	0	0	0	1	1	0	1	0	0	0	1	0	0	1	1	1	0	0	0	0	0	0	0	0	0	0	0	0	0	0	0	0	1	0	0	0	0	0	0	0	0	0	1	0	1	0	1	0	0	1	0	1	0	0	1	1	0	0	0	0	0	0	0	1	0	0	1	0	0	1	0	0	0	0	0	0	0	0	0	0	0	0	0	0	1	0	0
12|Environment|Water and wastewater|GCA_053311875.1_genomic.fna.gz	0	0	0	0	0	0	0	0	1	0	0	0	0	0	0	0	0	0	0	0	1	0	0	1	0	0	0	0	0	0	0	0	1	1	1	0	0	0	1	0	0	0	0	0	0	0	0	0	1	0	0	0	0	0	1	0	0	0	0	0	1	1	1	0	0	0	1	0	0	0	0	1	0	1	0	1	0	0	0	0	0	0	0	0	0	0	0	0	0	0	0	0	0	0	0	0	0	1	0	0
12|Environment|Water and wastewater|GCA_053311915.1_genomic.fna.gz	0	0	0	0	0	0	0	0	1	0	0	0	0	0	0	0	0	0	0	0	1	0	0	1	0	0	0	0	0	0	0	0	1	1	1	0	0	0	1	0	0	0	0	0	0	0	0	0	1	0	0	0	0	0	1	0	0	0	0	0	1	1	1	0	0	0	1	0	0	0	0	1	0	1	0	1	0	0	0	0	0	0	0	0	0	0	0	0	0	0	0	0	0	0	0	0	0	1	0	0
12|Environment|Water and wastewater|GCA_053311935.1_genomic.fna.gz	0	0	0	0	0	0	0	0	1	0	0	0	0	0	0	0	0	0	0	0	1	0	0	1	0	0	0	0	0	0	0	0	1	1	1	0	0	0	1	0	0	0	0	0	0	0	0	0	1	0	0	0	0	0	1	0	0	0	0	0	1	1	1	0	0	0	1	0	0	0	0	1	0	1	0	1	0	0	0	0	0	0	0	0	0	0	0	0	0	0	0	0	0	0	0	0	0	1	0	0
12|Environment|Water and wastewater|GCA_053311955.1_genomic.fna.gz	0	0	0	0	0	0	0	0	1	0	0	0	0	0	0	0	0	0	0	0	1	0	0	1	0	0	0	0	0	0	0	0	1	1	1	0	0	0	1	0	0	0	0	0	0	0	0	0	1	0	0	0	0	0	1	0	0	0	0	0	1	1	1	0	0	0	1	0	0	0	0	1	0	1	0	1	0	0	0	0	0	0	0	0	0	0	0	0	0	0	0	0	0	0	0	0	0	1	0	0
10|Environment|Water and wastewater|GCA_053311975.1_genomic.fna.gz	1	1	0	1	0	0	1	0	0	0	0	1	0	0	0	0	1	1	0	1	0	0	0	1	0	0	1	1	1	0	0	0	0	0	0	0	0	0	0	0	0	0	0	0	0	1	0	0	0	0	0	0	0	0	0	1	0	1	0	1	0	0	1	0	1	0	0	1	1	0	0	0	0	0	0	0	1	0	0	1	0	0	1	0	0	0	0	0	0	0	0	0	0	0	0	0	0	1	0	0
2|Food chain|General food and retail|GCA_053339625.1_genomic.fna.gz	0	0	0	0	0	0	0	1	1	1	1	0	1	1	0	0	0	0	1	0	1	0	1	0	1	1	0	0	0	0	0	0	1	1	1	1	0	0	1	1	1	0	0	1	1	0	0	1	1	0	0	0	0	0	0	0	0	0	0	0	0	0	0	0	1	0	1	1	0	1	1	0	0	1	1	0	0	1	0	0	0	0	0	1	0	0	0	0	0	0	0	0	0	0	0	0	0	0	0	0
5|Food chain|Chicken products|GCA_053339745.1_genomic.fna.gz	0	0	1	0	1	1	0	0	0	0	0	1	0	0	0	1	0	0	0	0	1	1	1	0	1	1	0	0	0	0	0	0	0	0	1	0	1	1	0	0	0	0	1	0	0	0	0	1	0	0	0	0	0	1	1	1	0	0	0	0	1	0	0	1	0	1	0	0	0	0	0	1	0	0	0	0	1	0	0	0	0	0	1	0	0	0	0	0	0	0	0	0	0	0	0	0	0	0	0	0
15|Food chain|Chicken products|GCA_053339785.1_genomic.fna.gz	0	0	0	0	0	0	0	0	0	0	0	0	0	0	1	0	0	0	0	1	0	0	0	1	0	0	1	0	0	0	0	0	0	0	0	0	0	1	0	0	0	0	0	0	0	0	0	0	0	0	0	0	0	0	0	0	0	0	0	0	0	0	0	1	0	0	0	0	0	0	0	0	1	1	0	0	1	0	0	1	1	1	0	0	1	0	0	0	0	0	0	0	1	0	0	0	0	0	0	0
5|Food chain|General food and retail|GCA_053341705.1_genomic.fna.gz	0	0	1	0	1	1	0	0	0	0	0	1	0	0	0	1	0	0	0	0	1	1	1	0	1	1	0	0	0	0	0	0	0	0	1	0	1	1	0	0	0	0	1	0	0	0	0	1	0	0	0	0	0	1	1	1	0	0	0	0	1	0	0	1	0	1	0	0	0	0	0	1	0	0	0	0	1	0	0	0	0	0	1	0	0	0	0	0	0	0	0	0	0	0	0	0	0	0	0	0
5|Food chain|General food and retail|GCA_053341745.1_genomic.fna.gz	0	0	1	0	1	1	0	0	0	0	0	1	0	0	0	1	0	0	0	0	1	1	1	0	1	1	0	0	0	0	0	0	0	0	1	0	1	1	0	0	0	0	1	0	0	0	0	1	0	0	0	0	0	1	1	1	0	0	0	0	1	0	0	1	0	1	0	0	0	0	0	1	0	0	0	0	1	0	0	0	0	0	1	0	0	0	0	0	0	0	0	0	0	0	0	0	0	0	0	0
3|Food chain|Chicken products|GCA_053341765.1_genomic.fna.gz	0	0	0	0	0	0	0	1	1	1	1	0	1	1	0	0	0	0	1	0	1	0	1	0	1	1	0	0	0	0	0	0	1	1	1	1	0	0	1	1	1	0	0	1	1	0	0	1	1	0	0	0	0	0	0	0	0	0	0	0	0	0	0	0	1	0	1	1	0	1	1	0	0	1	1	0	0	1	0	0	0	0	0	1	0	0	0	0	0	0	0	0	0	0	0	1	0	0	0	0
5|Food chain|General food and retail|GCA_053355335.1_genomic.fna.gz	0	0	1	0	1	1	0	0	0	0	0	1	0	0	0	1	0	0	0	0	1	1	1	0	1	1	0	0	0	0	0	0	0	0	1	0	1	1	0	0	0	0	1	0	0	0	0	1	0	0	0	0	0	1	1	1	0	0	0	0	1	0	0	1	0	1	0	0	0	0	0	1	0	0	0	0	1	0	0	0	0	0	1	0	0	0	0	0	0	0	0	0	0	0	0	0	0	0	0	0
10|Food chain|Turkey and duck products|GCA_053355355.1_genomic.fna.gz	1	1	0	1	0	0	1	0	0	0	0	1	0	0	0	0	1	1	0	1	0	0	0	1	0	0	1	1	1	0	0	0	0	0	0	0	0	0	0	0	0	0	0	0	0	1	0	0	0	0	0	0	0	0	0	1	0	1	0	1	0	0	1	0	0	0	0	1	1	0	0	0	0	0	0	0	0	0	0	0	0	1	1	0	0	1	1	0	0	0	0	0	0	0	0	0	0	1	0	0
5|Food chain|General food and retail|GCA_053355955.1_genomic.fna.gz	0	0	1	0	1	1	0	0	0	0	0	1	0	0	0	1	0	0	0	0	1	1	1	0	1	1	0	0	0	0	0	0	0	0	1	0	1	1	0	0	0	0	1	0	0	0	0	1	0	0	0	0	0	1	1	1	0	0	0	0	1	0	0	1	0	1	0	0	0	0	0	1	0	0	0	0	1	0	0	0	0	0	1	0	0	0	0	0	0	0	0	0	0	0	0	0	0	0	0	0
5|Food chain|Chicken products|GCA_053355985.1_genomic.fna.gz	0	0	1	0	1	1	0	0	0	0	0	1	0	0	0	1	0	0	0	0	1	1	1	0	1	1	0	0	0	0	0	0	0	0	1	0	1	1	0	0	0	0	1	0	0	0	0	1	0	0	0	0	0	1	1	1	0	0	0	0	1	0	0	1	0	1	0	0	0	0	0	1	0	0	0	0	1	0	0	0	0	0	1	0	0	0	0	0	0	0	0	0	0	0	0	0	0	0	0	0
5|Food chain|Turkey and duck products|GCA_053358975.1_genomic.fna.gz	0	0	1	0	1	1	0	0	0	0	0	1	0	0	0	1	0	0	0	0	1	1	1	0	1	1	0	0	0	0	0	0	0	0	1	0	1	1	0	0	0	0	1	0	0	0	0	1	0	0	0	0	0	1	1	1	0	0	0	0	1	0	0	1	0	1	0	0	0	0	0	1	0	0	0	0	1	0	0	0	0	0	1	0	0	0	0	0	0	0	0	0	0	0	0	0	0	0	0	0
5|Livestock and Other animals|Chicken and poultry birds|GCA_053367105.1_genomic.fna.gz	0	0	1	0	1	1	0	0	0	0	0	1	0	0	0	1	0	0	0	0	1	1	1	0	1	1	0	0	0	0	0	0	0	0	1	0	1	1	0	0	0	0	1	0	0	0	0	1	0	0	0	0	0	1	1	1	0	0	0	0	1	0	0	1	0	1	0	0	0	0	0	1	0	0	0	0	1	0	0	0	0	0	1	0	0	0	0	0	0	0	0	0	0	0	0	0	0	0	0	0
5|Livestock and Other animals|Chicken and poultry birds|GCA_053367135.1_genomic.fna.gz	0	0	1	0	1	1	0	0	0	0	0	1	0	0	0	1	0	0	0	0	1	1	1	0	1	1	0	0	0	0	0	0	0	0	1	0	1	1	0	0	0	0	1	0	0	0	0	1	0	0	0	0	0	1	1	1	0	0	0	0	1	0	0	1	0	1	0	0	0	0	0	1	0	0	0	0	1	0	0	0	0	0	1	0	0	0	0	0	0	0	0	0	0	0	0	0	0	0	0	0
13|Livestock and Other animals|Swine|GCA_053367315.1_genomic.fna.gz	0	0	0	0	0	0	0	0	0	0	0	0	0	0	0	0	0	0	0	0	0	0	1	0	0	0	0	0	0	0	0	0	0	0	0	0	0	0	1	0	0	0	0	0	0	0	0	0	1	0	0	0	0	0	1	0	0	1	0	0	1	0	0	0	0	1	0	0	1	0	0	0	0	0	0	0	0	1	0	0	1	1	1	0	1	0	0	0	0	0	0	0	0	0	1	0	0	1	0	0
5|Food chain|Chicken products|GCA_053367435.1_genomic.fna.gz	0	0	1	0	1	1	0	0	0	0	0	1	0	0	0	1	0	0	0	0	1	1	1	0	1	1	0	0	0	0	0	0	0	0	1	0	1	1	0	0	0	0	1	0	0	0	0	1	0	0	0	0	0	1	1	1	0	0	0	0	1	0	0	1	0	1	0	0	0	0	0	1	0	0	0	0	1	0	0	0	0	0	1	0	0	0	0	0	0	0	0	0	0	0	0	0	0	0	0	0
2|Livestock and Other animals|Chicken and poultry birds|GCA_053367535.1_genomic.fna.gz	0	0	0	0	0	0	0	1	1	1	1	0	1	1	0	0	0	0	1	0	1	0	1	0	1	1	0	0	0	0	0	0	1	1	1	1	0	0	1	1	1	0	0	1	1	0	0	1	1	0	0	0	0	0	0	0	0	0	0	0	0	0	0	0	1	0	1	1	0	1	1	0	0	1	1	0	0	1	0	0	0	0	0	1	0	0	0	0	0	0	0	0	0	0	0	0	0	0	0	0
6|Livestock and Other animals|Cattle|GCA_053367555.1_genomic.fna.gz	0	0	0	0	0	0	0	0	0	0	0	0	0	1	0	0	0	0	0	0	0	0	0	0	0	0	0	0	0	0	0	0	1	1	0	0	0	1	0	0	1	0	0	0	0	0	0	1	0	0	0	0	0	0	1	0	0	0	0	0	0	0	0	0	0	0	1	1	0	0	0	0	0	1	0	0	1	1	0	0	1	0	0	0	0	0	0	0	0	0	1	0	0	0	0	0	0	0	0	1
10|Environment|Water and wastewater|GCA_053367655.1_genomic.fna.gz	1	1	0	1	0	0	1	0	0	0	0	1	0	0	0	0	1	1	0	1	0	0	0	1	0	0	1	1	0	1	1	0	0	0	0	0	0	0	0	0	0	0	0	0	0	1	0	0	0	0	0	0	0	0	0	1	0	0	0	0	0	0	1	0	0	0	0	1	1	0	0	0	0	1	0	0	0	0	0	1	0	0	0	0	0	0	0	0	0	0	1	1	0	0	0	0	0	0	0	0
10|Environment|Water and wastewater|GCA_053367695.1_genomic.fna.gz	1	1	0	1	0	0	1	0	0	0	0	1	0	0	0	0	1	1	0	1	0	0	0	1	0	0	1	1	0	1	1	0	0	0	0	0	0	0	0	0	0	0	0	0	0	1	0	0	0	0	0	0	0	0	0	1	0	0	0	0	0	0	1	0	0	0	0	1	1	0	0	0	0	1	0	0	0	0	0	1	0	0	0	0	0	0	0	0	0	0	1	1	0	0	0	0	0	0	0	0
6|Environment|Water and wastewater|GCA_053367735.1_genomic.fna.gz	0	0	0	0	0	0	0	0	0	0	0	0	0	0	0	0	0	0	0	0	0	0	0	0	0	0	0	0	0	0	0	0	0	0	0	0	0	1	0	0	1	0	0	0	0	0	0	0	1	0	0	0	0	0	1	0	0	0	0	0	0	1	0	0	0	0	1	0	0	0	1	0	1	0	0	0	1	1	0	0	1	0	0	0	0	0	0	0	0	0	1	0	0	0	0	0	0	1	0	1
6|Environment|Water and wastewater|GCA_053367755.1_genomic.fna.gz	0	0	0	0	0	0	0	0	0	0	0	0	0	0	0	0	0	0	0	0	0	0	0	0	0	0	0	0	0	0	0	0	0	0	0	0	0	1	0	0	1	0	0	0	0	0	0	0	1	0	0	0	0	0	1	0	0	0	0	0	0	1	0	0	0	0	1	0	0	0	1	0	1	0	0	0	1	1	0	0	1	0	0	0	0	0	0	0	0	0	1	0	0	0	0	0	0	1	0	1
6|Environment|Water and wastewater|GCA_053367775.1_genomic.fna.gz	0	0	0	0	0	0	0	0	0	0	0	0	0	0	0	0	0	0	0	0	0	0	0	0	0	0	0	0	0	0	0	0	0	0	0	0	0	1	0	0	1	0	0	0	0	0	0	0	1	0	0	0	0	0	1	0	0	0	0	0	0	1	0	0	0	0	1	0	0	0	1	0	1	0	0	0	1	1	0	0	1	0	0	0	0	0	0	0	0	0	1	0	0	0	0	0	0	1	0	1
4|Environment|Water and wastewater|GCA_053367895.1_genomic.fna.gz	0	0	0	0	0	0	0	0	0	0	0	0	0	0	0	0	0	0	0	0	0	0	0	0	0	0	0	0	0	0	0	0	1	1	0	0	0	0	1	1	0	1	1	0	1	1	0	0	0	0	0	0	0	0	0	0	1	0	0	0	1	0	0	0	0	0	0	1	0	1	0	0	0	0	0	0	0	0	0	0	0	0	1	0	0	0	0	0	0	0	0	0	0	0	1	0	0	0	1	0
4|Environment|Water and wastewater|GCA_053368035.1_genomic.fna.gz	0	0	0	0	0	0	0	0	0	0	0	0	0	0	0	0	0	0	0	0	0	0	0	0	0	0	0	0	0	0	0	0	1	1	0	0	0	0	1	1	0	1	1	0	1	1	0	0	0	0	0	0	0	0	0	0	1	0	0	0	1	0	0	0	0	0	0	1	0	1	0	0	0	0	0	0	0	0	0	0	0	0	1	0	0	0	0	0	0	0	0	0	0	0	1	0	0	0	1	0
8|Livestock and Other animals|Chicken and poultry birds|GCA_053368115.1_genomic.fna.gz	0	0	0	0	0	0	0	0	0	0	0	0	0	0	0	0	0	0	0	0	0	0	0	0	0	0	0	0	0	0	0	1	1	1	0	1	0	0	1	0	1	1	1	0	0	1	1	0	0	0	0	0	0	0	0	0	1	0	0	0	0	1	0	0	0	1	1	0	0	0	0	0	0	0	0	1	0	1	0	0	1	0	0	0	1	0	0	0	0	0	1	0	0	0	0	0	0	0	0	0
5|Livestock and Other animals|Chicken and poultry birds|GCA_053368135.1_genomic.fna.gz	0	0	1	0	1	1	0	0	0	0	0	1	0	0	0	1	0	0	0	0	1	1	1	0	1	1	0	0	0	0	0	0	0	0	1	0	1	1	0	0	0	0	1	0	0	0	0	1	0	0	0	0	0	1	1	1	0	0	0	0	1	0	0	1	0	1	0	0	0	0	0	1	0	0	0	0	1	0	0	0	0	0	1	0	0	0	0	0	0	0	0	0	0	0	0	0	0	0	0	0
13|Food chain|Beef products|GCA_053368505.1_genomic.fna.gz	0	0	0	0	0	0	0	0	0	0	0	0	0	0	0	0	0	0	0	0	0	0	1	0	0	0	0	0	0	0	0	0	0	0	0	0	0	0	1	0	0	0	0	0	0	0	0	0	1	0	0	0	0	0	1	0	0	1	0	0	1	0	0	0	0	1	0	0	1	0	0	0	0	0	0	0	0	1	0	0	1	1	1	0	1	0	0	0	0	0	0	0	0	0	1	0	0	1	0	0
13|Livestock and Other animals|Swine|GCA_053368755.1_genomic.fna.gz	0	0	0	0	0	0	0	0	0	0	0	0	0	0	0	0	0	0	0	0	0	0	1	0	0	0	0	0	0	0	0	0	0	0	0	0	0	0	1	0	0	0	0	0	0	0	0	0	1	0	0	0	0	0	1	0	0	1	0	0	1	0	0	0	0	1	0	0	1	0	0	0	0	0	0	0	0	1	0	0	1	1	1	0	1	0	0	0	0	0	0	0	0	0	1	0	0	1	0	0
5|Livestock and Other animals|Chicken and poultry birds|GCA_053368855.1_genomic.fna.gz	0	0	1	0	1	1	0	0	0	0	0	1	0	0	0	1	0	0	0	0	1	1	1	0	1	1	0	0	0	0	0	0	0	0	1	0	1	1	0	0	0	0	1	0	0	0	0	1	0	0	0	0	0	1	1	1	0	0	0	0	1	0	0	1	0	1	0	0	0	0	0	1	0	0	0	0	1	0	0	0	0	0	1	0	0	0	0	0	0	0	0	0	0	0	0	0	0	0	0	0
5|Food chain|Chicken products|GCA_053376985.1_genomic.fna.gz	0	0	1	0	1	1	0	0	0	0	0	1	0	0	0	1	0	0	0	0	1	1	1	0	1	1	0	0	0	0	0	0	0	0	1	0	1	1	0	0	0	0	1	0	0	0	0	1	0	0	0	0	0	1	1	1	0	0	0	0	1	0	0	1	0	1	0	0	0	0	0	1	0	0	0	0	1	0	0	0	0	0	1	0	0	0	0	0	0	0	0	0	0	0	0	0	0	0	0	0
8|Food chain|Chicken products|GCA_053376995.1_genomic.fna.gz	0	0	0	0	0	0	0	0	0	0	0	0	0	0	0	0	0	0	0	0	0	0	0	0	0	0	0	0	0	0	0	1	1	1	0	1	0	0	1	0	1	1	1	0	0	1	1	0	0	0	0	0	0	0	0	0	1	0	0	0	0	1	0	0	0	1	1	0	0	0	0	0	0	0	0	1	0	1	0	0	1	0	0	0	1	0	0	0	0	0	1	0	0	0	0	0	0	0	0	0
8|Food chain|Chicken products|GCA_053387355.1_genomic.fna.gz	0	0	0	0	0	0	0	0	0	0	0	0	0	0	0	0	0	0	0	0	0	0	0	0	0	0	0	0	0	0	0	1	1	1	0	1	0	0	1	0	1	1	1	0	0	1	1	0	0	0	0	0	0	0	0	0	1	0	0	0	0	1	0	0	0	1	1	0	0	0	0	0	0	0	0	1	0	1	0	0	1	0	0	0	1	0	0	0	0	0	1	0	0	0	0	0	0	0	0	0
8|Human clinical|Gastrointestinal and urogenital|GCA_053393495.1_genomic.fna.gz	0	0	0	0	0	0	0	0	0	0	0	0	0	0	0	0	0	0	0	0	0	0	0	0	0	0	0	0	0	0	0	1	1	1	0	1	0	0	1	0	1	1	1	0	0	1	1	0	0	0	0	0	0	0	0	0	1	0	0	0	0	1	0	0	0	1	1	0	0	0	0	0	0	0	0	1	0	1	0	0	1	0	0	0	1	0	0	0	0	0	1	0	0	0	0	0	0	0	0	0
12|Environment|Sediment and waste|GCA_053393515.1_genomic.fna.gz	0	0	0	0	0	0	0	0	0	0	0	0	0	0	0	0	0	0	0	0	1	0	1	1	0	0	1	0	0	0	0	0	0	1	0	0	0	0	1	0	0	0	1	0	0	0	0	0	1	0	0	0	0	0	1	0	0	0	0	0	1	0	1	0	0	0	1	0	0	0	0	1	0	1	0	1	0	1	0	0	0	1	0	0	0	0	0	0	0	0	0	0	0	0	0	0	0	1	0	0
12|Environment|Sediment and waste|GCA_053393555.1_genomic.fna.gz	0	0	0	0	0	0	0	0	0	0	0	0	0	0	0	0	0	0	0	0	1	0	1	1	0	0	1	0	0	0	0	0	0	1	0	0	0	0	1	0	0	0	1	0	0	0	0	0	1	0	0	0	0	0	1	0	0	0	0	0	1	0	1	0	0	0	1	0	0	0	0	1	0	1	0	1	0	1	0	0	0	1	0	0	0	0	0	0	0	0	0	0	0	0	0	0	0	1	0	0
15|Food chain|Chicken products|GCA_053406915.1_genomic.fna.gz	0	0	0	0	0	0	0	0	0	0	0	0	0	0	1	0	0	0	0	1	0	0	0	1	0	0	1	0	0	0	0	0	0	0	0	0	0	1	0	0	0	0	0	0	0	0	0	0	0	0	0	0	0	0	0	0	0	0	0	0	0	0	0	1	0	0	0	0	0	0	0	0	1	1	0	0	1	0	0	1	1	1	0	0	1	0	0	0	0	0	0	0	1	0	0	0	0	0	0	0
5|Environment|Environmental swabs and sponges|GCA_053406935.1_genomic.fna.gz	0	0	1	0	1	1	0	0	0	0	0	1	0	0	0	1	0	0	0	0	1	1	1	0	1	1	0	0	0	0	0	0	0	0	1	0	1	1	0	0	0	0	1	0	0	0	0	1	0	0	0	0	0	1	1	1	0	0	0	0	1	0	0	1	0	1	0	0	0	0	0	1	0	0	0	0	1	0	0	0	0	0	1	0	0	0	0	0	0	0	0	0	0	0	0	0	0	0	0	0
5|Environment|Environmental swabs and sponges|GCA_053407015.1_genomic.fna.gz	0	0	1	0	1	1	0	0	0	0	0	1	0	0	0	1	0	0	0	0	1	1	1	0	1	1	0	0	0	0	0	0	0	0	1	0	1	1	0	0	0	0	1	0	0	0	0	1	0	0	0	0	0	1	1	1	0	0	0	0	1	0	0	1	0	1	0	0	0	0	0	1	0	0	0	0	1	0	0	0	0	0	1	0	0	0	0	0	0	0	0	0	0	0	0	0	0	0	0	0
9|Livestock and Other animals|Chicken and poultry birds|GCA_053407075.1_genomic.fna.gz	0	0	0	0	0	0	0	0	0	0	0	0	0	0	0	0	0	0	0	0	0	0	0	0	0	0	0	0	0	0	0	1	1	1	0	1	0	0	1	0	1	1	1	0	0	1	1	0	0	0	0	0	0	0	0	0	1	0	0	0	0	1	0	0	0	1	1	0	0	0	0	0	0	0	0	1	0	1	0	0	1	0	0	0	1	0	0	0	0	0	1	0	0	0	0	0	1	0	0	0
9|Human clinical|Blood and tissues|GCA_053407085.1_genomic.fna.gz	0	0	0	0	0	0	0	0	0	0	0	0	0	0	0	0	0	0	0	0	0	0	0	0	0	0	0	0	0	0	0	1	1	1	0	1	0	0	1	0	1	1	1	0	0	1	1	0	0	0	0	0	0	0	0	0	1	0	0	0	0	1	0	0	0	1	1	0	0	0	0	0	0	0	0	1	0	1	0	0	1	0	0	0	1	0	0	0	0	0	1	0	0	0	0	0	1	0	0	0
10|Human clinical|Blood and tissues|GCA_053407295.1_genomic.fna.gz	1	1	0	1	0	0	1	0	0	0	0	1	0	0	0	0	1	1	0	1	0	0	0	1	0	0	1	1	0	1	1	0	0	0	0	0	0	0	0	0	0	0	0	0	0	1	0	0	0	0	0	0	0	0	0	1	0	0	0	0	0	0	1	0	0	0	0	1	1	0	0	0	0	1	0	0	0	0	0	1	0	0	0	0	0	0	0	0	0	0	1	1	0	0	0	0	0	0	0	0
8|Human clinical|Blood and tissues|GCA_053407335.1_genomic.fna.gz	0	0	0	0	0	0	0	0	0	0	0	0	0	0	0	0	0	0	0	0	0	0	0	0	0	0	0	0	0	0	0	1	1	1	0	1	0	0	1	0	1	1	1	0	0	1	1	0	0	0	0	0	0	0	0	0	1	0	0	0	0	1	0	0	0	1	1	0	0	0	0	0	0	0	0	1	0	1	0	0	1	0	0	0	1	0	0	0	0	0	1	0	0	0	0	0	0	0	0	0
8|Human clinical|Blood and tissues|GCA_053407395.1_genomic.fna.gz	0	0	0	0	0	0	0	0	0	0	0	0	0	0	0	0	0	0	0	0	0	0	0	0	0	0	0	0	0	0	0	1	1	1	0	1	0	0	1	0	1	1	1	0	0	1	1	0	0	0	0	0	0	0	0	0	1	0	0	0	0	1	0	0	0	1	1	0	0	0	0	0	0	0	0	1	0	1	0	0	1	0	0	0	1	0	0	0	0	0	1	0	0	0	0	0	0	0	0	0
8|Human clinical|Blood and tissues|GCA_053407465.1_genomic.fna.gz	0	0	0	0	0	0	0	0	0	0	0	0	0	0	0	0	0	0	0	0	0	0	0	0	0	0	0	0	0	0	0	1	1	1	0	1	0	0	1	0	1	1	1	0	0	1	1	0	0	0	0	0	0	0	0	0	1	0	0	0	0	1	0	0	0	1	1	0	0	0	0	0	0	0	0	1	0	1	0	0	1	0	0	0	1	0	0	0	0	0	1	0	0	0	0	0	0	0	0	0
5|Environment|Sediment and waste|GCA_053407525.1_genomic.fna.gz	0	0	1	0	1	0	0	0	0	0	0	1	0	0	0	1	0	0	0	0	1	1	1	0	1	1	0	0	0	0	0	0	0	0	1	0	1	1	0	0	0	0	1	0	0	0	0	1	0	0	0	0	0	1	1	1	0	0	0	0	1	0	0	1	0	1	0	0	0	0	0	1	0	0	0	0	1	0	0	0	0	0	1	0	0	0	0	0	0	0	0	0	0	0	0	0	0	0	0	0
2|Human clinical|Gastrointestinal and urogenital|GCA_053407575.1_genomic.fna.gz	0	0	0	0	0	0	0	1	1	1	1	0	1	1	0	0	0	0	1	0	1	0	1	0	1	1	0	0	0	0	0	0	1	1	1	1	0	0	1	1	1	0	0	1	1	0	0	1	1	0	0	0	0	0	0	0	0	0	0	0	0	0	0	0	1	0	1	1	0	1	1	0	0	1	1	0	0	1	0	0	0	0	0	1	0	0	0	0	0	0	0	0	0	0	0	0	0	0	0	0
9|Food chain|General food and retail|GCA_053407595.1_genomic.fna.gz	0	0	0	0	0	0	0	0	0	0	0	0	0	0	0	0	0	0	0	0	0	0	0	0	0	0	0	0	0	0	0	1	1	1	0	1	0	0	1	0	1	1	1	0	0	1	1	0	0	0	0	0	0	0	0	0	1	0	0	0	0	1	0	0	0	1	1	0	0	0	0	0	0	0	0	1	0	1	0	0	1	0	0	0	1	0	0	0	0	0	1	0	0	0	0	0	1	0	0	0
10|Environment|Environmental swabs and sponges|GCA_053407605.1_genomic.fna.gz	1	1	0	1	0	0	1	0	0	0	0	1	0	0	0	0	1	0	0	1	0	0	0	1	0	0	1	1	1	1	0	0	0	0	0	0	0	0	0	0	0	0	0	0	0	1	0	0	0	0	0	0	0	0	0	0	0	1	0	1	0	0	1	0	0	0	0	1	1	0	0	0	0	1	0	0	0	0	0	0	0	0	0	0	0	0	1	0	0	0	1	1	0	0	0	0	0	0	0	0
5|Environment|Environmental swabs and sponges|GCA_053407775.1_genomic.fna.gz	0	0	1	0	1	1	0	0	0	0	0	1	0	0	0	1	0	0	0	0	1	1	1	0	1	1	0	0	0	0	0	0	0	0	1	0	1	1	0	0	0	0	1	0	0	0	0	1	0	0	0	0	0	1	1	1	0	0	0	0	1	0	0	1	0	1	0	0	0	0	0	1	0	0	0	0	1	0	0	0	0	0	1	0	0	0	0	0	0	0	0	0	0	0	0	0	0	0	0	0
8|Human clinical|Blood and tissues|GCA_053407855.1_genomic.fna.gz	0	0	0	0	0	0	0	0	0	0	0	0	0	0	0	0	0	0	0	0	0	0	0	0	0	0	0	0	0	0	0	1	1	1	0	1	0	0	1	0	1	1	1	0	0	1	1	0	0	0	0	0	0	0	0	0	1	0	0	0	0	1	0	0	0	1	1	0	0	0	0	0	0	0	0	1	0	1	0	0	1	0	0	0	1	0	0	0	0	0	1	0	0	0	0	0	0	0	0	0
5|Human clinical|Gastrointestinal and urogenital|GCA_053407875.1_genomic.fna.gz	0	0	1	0	1	0	0	0	0	0	0	1	0	0	0	1	0	0	0	0	1	1	1	0	1	1	0	0	0	0	0	0	0	0	1	0	1	1	0	0	0	0	1	0	0	0	0	1	0	0	0	0	0	1	1	1	0	0	0	0	1	0	0	1	0	1	0	0	0	0	0	1	0	0	0	0	1	0	0	0	0	0	1	0	0	0	0	0	0	0	0	0	0	0	0	0	0	0	0	0
10|Human clinical|Blood and tissues|GCA_053407895.1_genomic.fna.gz	1	1	0	1	0	0	1	0	0	0	0	1	0	0	0	0	1	1	0	1	0	0	0	1	0	0	1	0	1	1	1	0	0	0	1	0	0	0	0	0	0	0	0	0	0	1	0	0	0	0	0	0	0	0	0	1	0	1	0	1	0	0	1	1	1	0	0	1	1	0	0	0	0	0	0	0	0	0	0	1	0	0	0	0	1	0	1	0	0	0	1	1	0	0	0	0	0	1	1	0
9|Human clinical|Gastrointestinal and urogenital|GCA_053407995.1_genomic.fna.gz	0	0	0	0	0	0	0	0	0	0	0	0	0	0	0	0	0	0	0	0	0	0	0	0	0	0	0	0	0	0	0	1	1	1	0	1	0	0	1	0	1	1	1	0	0	1	1	0	0	0	0	0	0	0	0	0	1	0	0	0	0	1	0	0	0	1	1	0	0	0	0	0	0	0	0	1	0	1	0	0	1	0	0	0	1	0	0	0	0	0	1	0	0	0	0	0	1	0	0	0
8|Environment|Sediment and waste|GCA_053408015.1_genomic.fna.gz	0	0	0	0	0	0	0	0	0	0	0	0	0	0	0	0	0	0	0	0	0	0	0	0	0	0	0	0	0	0	0	1	1	1	0	1	0	0	1	0	1	1	1	0	0	1	1	0	0	0	0	0	0	0	0	0	1	0	0	0	0	1	0	0	0	1	1	0	0	0	0	0	0	0	0	1	0	1	0	0	1	0	0	0	1	0	0	0	0	0	1	0	0	0	0	0	0	0	0	0
5|Human clinical|Gastrointestinal and urogenital|GCA_053408055.1_genomic.fna.gz	0	0	1	0	1	0	0	0	0	0	0	1	0	0	0	1	0	0	0	0	1	1	1	0	1	1	0	0	0	0	0	0	0	0	1	0	1	1	0	0	0	0	1	0	0	0	0	1	0	0	0	0	0	1	1	1	0	0	0	0	1	0	0	1	0	1	0	0	0	0	0	1	0	0	0	0	1	0	0	0	0	0	1	0	0	0	0	0	0	0	0	0	0	0	0	0	0	0	0	0
12|Environment|Sediment and waste|GCA_053408855.1_genomic.fna.gz	0	0	0	0	0	0	0	0	1	0	0	0	0	0	0	0	0	0	0	0	1	0	0	1	0	0	0	0	0	0	0	0	1	1	1	0	0	0	1	0	0	0	0	0	0	0	0	0	1	0	0	0	0	0	1	0	0	0	0	0	1	1	1	0	0	0	1	0	0	0	0	1	0	1	0	1	0	0	0	0	0	0	0	0	0	0	0	0	0	0	0	0	0	0	0	0	0	1	0	0
10|Human clinical|Blood and tissues|GCA_053408955.1_genomic.fna.gz	1	1	0	1	0	0	1	0	0	0	0	1	0	0	0	0	1	0	0	0	0	0	0	1	0	0	1	1	1	1	1	0	0	0	0	0	0	0	0	0	0	0	0	0	0	1	0	1	0	0	0	0	0	0	0	0	0	1	0	0	0	0	1	0	0	0	0	1	1	0	0	0	0	0	0	0	0	0	0	0	0	1	0	0	0	0	1	0	0	0	1	1	0	0	0	0	0	0	0	0
6|Food chain|General food and retail|GCA_053408975.1_genomic.fna.gz	0	0	0	0	0	0	0	0	0	0	0	0	0	0	0	0	0	0	0	0	0	0	0	0	0	0	0	0	0	0	0	0	0	0	0	0	0	1	0	0	1	0	0	0	0	0	0	0	1	0	0	0	0	0	1	0	0	0	0	0	0	1	0	0	0	0	1	0	0	0	1	0	1	0	0	0	1	1	0	0	1	0	0	0	0	0	0	0	0	0	1	0	0	0	0	0	0	1	0	1
6|Environment|Sediment and waste|GCA_053409035.1_genomic.fna.gz	0	0	0	0	0	0	0	0	0	0	0	0	0	0	0	0	0	0	0	0	0	0	0	0	0	0	0	0	0	0	0	0	0	0	0	0	0	1	0	0	1	0	0	0	0	0	0	0	1	0	0	0	0	0	1	0	0	0	0	0	0	1	0	0	0	0	1	0	0	0	1	0	1	0	0	0	1	1	0	0	1	0	0	0	0	0	0	0	0	0	1	0	0	0	0	0	0	1	0	1
10|Human clinical|Blood and tissues|GCA_053409315.1_genomic.fna.gz	1	1	0	1	0	0	1	0	0	0	0	1	0	0	0	0	1	0	0	1	0	0	0	1	0	0	1	1	1	1	0	0	0	0	0	0	0	0	0	0	0	0	0	0	0	1	0	0	0	0	0	0	0	0	0	0	0	1	0	1	0	0	1	0	0	0	0	1	1	0	0	0	0	1	0	0	0	0	0	0	0	0	0	0	0	0	1	0	0	0	1	1	0	0	0	0	0	0	0	0
9|Food chain|Plant-derived foods|GCA_053409335.1_genomic.fna.gz	0	0	0	0	0	0	0	0	0	0	0	0	0	0	0	0	0	0	0	0	0	0	0	0	0	0	0	0	0	0	0	1	1	1	0	1	0	0	1	0	1	1	1	0	0	1	1	0	0	0	0	0	0	0	0	0	1	0	0	0	0	1	0	0	0	1	1	0	0	0	0	0	0	0	0	1	0	1	0	0	1	0	0	0	1	0	0	0	0	0	1	0	0	0	0	0	1	0	0	0
11|Livestock and Other animals|Animal organs and body sites|GCA_053409355.1_genomic.fna.gz	0	0	0	0	0	0	0	0	0	0	0	0	0	0	0	0	0	0	0	0	0	0	0	0	0	0	0	0	0	0	0	0	0	1	0	0	0	1	1	1	0	1	0	1	0	0	0	1	0	0	0	0	0	1	1	0	0	0	0	0	1	0	0	0	0	0	1	1	0	0	1	0	1	0	0	1	0	0	0	1	1	0	0	0	1	0	0	0	0	0	0	0	0	0	0	0	0	1	1	0
8|Human clinical|Blood and tissues|GCA_053409375.1_genomic.fna.gz	0	0	0	0	0	0	0	0	0	0	0	0	0	0	0	0	0	0	0	0	0	0	0	0	0	0	0	0	0	0	0	1	1	1	0	1	0	0	1	0	1	1	1	0	0	1	1	0	0	0	0	0	0	0	0	0	1	0	0	0	0	1	0	0	0	1	1	0	0	0	0	0	0	0	0	1	0	1	0	0	1	0	0	0	1	0	0	0	0	0	1	0	0	0	0	0	0	0	0	0
13|Environment|Environmental swabs and sponges|GCA_053409395.1_genomic.fna.gz	0	0	0	0	0	0	0	0	0	0	0	0	0	0	0	0	0	0	0	0	0	0	1	0	0	0	0	0	0	0	0	0	0	0	0	0	0	0	1	0	0	0	0	0	0	0	0	0	1	0	0	0	0	0	1	0	0	1	0	0	1	0	0	0	0	1	0	0	1	0	0	0	0	0	0	0	0	1	0	0	1	1	1	0	1	0	0	0	0	0	0	0	0	0	1	0	0	1	0	0
11|Human clinical|Gastrointestinal and urogenital|GCA_053409435.1_genomic.fna.gz	0	0	0	0	0	0	0	0	0	0	0	0	0	0	0	0	0	0	0	0	0	0	0	0	0	0	0	0	0	0	0	0	0	1	0	0	0	1	1	1	0	1	0	1	0	0	0	1	0	0	0	0	0	0	1	0	0	0	0	0	1	0	0	0	0	0	1	1	0	0	1	0	1	0	0	1	0	0	0	1	1	0	0	0	1	0	0	0	0	0	0	0	0	0	0	0	0	1	1	0
10|Environment|Environmental swabs and sponges|GCA_053409495.1_genomic.fna.gz	1	1	0	1	0	0	1	0	0	0	0	1	0	0	0	0	1	1	0	1	0	0	0	1	0	0	1	0	1	1	1	0	0	0	1	0	0	0	0	0	0	0	0	0	0	1	0	0	0	0	0	0	0	0	0	1	0	1	0	1	0	0	1	1	1	0	0	1	1	0	0	0	0	0	0	0	0	0	0	1	0	0	0	0	1	0	1	0	0	0	1	1	0	0	0	0	0	1	1	0
8|Human clinical|Blood and tissues|GCA_053409615.1_genomic.fna.gz	0	0	0	0	0	0	0	0	0	0	0	0	0	0	0	0	0	0	0	0	0	0	0	0	0	0	0	0	0	0	0	1	1	1	0	1	0	0	1	0	1	1	1	0	0	1	1	0	0	0	0	0	0	0	0	0	1	0	0	0	0	1	0	0	0	1	1	0	0	0	0	0	0	0	0	1	0	1	0	0	1	0	0	0	1	0	0	0	0	0	1	0	0	0	0	0	0	0	0	0
10|Human clinical|Blood and tissues|GCA_053409635.1_genomic.fna.gz	1	1	0	1	0	0	1	0	0	0	0	1	0	0	0	0	1	0	0	0	0	0	0	1	0	0	1	1	1	1	1	0	0	0	0	0	0	0	0	0	0	0	0	0	0	1	0	1	0	0	0	0	0	0	0	0	0	1	0	0	0	0	1	0	0	0	0	1	1	0	0	0	0	0	0	0	0	0	0	0	0	1	0	0	0	0	1	0	0	0	1	1	0	0	0	0	0	0	0	0
5|Environment|Sediment and waste|GCA_053409655.1_genomic.fna.gz	0	0	1	0	1	0	0	0	0	0	0	1	0	0	0	1	0	0	0	0	1	1	1	0	1	1	0	0	0	0	0	0	0	0	1	0	1	1	0	0	0	0	1	0	0	0	0	1	0	0	0	0	0	1	1	1	0	0	0	0	1	0	0	1	0	1	0	0	0	0	0	1	0	0	0	0	1	0	0	0	0	0	1	0	0	0	0	0	0	0	0	0	0	0	0	0	0	0	0	0
5|Environment|Sediment and waste|GCA_053409675.1_genomic.fna.gz	0	0	1	0	1	0	0	0	0	0	0	1	0	0	0	1	0	0	0	0	1	1	1	0	1	1	0	0	0	0	0	0	0	0	1	0	1	1	0	0	0	0	1	0	0	0	0	1	0	0	0	0	0	1	1	1	0	0	0	0	1	0	0	1	0	1	0	0	0	0	0	1	0	0	0	0	1	0	0	0	0	0	1	0	0	0	0	0	0	0	0	0	0	0	0	0	0	0	0	0
8|Human clinical|Blood and tissues|GCA_053409715.1_genomic.fna.gz	0	0	0	0	0	0	0	0	0	0	0	0	0	0	0	0	0	0	0	0	0	0	0	0	0	0	0	0	0	0	0	1	1	1	0	1	0	0	1	0	1	1	1	0	0	1	1	0	0	0	0	0	0	0	0	0	1	0	0	0	0	1	0	0	0	1	1	0	0	0	0	0	0	0	0	1	0	1	0	0	1	0	0	0	1	0	0	0	0	0	1	0	0	0	0	0	0	0	0	0
14|Human clinical|Blood and tissues|GCA_053409735.1_genomic.fna.gz	0	0	0	0	0	0	0	0	0	0	0	0	0	0	1	0	0	0	0	1	0	0	0	1	0	0	1	0	0	0	0	0	0	0	0	0	0	0	0	0	0	0	0	0	0	0	0	0	1	0	0	0	0	0	0	0	0	0	0	0	0	0	0	1	0	0	0	1	1	0	0	0	1	1	0	0	1	0	0	1	1	0	1	0	0	0	1	0	0	0	1	0	0	0	0	0	0	0	0	1
12|Environment|Sediment and waste|GCA_053409835.1_genomic.fna.gz	0	0	0	0	0	0	0	0	1	0	0	0	0	0	0	0	0	0	0	0	1	0	0	1	0	0	0	0	0	0	0	0	1	1	1	0	0	0	1	0	0	0	0	0	0	0	0	0	1	0	0	0	0	0	1	0	0	0	0	0	1	1	1	0	0	0	1	0	0	0	0	1	0	1	0	1	0	0	0	0	0	0	0	0	0	0	0	0	0	0	0	0	0	0	0	0	0	1	0	0
10|Human clinical|Blood and tissues|GCA_053409915.1_genomic.fna.gz	1	1	0	1	0	0	1	0	0	0	0	1	0	0	0	0	1	0	0	1	0	0	0	1	0	0	1	1	1	1	0	0	0	0	0	0	0	0	0	0	0	0	0	0	0	1	0	0	0	0	0	0	0	0	0	0	0	1	0	1	0	0	1	0	0	0	0	1	1	0	0	0	0	1	0	0	0	0	0	0	0	0	0	0	0	0	1	0	0	0	1	1	0	0	0	0	0	0	0	0
10|Human clinical|Gastrointestinal and urogenital|GCA_053409995.1_genomic.fna.gz	1	1	0	1	0	0	1	0	0	0	0	1	0	0	0	0	1	0	0	1	0	0	0	1	0	0	1	1	1	1	0	0	0	0	0	0	0	0	0	0	0	0	0	0	0	1	0	0	0	0	0	0	0	0	0	0	0	1	0	1	0	0	1	0	0	0	0	1	1	0	0	0	0	1	0	0	0	0	0	0	0	0	0	0	0	0	1	0	0	0	1	1	0	0	0	0	0	0	0	0
9|Environment|Sediment and waste|GCA_053410015.1_genomic.fna.gz	0	0	0	0	0	0	0	0	0	0	0	0	0	0	0	0	0	0	0	0	0	0	0	0	0	0	0	0	0	0	0	1	1	1	0	1	0	0	1	0	1	1	1	0	0	1	1	0	0	0	0	0	0	0	0	0	1	0	0	0	0	1	0	0	0	1	1	0	0	0	0	0	0	0	0	1	0	1	0	0	1	0	0	0	1	0	0	0	0	0	1	0	0	0	0	0	1	0	0	0
7|Environment|Sediment and waste|GCA_053410095.1_genomic.fna.gz	0	0	0	0	0	0	0	0	0	0	0	0	0	0	0	0	0	0	0	0	0	0	0	0	0	0	0	0	0	0	0	0	1	1	0	0	0	0	0	0	1	0	1	1	0	0	0	0	0	0	0	0	0	0	0	0	1	0	0	0	0	0	0	0	0	0	0	1	0	0	1	0	0	0	0	1	1	1	0	0	0	0	0	0	0	0	0	0	0	0	1	0	0	0	0	0	0	0	0	1
5|Environment|Environmental swabs and sponges|GCA_053410235.1_genomic.fna.gz	0	0	1	0	1	1	0	0	0	0	0	1	0	0	0	1	0	0	0	0	1	1	1	0	1	1	0	0	0	0	0	0	0	0	1	0	1	1	0	0	0	0	1	0	0	0	0	1	0	0	0	0	0	1	1	1	0	0	0	0	1	0	0	1	0	1	0	0	0	0	0	1	0	0	0	0	1	0	0	0	0	0	1	0	0	0	0	0	0	0	0	0	0	0	0	0	0	0	0	0
14|Livestock and Other animals|Chicken and poultry birds|GCA_053410255.1_genomic.fna.gz	0	0	0	0	0	0	0	0	0	0	0	0	0	0	1	0	0	0	0	1	0	0	0	1	0	1	1	0	0	0	0	0	0	0	0	0	0	1	0	0	0	0	0	0	0	0	0	0	1	0	0	0	0	0	0	0	0	0	0	0	0	0	0	1	1	0	0	0	0	0	0	0	1	1	0	0	1	0	0	1	0	0	1	0	0	0	0	0	0	0	0	0	1	1	0	0	0	0	0	0
10|Human clinical|Blood and tissues|GCA_053410275.1_genomic.fna.gz	1	1	0	1	0	0	1	0	0	0	0	1	0	0	0	0	1	0	0	1	0	0	0	1	0	0	1	1	1	1	0	0	0	0	0	0	0	0	0	0	0	0	0	0	0	1	0	0	0	0	0	0	0	0	0	0	0	1	0	1	0	0	1	0	0	0	0	1	1	0	0	0	0	1	0	0	0	0	0	0	0	0	0	0	0	0	1	0	0	0	1	1	0	0	0	0	0	0	0	0
10|Environment|Sediment and waste|GCA_053410355.1_genomic.fna.gz	1	1	0	1	0	0	1	0	0	0	0	1	0	0	0	0	1	1	0	1	0	0	0	1	0	0	1	1	1	0	0	0	0	0	0	0	0	0	0	0	0	0	0	0	0	1	0	0	0	0	0	0	0	0	0	1	0	1	0	1	0	0	1	0	0	0	0	1	1	0	0	0	0	0	0	0	0	0	0	0	0	1	1	0	0	1	1	0	0	0	0	0	0	0	0	0	0	1	0	0
14|Human clinical|Gastrointestinal and urogenital|GCA_053410395.1_genomic.fna.gz	0	0	0	0	0	0	0	0	0	0	0	0	0	0	1	0	0	0	0	1	0	0	0	1	0	0	1	0	0	0	0	0	0	0	0	0	0	0	0	0	0	0	0	0	0	0	0	0	1	0	0	0	0	0	0	0	0	0	0	0	0	0	0	1	0	0	0	1	1	0	0	0	1	1	0	0	1	0	0	1	1	0	1	0	0	0	1	0	0	0	1	0	0	0	0	0	0	0	0	1
9|Environment|Sediment and waste|GCA_053410435.1_genomic.fna.gz	0	0	0	0	0	0	0	0	0	0	0	0	0	0	0	0	0	0	0	0	0	0	0	0	0	0	0	0	0	0	0	1	1	1	0	1	0	0	1	0	1	1	1	0	0	1	1	0	0	0	0	0	0	0	0	0	1	0	0	0	0	1	0	0	0	1	1	0	0	0	0	0	0	0	0	1	0	1	0	0	1	0	0	0	1	0	0	0	0	0	1	0	0	0	0	0	1	0	0	0
2|Human clinical|Blood and tissues|GCA_053410455.1_genomic.fna.gz	0	0	0	0	0	0	0	1	1	1	1	0	1	1	0	0	0	0	1	0	1	0	1	0	1	1	0	0	0	0	0	0	1	1	1	1	0	0	1	1	1	0	0	1	1	0	0	1	1	0	0	0	0	0	0	0	0	0	0	0	0	0	0	0	1	0	1	1	0	1	1	0	0	1	1	0	0	1	0	0	0	0	0	1	0	0	0	0	0	0	0	0	0	0	0	0	0	0	0	0
2|Environment|Sediment and waste|GCA_053410495.1_genomic.fna.gz	0	0	0	0	0	0	0	1	1	1	1	0	1	1	0	0	0	0	1	0	1	0	1	0	1	1	0	0	0	0	0	0	1	1	1	1	0	0	1	1	1	0	0	1	1	0	0	1	1	0	0	0	0	0	0	0	0	0	0	0	0	0	0	0	1	0	1	1	0	1	1	0	0	1	1	0	0	1	0	0	0	0	0	1	0	0	0	0	0	0	0	0	0	0	0	0	0	0	0	0
8|Environment|Environmental swabs and sponges|GCA_053410515.1_genomic.fna.gz	0	0	0	0	0	0	0	0	0	0	0	0	0	0	0	0	0	0	0	0	0	0	0	0	0	0	0	0	0	0	0	1	1	1	0	1	0	0	1	0	1	1	1	0	0	1	1	0	0	0	0	0	0	0	0	0	1	0	0	0	0	1	0	0	0	1	1	0	0	0	0	0	0	0	0	1	0	1	0	0	1	0	0	0	1	0	0	0	0	0	1	0	0	0	0	0	0	0	0	0
10|Human clinical|Gastrointestinal and urogenital|GCA_053410595.1_genomic.fna.gz	1	1	0	1	0	0	1	0	0	0	0	1	0	0	0	0	1	0	0	0	0	0	0	1	0	0	1	1	1	1	1	0	0	0	0	0	0	0	0	0	0	0	0	0	0	1	0	1	0	0	0	0	0	0	0	0	0	1	0	0	0	0	1	0	0	0	0	1	1	0	0	0	0	0	0	0	0	0	0	0	0	1	0	0	0	0	1	0	0	0	1	1	0	0	0	0	0	0	0	0
5|Human clinical|Gastrointestinal and urogenital|GCA_053410615.1_genomic.fna.gz	0	0	1	0	1	0	0	0	0	0	0	1	0	0	0	1	0	0	0	0	1	1	1	0	1	1	0	0	0	0	0	0	0	0	1	0	1	1	0	0	0	0	1	0	0	0	0	1	0	0	0	0	0	1	1	1	0	0	0	0	1	0	0	1	0	1	0	0	0	0	0	1	0	0	0	0	1	0	0	0	0	0	1	0	0	0	0	0	0	0	0	0	0	0	0	0	0	0	0	0
8|Human clinical|Wounds and abscesses|GCA_053410895.1_genomic.fna.gz	0	0	0	0	0	0	0	0	0	0	0	0	0	0	0	0	0	0	0	0	0	0	0	0	0	0	0	0	0	0	0	1	1	1	0	1	0	0	1	0	1	1	1	0	0	1	1	0	0	0	0	0	0	0	0	0	1	0	0	0	0	1	0	0	0	1	1	0	0	0	0	0	0	0	0	1	0	1	0	0	1	0	0	0	1	0	0	0	0	0	1	0	0	0	0	0	0	0	0	0
13|Environment|Environmental swabs and sponges|GCA_053411135.1_genomic.fna.gz	0	0	0	0	0	0	0	0	0	0	0	0	0	0	0	0	0	0	0	0	0	0	1	0	0	0	0	0	0	0	0	0	0	0	0	0	0	0	1	0	0	0	0	0	0	0	0	0	1	0	0	0	0	0	1	0	0	1	0	0	1	0	0	0	0	1	0	0	1	0	0	0	0	0	0	0	0	1	0	0	1	1	1	0	1	0	0	0	0	0	0	0	0	0	1	0	0	1	0	0
10|Food chain|General food and retail|GCA_053411215.1_genomic.fna.gz	1	0	0	1	0	0	1	0	0	0	0	1	0	0	0	0	1	0	0	1	0	0	0	1	0	0	1	1	0	1	1	0	0	0	0	0	0	0	0	0	0	0	0	0	0	1	0	0	0	0	0	0	0	0	1	0	0	1	0	0	0	0	1	0	1	0	0	1	1	0	0	0	0	1	0	0	0	0	0	0	0	0	0	0	1	0	0	0	0	0	1	0	0	0	0	0	0	0	0	0
9|Human clinical|Blood and tissues|GCA_053411275.1_genomic.fna.gz	0	0	0	0	0	0	0	0	0	0	0	0	0	0	0	0	0	0	0	0	0	0	0	0	0	0	0	0	0	0	0	1	1	1	0	1	0	0	1	0	1	1	1	0	0	1	1	0	0	0	0	0	0	0	0	0	1	0	0	0	0	1	0	0	0	1	1	0	0	0	0	0	0	0	0	1	0	1	0	0	1	0	0	0	1	0	0	0	0	0	1	0	0	0	0	0	1	0	0	0
8|Human clinical|Blood and tissues|GCA_053411475.1_genomic.fna.gz	0	0	0	0	0	0	0	0	0	0	0	0	0	0	0	0	0	0	0	0	0	0	0	0	0	0	0	0	0	0	0	1	1	1	0	1	0	0	1	0	1	1	1	0	0	1	1	0	0	0	0	0	0	0	0	0	1	0	0	0	0	1	0	0	0	1	1	0	0	0	0	0	0	0	0	1	0	1	0	0	1	0	0	0	1	0	0	0	0	0	1	0	0	0	0	0	0	0	0	0
8|Human clinical|Wounds and abscesses|GCA_053411575.1_genomic.fna.gz	0	0	0	0	0	0	0	0	0	0	0	0	0	0	0	0	0	0	0	0	0	0	0	0	0	0	0	0	0	0	0	1	1	1	0	1	0	0	1	0	1	1	1	0	0	1	1	0	0	0	0	0	0	0	0	0	1	0	0	0	0	1	0	0	0	1	1	0	0	0	0	0	0	0	0	1	0	1	0	0	1	0	0	0	1	0	0	0	0	0	1	0	0	0	0	0	0	0	0	0
10|Environment|Environmental swabs and sponges|GCA_053411735.1_genomic.fna.gz	1	1	0	1	0	0	1	0	0	0	0	1	0	0	0	0	1	1	0	0	0	0	0	1	0	0	1	1	1	0	1	0	0	0	0	0	0	0	0	0	0	0	0	0	0	1	0	1	0	0	0	0	0	0	0	1	0	1	1	0	0	0	1	0	1	0	0	1	1	0	0	0	0	0	0	0	0	0	0	0	1	1	1	0	1	0	1	0	0	0	0	0	0	0	0	0	0	1	0	0
12|Human clinical|Gastrointestinal and urogenital|GCA_053411795.1_genomic.fna.gz	0	0	0	0	0	0	0	0	1	0	0	0	0	0	0	0	0	0	0	0	1	0	0	1	0	0	0	0	0	0	0	0	1	1	1	0	0	0	1	0	0	0	0	0	0	0	0	0	1	0	0	0	0	0	1	0	0	0	0	0	1	1	1	0	0	0	1	0	0	0	0	1	0	1	0	1	0	0	0	0	0	0	0	0	0	0	0	0	0	0	0	0	0	0	0	0	0	1	0	0
10|Environment|Environmental swabs and sponges|GCA_053412515.1_genomic.fna.gz	1	1	0	1	0	0	1	0	0	0	0	1	0	0	0	0	1	1	0	0	0	0	0	1	0	0	1	1	1	0	1	0	0	0	0	0	0	0	0	0	0	0	0	0	0	1	0	1	0	0	0	0	0	0	0	1	0	1	1	0	0	0	1	0	1	0	0	1	1	0	0	0	0	0	0	0	0	0	0	0	1	1	1	0	1	0	1	0	0	0	0	0	0	0	0	0	0	1	0	0
10|Livestock and Other animals|Chicken and poultry birds|GCA_053412555.1_genomic.fna.gz	1	1	0	1	0	0	1	0	0	0	0	1	0	0	0	0	1	1	0	1	0	0	0	1	0	0	1	1	1	0	0	0	0	0	0	0	0	0	0	0	0	0	0	0	0	1	0	0	0	0	0	0	0	0	0	1	0	1	0	1	0	0	1	0	0	0	0	1	1	0	0	0	0	0	0	0	0	0	0	0	0	1	1	0	0	1	1	0	0	0	0	0	0	0	0	0	0	1	0	0
12|Human clinical|Gastrointestinal and urogenital|GCA_053412615.1_genomic.fna.gz	0	0	0	0	0	0	0	0	1	0	0	0	0	0	0	0	0	0	0	0	1	0	0	1	0	0	0	0	0	0	0	0	1	1	1	0	0	0	1	0	0	0	0	0	0	0	0	0	1	0	0	0	0	0	1	0	0	0	0	0	1	1	1	0	0	0	1	0	0	0	0	1	0	1	0	1	0	0	0	0	0	0	0	0	0	0	0	0	0	0	0	0	0	0	0	0	0	1	0	0
10|Environment|Environmental swabs and sponges|GCA_053412635.1_genomic.fna.gz	1	1	0	1	0	0	1	0	0	0	0	1	0	0	0	0	1	1	0	1	0	0	0	1	0	0	1	1	1	0	0	0	0	0	0	0	0	0	0	0	0	0	0	0	0	1	0	0	0	0	0	0	0	0	0	1	0	1	0	1	0	0	1	0	0	0	0	1	1	0	0	0	0	0	0	0	0	0	0	0	0	1	1	0	0	1	1	0	0	0	0	0	0	0	0	0	0	1	0	0
5|Environment|Environmental swabs and sponges|GCA_053412655.1_genomic.fna.gz	0	0	1	0	1	1	0	0	0	0	0	1	0	0	0	1	0	0	0	0	1	1	1	0	1	1	0	0	0	0	0	0	0	0	1	0	1	1	0	0	0	0	1	0	0	0	0	1	0	0	0	0	0	1	1	1	0	0	0	0	1	0	0	1	0	1	0	0	0	0	0	1	0	0	0	0	1	0	0	0	0	0	1	0	0	0	0	0	0	0	0	0	0	0	0	0	0	0	0	0
7|Environment|Sediment and waste|GCA_053412675.1_genomic.fna.gz	0	0	0	0	0	0	0	0	0	0	0	0	0	0	0	0	0	0	0	0	0	0	0	0	0	0	0	0	0	0	0	0	1	1	0	0	0	0	0	0	1	0	1	1	0	0	0	0	0	0	0	0	0	0	0	0	1	0	0	0	0	0	0	0	0	0	0	1	0	0	1	0	0	0	0	1	1	1	0	0	0	0	0	0	0	0	0	0	0	0	1	0	0	0	0	0	0	0	0	1
10|Human clinical|Blood and tissues|GCA_053412715.1_genomic.fna.gz	1	1	0	1	0	0	1	0	0	0	0	1	0	0	0	0	1	1	0	1	0	0	0	1	0	0	1	0	1	1	1	0	0	0	1	0	0	0	0	0	0	0	0	0	0	1	0	0	0	0	0	0	0	0	0	1	0	1	0	1	0	0	1	1	1	0	0	1	1	0	0	0	0	0	0	0	0	0	0	1	0	0	0	0	1	0	1	0	0	0	1	1	0	0	0	0	0	1	1	0
8|Human clinical|Gastrointestinal and urogenital|GCA_053412755.1_genomic.fna.gz	0	0	0	0	0	0	0	0	0	0	0	0	0	0	0	0	0	0	0	0	0	0	0	0	0	0	0	0	0	0	0	1	1	1	0	1	0	0	1	0	1	1	1	0	0	1	1	0	0	0	0	0	0	0	0	0	1	0	0	0	0	1	0	0	0	1	1	0	0	0	0	0	0	0	0	1	0	1	0	0	1	0	0	0	1	0	0	0	0	0	1	0	0	0	0	0	0	0	0	0
10|Human clinical|Blood and tissues|GCA_053412795.1_genomic.fna.gz	1	1	0	1	0	0	1	0	0	0	0	1	0	0	0	0	1	0	0	0	0	0	0	1	0	0	1	1	1	1	1	0	0	0	0	0	0	0	0	0	0	0	0	0	0	1	0	1	0	0	0	0	0	0	0	0	0	1	0	0	0	0	1	0	0	0	0	1	1	0	0	0	0	0	0	0	0	0	0	0	0	1	0	0	0	0	1	0	0	0	1	1	0	0	0	0	0	0	0	0
9|Human clinical|Blood and tissues|GCA_053412935.1_genomic.fna.gz	0	0	0	0	0	0	0	0	0	0	0	0	0	0	0	0	0	0	0	0	0	0	0	0	0	0	0	0	0	0	0	1	1	1	0	1	0	0	1	0	1	1	1	0	0	1	1	0	0	0	0	0	0	0	0	0	1	0	0	0	0	1	0	0	0	1	1	0	0	0	0	0	0	0	0	1	0	1	0	0	1	0	0	0	1	0	0	0	0	0	1	0	0	0	0	0	1	0	0	0
8|Human clinical|Blood and tissues|GCA_053412955.1_genomic.fna.gz	0	0	0	0	0	0	0	0	0	0	0	0	0	0	0	0	0	0	0	0	0	0	0	0	0	0	0	0	0	0	0	1	1	1	0	1	0	0	1	0	1	1	1	0	0	1	1	0	0	0	0	0	0	0	0	0	1	0	0	0	0	1	0	0	0	1	1	0	0	0	0	0	0	0	0	1	0	1	0	0	1	0	0	0	1	0	0	0	0	0	1	0	0	0	0	0	0	0	0	0
10|Environment|Sediment and waste|GCA_053412995.1_genomic.fna.gz	1	1	0	1	0	0	1	0	0	0	0	1	0	0	0	0	1	1	0	1	0	0	0	1	0	0	1	0	1	1	1	0	0	0	1	0	0	0	0	0	0	0	0	0	0	1	0	0	0	0	0	0	0	0	0	1	0	1	0	1	0	0	1	1	1	0	0	1	1	0	0	0	0	0	0	0	0	0	0	1	0	0	0	0	1	0	1	0	0	0	1	1	0	0	0	0	0	1	1	0
10|Food chain|General food and retail|GCA_053413095.1_genomic.fna.gz	1	1	0	1	0	0	0	0	0	0	0	1	0	0	0	0	1	1	0	1	0	0	0	1	0	0	1	1	0	1	1	0	0	0	0	0	0	0	0	0	0	0	0	0	0	1	0	0	0	0	0	0	0	0	0	0	0	1	0	0	0	0	1	0	1	0	0	1	1	0	0	0	0	0	0	0	0	0	0	1	0	0	1	0	1	0	0	0	0	0	1	1	0	0	0	0	0	1	0	0
5|Human clinical|Gastrointestinal and urogenital|GCA_053413255.1_genomic.fna.gz	0	0	1	0	1	1	0	0	0	0	0	1	0	0	0	1	0	0	0	0	1	1	1	0	1	1	0	0	0	0	0	0	0	0	1	0	1	1	0	0	0	0	1	0	0	0	0	1	0	0	0	0	0	1	1	1	0	0	0	0	1	0	0	1	0	1	0	0	0	0	0	1	0	0	0	0	1	0	0	0	0	0	1	0	0	0	0	0	0	0	0	0	0	0	0	0	0	0	0	0
8|Human clinical|Gastrointestinal and urogenital|GCA_053413335.1_genomic.fna.gz	0	0	0	0	0	0	0	0	0	0	0	0	0	0	0	0	0	0	0	0	0	0	0	0	0	0	0	0	0	0	0	1	1	1	0	1	0	0	1	0	1	1	1	0	0	1	1	0	0	0	0	0	0	0	0	0	1	0	0	0	0	1	0	0	0	1	1	0	0	0	0	0	0	0	0	1	0	1	0	0	1	0	0	0	1	0	0	0	0	0	1	0	0	0	0	0	0	0	0	0
8|Human clinical|Blood and tissues|GCA_053413375.1_genomic.fna.gz	0	0	0	0	0	0	0	0	0	0	0	0	0	0	0	0	0	0	0	0	0	0	0	0	0	0	0	0	0	0	0	1	1	1	0	1	0	0	1	0	1	1	1	0	0	1	1	0	0	0	0	0	0	0	0	0	1	0	0	0	0	1	0	0	0	1	1	0	0	0	0	0	0	0	0	1	0	1	0	0	1	0	0	0	1	0	0	0	0	0	1	0	0	0	0	0	0	0	0	0
3|Food chain|Chicken products|GCA_053417355.1_genomic.fna.gz	0	0	0	0	0	0	0	1	1	1	1	0	1	1	0	0	0	0	1	0	1	0	1	0	1	1	0	0	0	0	0	0	1	1	1	1	0	0	1	1	1	0	0	1	1	0	0	1	1	0	0	0	0	0	0	0	0	0	0	0	0	0	0	0	1	0	1	1	0	1	1	0	0	1	1	0	0	1	0	0	0	0	0	1	0	0	0	0	0	0	0	0	0	0	0	1	0	0	0	0
3|Food chain|Chicken products|GCA_053417375.1_genomic.fna.gz	0	0	0	0	0	0	0	1	1	1	1	0	1	1	0	0	0	0	1	0	1	0	1	0	1	1	0	0	0	0	0	0	1	1	1	1	0	0	1	1	1	0	0	1	1	0	0	1	1	0	0	0	0	0	0	0	0	0	0	0	0	0	0	0	1	0	1	1	0	1	1	0	0	1	1	0	0	1	0	0	0	0	0	1	0	0	0	0	0	0	0	0	0	0	0	1	0	0	0	0
3|Food chain|Chicken products|GCA_053417415.1_genomic.fna.gz	0	0	0	0	0	0	0	1	1	1	1	0	1	1	0	0	0	0	1	0	1	0	1	0	1	1	0	0	0	0	0	0	1	1	1	1	0	0	1	1	1	0	0	1	1	0	0	1	1	0	0	0	0	0	0	0	0	0	0	0	0	0	0	0	1	0	1	1	0	1	1	0	0	1	1	0	0	1	0	0	0	0	0	1	0	0	0	0	0	0	0	0	0	0	0	1	0	0	0	0
10|Food chain|Turkey and duck products|GCA_053438195.1_genomic.fna.gz	1	1	0	1	0	0	1	0	0	0	0	1	0	0	0	0	1	1	0	1	0	0	0	1	0	0	1	1	1	0	0	0	0	0	0	0	0	0	0	0	0	0	0	0	0	1	0	0	0	0	0	0	0	0	0	1	0	1	0	1	0	0	1	0	0	0	0	1	1	0	0	0	0	0	0	0	0	0	0	0	0	1	1	0	0	1	1	0	0	0	0	0	0	0	0	0	0	1	0	0
5|Environment|Water and wastewater|GCA_053438845.1_genomic.fna.gz	0	0	1	0	1	1	0	0	0	0	0	1	0	0	0	1	0	0	0	0	1	1	1	0	1	1	0	0	0	0	0	0	0	0	1	0	1	1	0	0	0	0	1	0	0	0	0	1	0	0	0	0	0	1	1	1	0	0	0	0	1	0	0	1	0	1	0	0	0	0	0	1	0	0	0	0	1	0	0	0	0	0	1	0	0	0	0	0	0	0	0	0	0	0	0	0	0	0	0	0
5|Environment|Water and wastewater|GCA_053438885.1_genomic.fna.gz	0	0	1	0	1	1	0	0	0	0	0	1	0	0	0	1	0	0	0	0	1	1	1	0	1	1	0	0	0	0	0	0	0	0	1	0	1	1	0	0	0	0	1	0	0	0	0	1	0	0	0	0	0	1	1	1	0	0	0	0	1	0	0	1	0	1	0	0	0	0	0	1	0	0	0	0	1	0	0	0	0	0	1	0	0	0	0	0	0	0	0	0	0	0	0	0	0	0	0	0
8|Environment|Water and wastewater|GCA_053438935.1_genomic.fna.gz	0	0	0	0	0	0	0	0	0	0	0	0	0	0	0	0	0	0	0	0	0	0	0	0	0	0	0	0	0	0	0	1	1	1	0	1	0	0	1	0	1	1	1	0	0	1	1	0	0	0	0	0	0	0	0	0	1	0	0	0	0	1	0	0	0	1	1	0	0	0	0	0	0	0	0	1	0	1	0	0	1	0	0	0	1	0	0	0	0	0	1	0	0	0	0	0	0	0	0	0
5|Food chain|Chicken products|GCA_053438995.1_genomic.fna.gz	0	0	1	0	1	1	0	0	0	0	0	1	0	0	0	1	0	0	0	0	1	1	1	0	1	1	0	0	0	0	0	0	0	0	1	0	1	1	0	0	0	0	1	0	0	0	0	1	0	0	0	0	0	1	1	1	0	0	0	0	1	0	0	1	0	1	0	0	0	0	0	1	0	0	0	0	1	0	0	0	0	0	1	0	0	0	0	0	0	0	0	0	0	0	0	0	0	0	0	0
11|Environment|Water and wastewater|GCA_053439115.1_genomic.fna.gz	0	0	0	0	0	0	0	0	0	0	0	0	0	0	0	0	0	0	0	0	0	0	0	0	0	0	0	0	0	0	0	0	0	1	0	0	0	1	1	1	0	1	0	1	0	0	0	1	0	0	0	0	0	0	1	0	0	0	0	0	1	0	0	0	0	0	1	1	0	0	1	0	1	0	0	1	0	0	0	1	1	0	0	0	1	0	0	0	0	0	0	0	0	0	0	0	0	1	1	0
11|Environment|Water and wastewater|GCA_053439875.1_genomic.fna.gz	0	0	0	0	0	0	0	0	0	0	0	0	0	0	0	0	0	0	0	0	0	0	0	0	0	0	0	0	0	0	0	0	0	1	0	0	0	1	1	1	0	1	0	1	0	0	0	1	0	0	0	0	0	0	1	0	0	0	0	0	1	0	0	0	0	0	1	1	0	0	1	0	1	0	0	1	0	0	0	1	1	0	0	0	1	0	0	0	0	0	0	0	0	0	0	0	0	1	1	0
5|Environment|Water and wastewater|GCA_053439885.1_genomic.fna.gz	0	0	1	0	1	1	0	0	0	0	0	1	0	0	0	1	0	0	0	0	1	1	1	0	1	1	0	0	0	0	0	0	0	0	1	0	1	1	0	0	0	0	1	0	0	0	0	1	0	0	0	0	0	1	1	1	0	0	0	0	1	0	0	1	0	1	0	0	0	0	0	1	0	0	0	0	1	0	0	0	0	0	1	0	0	0	0	0	0	0	0	0	0	0	0	0	0	0	0	0
11|Environment|Water and wastewater|GCA_053440585.1_genomic.fna.gz	0	0	0	0	0	0	0	0	0	0	0	0	0	0	0	0	0	0	0	0	0	0	0	0	0	0	0	0	0	0	0	0	0	1	0	0	0	1	1	1	0	1	0	1	0	0	0	1	0	0	0	0	0	0	1	0	0	0	0	0	1	0	0	0	0	0	1	1	0	0	1	0	1	0	0	1	0	0	0	1	1	0	0	0	1	0	0	0	0	0	0	0	0	0	0	0	0	1	1	0
8|Environment|Water and wastewater|GCA_053440625.1_genomic.fna.gz	0	0	0	0	0	0	0	0	0	0	0	0	0	0	0	0	0	0	0	0	0	0	0	0	0	0	0	0	0	0	0	1	1	1	0	1	0	0	1	0	1	1	1	0	0	1	1	0	0	0	0	0	0	0	0	0	1	0	0	0	0	1	0	0	0	1	1	0	0	0	0	0	0	0	0	1	0	1	0	0	1	0	0	0	1	0	0	0	0	0	1	0	0	0	0	0	0	0	0	0
11|Environment|Water and wastewater|GCA_053440665.1_genomic.fna.gz	0	0	0	0	0	0	0	0	0	0	0	0	0	0	0	0	0	0	0	0	0	0	0	0	0	0	0	0	0	0	0	0	0	1	0	0	0	1	1	1	0	1	0	1	0	0	0	1	0	0	0	0	0	0	1	0	0	0	0	0	1	0	0	0	0	0	1	1	0	0	1	0	1	0	0	1	0	0	0	1	1	0	0	0	1	0	0	0	0	0	0	0	0	0	0	0	0	1	1	0
5|Food chain|Chicken products|GCA_053440905.1_genomic.fna.gz	0	0	1	0	1	1	0	0	0	0	0	1	0	0	0	1	0	0	0	0	1	1	1	0	1	1	0	0	0	0	0	0	0	0	1	0	1	1	0	0	0	0	1	0	0	0	0	1	0	0	0	0	0	1	1	1	0	0	0	0	1	0	0	1	0	1	0	0	0	0	0	1	0	0	0	0	1	0	0	0	0	0	1	0	0	0	0	0	0	0	0	0	0	0	0	0	0	0	0	0
10|Food chain|General food and retail|GCA_053467845.1_genomic.fna.gz	1	1	0	1	0	0	1	0	0	0	0	1	0	0	0	0	1	1	0	1	0	0	0	1	0	0	1	1	1	0	0	0	0	0	0	0	0	0	0	0	0	0	0	0	0	1	0	0	0	0	0	0	0	0	0	1	0	1	0	1	0	0	1	0	0	0	0	1	1	0	0	0	0	0	0	0	0	0	0	0	0	1	1	0	0	1	1	0	0	0	0	0	0	0	0	0	0	1	0	0
3|Food chain|Chicken products|GCA_053468385.1_genomic.fna.gz	0	0	0	0	0	0	0	1	1	1	1	0	1	1	0	0	0	0	1	0	1	0	1	0	1	1	0	0	0	0	0	0	1	1	1	1	0	0	1	1	1	0	0	1	1	0	0	1	1	0	0	0	0	0	0	0	0	0	0	0	0	0	0	0	1	0	1	1	0	1	1	0	0	1	1	0	0	1	0	0	0	0	0	1	0	0	0	0	0	0	0	0	0	0	0	1	0	0	0	0
5|Food chain|General food and retail|GCA_053468705.1_genomic.fna.gz	0	0	1	0	1	1	0	0	0	0	0	1	0	0	0	1	0	0	0	0	1	1	1	0	1	1	0	0	0	0	0	0	0	0	1	0	1	1	0	0	0	0	1	0	0	0	0	1	0	0	0	0	0	1	1	1	0	0	0	0	1	0	0	1	0	1	0	0	0	0	0	1	0	0	0	0	1	0	0	0	0	0	1	0	0	0	0	0	0	0	0	0	0	0	0	0	0	0	0	0
13|Food chain|Pork products|GCA_053468725.1_genomic.fna.gz	0	0	0	0	0	0	0	0	0	0	0	0	0	0	0	0	0	0	0	0	0	0	1	0	0	0	0	0	0	0	0	0	0	0	0	0	0	0	1	0	0	0	0	0	0	0	0	0	1	0	0	0	0	0	1	0	0	1	0	0	1	0	0	0	0	1	0	0	1	0	0	0	0	0	0	0	0	1	0	0	1	1	1	0	1	0	0	0	0	0	0	0	0	0	1	0	0	1	0	0
9|Food chain|Beef products|GCA_053469565.1_genomic.fna.gz	0	0	0	0	0	0	0	0	0	0	0	0	0	0	0	0	0	0	0	0	0	0	0	0	0	0	0	0	0	0	0	1	1	1	0	1	0	0	1	0	1	1	1	0	0	1	1	0	0	0	0	0	0	0	0	0	1	0	0	0	0	1	0	0	0	1	1	0	0	0	0	0	0	0	0	1	0	1	0	0	1	0	0	0	1	0	0	0	0	0	1	0	0	0	0	0	1	0	0	0
3|Food chain|General food and retail|GCA_053476075.1_genomic.fna.gz	0	0	0	0	0	0	0	1	1	1	1	0	1	1	0	0	0	0	1	0	1	0	1	0	1	1	0	0	0	0	0	0	1	1	1	1	0	0	1	1	1	0	0	1	1	0	0	1	1	0	0	0	0	0	0	0	0	0	0	0	0	0	0	0	1	0	1	1	0	1	1	0	0	1	1	0	0	1	0	0	0	0	0	1	0	0	0	0	0	0	0	0	0	0	0	1	0	0	0	0
7|Food chain|Pork products|GCA_053476135.1_genomic.fna.gz	0	0	0	0	0	0	0	0	0	0	0	0	0	0	0	0	0	0	0	0	0	0	0	0	0	0	0	0	0	0	0	0	1	1	0	0	0	0	0	0	1	0	1	1	0	0	0	0	0	0	0	0	0	0	0	0	1	0	0	0	0	0	0	0	0	0	0	1	0	0	1	0	0	0	0	1	1	1	0	0	0	0	0	0	0	0	0	0	0	0	1	0	0	0	0	0	0	0	0	1
9|Food chain|General food and retail|GCA_053476175.1_genomic.fna.gz	0	0	0	0	0	0	0	0	0	0	0	0	0	0	0	0	0	0	0	0	0	0	0	0	0	0	0	0	0	0	0	1	1	1	0	1	0	0	1	0	1	1	1	0	0	1	1	0	0	0	0	0	0	0	0	0	1	0	0	0	0	1	0	0	0	1	1	0	0	0	0	0	0	0	0	1	0	1	0	0	1	0	0	0	1	0	0	0	0	0	1	0	0	0	0	0	1	0	0	0
2|Food chain|General food and retail|GCA_053476215.1_genomic.fna.gz	0	0	0	0	0	0	0	1	1	1	1	0	1	1	0	0	0	0	1	0	1	0	1	0	1	1	0	0	0	0	0	0	1	1	1	1	0	0	1	1	1	0	0	1	1	0	0	1	1	0	0	0	0	0	0	0	0	0	0	0	0	0	0	0	1	0	1	1	0	1	1	0	0	1	1	0	0	1	0	0	0	0	0	1	0	0	0	0	0	0	0	0	0	0	0	0	0	0	0	0
3|Food chain|Chicken products|GCA_053481945.1_genomic.fna.gz	0	0	0	0	0	0	0	1	1	1	1	0	1	1	0	0	0	0	1	0	1	0	1	0	1	1	0	0	0	0	0	0	1	1	1	1	0	0	1	1	1	0	0	1	1	0	0	1	1	0	0	0	0	0	0	0	0	0	0	0	0	0	0	0	1	0	1	1	0	1	1	0	0	1	1	0	0	1	0	0	0	0	0	1	0	0	0	0	0	0	0	0	0	0	0	1	0	0	0	0
5|Food chain|General food and retail|GCA_053481995.1_genomic.fna.gz	0	0	1	0	1	1	0	0	0	0	0	1	0	0	0	1	0	0	0	0	1	1	1	0	1	1	0	0	0	0	0	0	0	0	1	0	1	1	0	0	0	0	1	0	0	0	0	1	0	0	0	0	0	1	1	1	0	0	0	0	1	0	0	1	0	1	0	0	0	0	0	1	0	0	0	0	1	0	0	0	0	0	1	0	0	0	0	0	0	0	0	0	0	0	0	0	0	0	0	0
9|Food chain|Beef products|GCA_053482015.1_genomic.fna.gz	0	0	0	0	0	0	0	0	0	0	0	0	0	0	0	0	0	0	0	0	0	0	0	0	0	0	0	0	0	0	0	1	1	1	0	1	0	0	1	0	1	1	1	0	0	1	1	0	0	0	0	0	0	0	0	0	1	0	0	0	0	1	0	0	0	1	1	0	0	0	0	0	0	0	0	1	0	1	0	0	1	0	0	0	1	0	0	0	0	0	1	0	0	0	0	0	1	0	0	0
3|Food chain|Chicken products|GCA_053482035.1_genomic.fna.gz	0	0	0	0	0	0	0	1	1	1	1	0	1	1	0	0	0	0	1	0	1	0	1	0	1	1	0	0	0	0	0	0	1	1	1	1	0	0	1	1	1	0	0	1	1	0	0	1	1	0	0	0	0	0	0	0	0	0	0	0	0	0	0	0	1	0	1	1	0	1	1	0	0	1	1	0	0	1	0	0	0	0	0	1	0	0	0	0	0	0	0	0	0	0	0	1	0	0	0	0
5|Food chain|Pork products|GCA_053482195.1_genomic.fna.gz	0	0	1	0	1	1	0	0	0	0	0	1	0	0	0	1	0	0	0	0	1	1	1	0	1	1	0	0	0	0	0	0	0	0	1	0	1	1	0	0	0	0	1	0	0	0	0	1	0	0	0	0	0	1	1	1	0	0	0	0	1	0	0	1	0	1	0	0	0	0	0	1	0	0	0	0	1	0	0	0	0	0	1	0	0	0	0	0	0	0	0	0	0	0	0	0	0	0	0	0
10|Livestock and Other animals|Cattle|GCA_053482215.1_genomic.fna.gz	1	1	0	1	0	0	1	0	0	0	0	1	0	0	0	0	1	1	0	1	0	0	0	1	0	0	1	1	1	0	0	0	0	0	0	0	0	0	0	0	0	0	0	0	0	1	0	0	0	0	0	0	0	0	0	1	0	1	0	1	0	0	1	0	1	0	0	1	1	0	0	0	0	0	0	0	1	0	0	1	0	0	1	0	0	0	0	0	0	0	0	0	0	0	0	0	0	1	0	0
9|Livestock and Other animals|Cattle|GCA_053482295.1_genomic.fna.gz	0	0	0	0	0	0	0	0	0	0	0	0	0	0	0	0	0	0	0	0	0	0	0	0	0	0	0	0	0	0	0	1	1	1	0	1	0	0	1	0	1	1	1	0	0	1	1	0	0	0	0	0	0	0	0	0	1	0	0	0	0	1	0	0	0	1	1	0	0	0	0	0	0	0	0	1	0	1	0	0	1	0	0	0	1	0	0	0	0	0	1	0	0	0	0	0	1	0	0	0
13|Livestock and Other animals|Swine|GCA_053482355.1_genomic.fna.gz	0	0	0	0	0	0	0	0	0	0	0	0	0	0	0	0	0	0	0	0	0	0	1	0	0	0	0	0	0	0	0	0	0	0	0	0	0	0	1	0	0	0	0	0	0	0	0	0	1	0	0	0	0	0	1	0	0	1	0	0	1	0	0	0	0	1	0	0	1	0	0	0	0	0	0	0	0	1	0	0	1	1	1	0	1	0	0	0	0	0	0	0	0	0	1	0	0	1	0	0
15|Food chain|Chicken products|GCA_053503545.1_genomic.fna.gz	0	0	0	0	0	0	0	0	0	0	0	0	0	0	1	0	0	0	0	1	0	0	0	1	0	0	1	0	0	0	0	0	0	0	0	0	0	1	0	0	0	0	0	0	0	0	0	0	0	0	0	0	0	0	0	0	0	0	0	0	0	0	0	1	0	0	0	0	0	0	0	0	1	1	0	0	1	0	0	1	1	1	0	0	1	0	0	0	0	0	0	0	1	0	0	0	0	0	0	0
15|Food chain|Chicken products|GCA_053503625.1_genomic.fna.gz	0	0	0	0	0	0	0	0	0	0	0	0	0	0	1	0	0	0	0	1	0	0	0	1	0	0	1	0	0	0	0	0	0	0	0	0	0	1	0	0	0	0	0	0	0	0	0	0	0	0	0	0	0	0	0	0	0	0	0	0	0	0	0	1	0	0	0	0	0	0	0	0	1	1	0	0	1	0	0	1	1	1	0	0	1	0	0	0	0	0	0	0	1	0	0	0	0	0	0	0
15|Food chain|General food and retail|GCA_053503725.1_genomic.fna.gz	0	0	0	0	0	0	0	0	0	0	0	0	0	0	1	0	0	0	0	1	0	0	0	1	0	0	1	0	0	0	0	0	0	0	0	0	0	1	0	0	0	0	0	0	0	0	0	0	0	0	0	0	0	0	0	0	0	0	0	0	0	0	0	1	0	0	0	0	0	0	0	0	1	1	0	0	1	0	0	1	1	1	0	0	1	0	0	0	0	0	0	0	1	0	0	0	0	0	0	0
5|Food chain|General food and retail|GCA_053503805.1_genomic.fna.gz	0	0	1	0	1	1	0	0	0	0	0	1	0	0	0	1	0	0	0	0	1	1	1	0	1	1	0	0	0	0	0	0	0	0	1	0	1	1	0	0	0	0	1	0	0	0	0	1	0	0	0	0	0	1	1	1	0	0	0	0	1	0	0	1	0	1	0	0	0	0	0	1	0	0	0	0	1	0	0	0	0	0	1	0	0	0	0	0	0	0	0	0	0	0	0	0	0	0	0	0
6|Livestock and Other animals|Cattle|GCA_053503865.1_genomic.fna.gz	0	0	0	0	0	0	0	0	0	0	0	0	0	1	0	0	0	0	0	0	0	0	0	0	0	0	0	0	0	0	0	0	1	1	0	0	0	1	0	0	1	0	0	0	0	0	0	1	0	0	0	0	0	0	1	0	0	0	0	0	0	0	0	0	0	0	1	1	0	0	0	0	0	1	0	0	1	1	0	0	1	0	0	0	0	0	0	0	0	0	1	0	0	0	0	0	0	0	0	1
8|Food chain|Pork products|GCA_053503885.1_genomic.fna.gz	0	0	0	0	0	0	0	0	0	0	0	0	0	0	0	0	0	0	0	0	0	0	0	0	0	0	0	0	0	0	0	1	1	1	0	1	0	0	1	0	1	1	1	0	0	1	1	0	0	0	0	0	0	0	0	0	1	0	0	0	0	1	0	0	0	1	1	0	0	0	0	0	0	0	0	1	0	1	0	0	1	0	0	0	1	0	0	0	0	0	1	0	0	0	0	0	0	0	0	0
13|Livestock and Other animals|Cattle|GCA_053503985.1_genomic.fna.gz	0	0	0	0	0	0	0	0	0	0	0	0	0	0	0	0	0	0	0	0	0	0	1	0	0	0	0	0	0	0	0	0	0	0	0	0	0	0	1	0	0	0	0	0	0	0	0	0	1	0	0	0	0	0	1	0	0	1	0	0	1	0	0	0	0	1	0	0	1	0	0	0	0	0	0	0	0	1	0	0	1	1	1	0	1	0	0	0	0	0	0	0	0	0	1	0	0	1	0	0
8|Food chain|General food and retail|GCA_053504005.1_genomic.fna.gz	0	0	0	0	0	0	0	0	0	0	0	0	0	0	0	0	0	0	0	0	0	0	0	0	0	0	0	0	0	0	0	1	1	1	0	1	0	0	1	0	1	1	1	0	0	1	1	0	0	0	0	0	0	0	0	0	1	0	0	0	0	1	0	0	0	1	1	0	0	0	0	0	0	0	0	1	0	1	0	0	1	0	0	0	1	0	0	0	0	0	1	0	0	0	0	0	0	0	0	0
5|Food chain|General food and retail|GCA_053504025.1_genomic.fna.gz	0	0	1	0	1	1	0	0	0	0	0	1	0	0	0	1	0	0	0	0	1	1	1	0	1	1	0	0	0	0	0	0	0	0	1	0	1	1	0	0	0	0	1	0	0	0	0	1	0	0	0	0	0	1	1	1	0	0	0	0	1	0	0	1	0	1	0	0	0	0	0	1	0	0	0	0	1	0	0	0	0	0	1	0	0	0	0	0	0	0	0	0	0	0	0	0	0	0	0	0
3|Food chain|Chicken products|GCA_053504045.1_genomic.fna.gz	0	0	0	0	0	0	0	1	1	1	1	0	1	1	0	0	0	0	1	0	1	0	1	0	1	1	0	0	0	0	0	0	1	1	1	1	0	0	1	1	1	0	0	1	1	0	0	1	1	0	0	0	0	0	0	0	0	0	0	0	0	0	0	0	1	0	1	1	0	1	1	0	0	1	1	0	0	1	0	0	0	0	0	1	0	0	0	0	0	0	0	0	0	0	0	1	0	0	0	0
15|Food chain|Chicken products|GCA_053504075.1_genomic.fna.gz	0	0	0	0	0	0	0	0	0	0	0	0	0	0	1	0	0	0	0	1	0	0	0	1	0	0	1	0	0	0	0	0	0	0	0	0	0	1	0	0	0	0	0	0	0	0	0	0	0	0	0	0	0	0	0	0	0	0	0	0	0	0	0	1	0	0	0	0	0	0	0	0	1	1	0	0	1	0	0	1	1	1	0	0	1	0	0	0	0	0	0	0	1	0	0	0	0	0	0	0
10|Food chain|Chicken products|GCA_053504105.1_genomic.fna.gz	1	1	0	1	0	0	1	0	0	0	0	1	0	0	0	0	1	1	0	1	0	0	0	1	0	0	1	1	1	0	0	0	0	0	0	0	0	0	0	0	0	0	0	0	0	1	0	0	0	0	0	0	0	0	0	1	0	1	0	1	0	0	1	0	0	0	0	1	1	0	0	0	0	0	0	0	0	0	0	0	0	1	1	0	0	1	1	0	0	0	0	0	0	0	0	0	0	1	0	0
5|Food chain|General food and retail|GCA_053504265.1_genomic.fna.gz	0	0	1	0	1	1	0	0	0	0	0	1	0	0	0	1	0	0	0	0	1	1	1	0	1	1	0	0	0	0	0	0	0	0	1	0	1	1	0	0	0	0	1	0	0	0	0	1	0	0	0	0	0	1	1	1	0	0	0	0	1	0	0	1	0	1	0	0	0	0	0	1	0	0	0	0	1	0	0	0	0	0	1	0	0	0	0	0	0	0	0	0	0	0	0	0	0	0	0	0
5|Food chain|General food and retail|GCA_053504285.1_genomic.fna.gz	0	0	1	0	1	1	0	0	0	0	0	1	0	0	0	1	0	0	0	0	1	1	1	0	1	1	0	0	0	0	0	0	0	0	1	0	1	1	0	0	0	0	1	0	0	0	0	1	0	0	0	0	0	1	1	1	0	0	0	0	1	0	0	1	0	1	0	0	0	0	0	1	0	0	0	0	1	0	0	0	0	0	1	0	0	0	0	0	0	0	0	0	0	0	0	0	0	0	0	0
8|Food chain|Chicken products|GCA_053504325.1_genomic.fna.gz	0	0	0	0	0	0	0	0	0	0	0	0	0	0	0	0	0	0	0	0	0	0	0	0	0	0	0	0	0	0	0	1	1	1	0	1	0	0	1	0	1	1	1	0	0	1	1	0	0	0	0	0	0	0	0	0	1	0	0	0	0	1	0	0	0	1	1	0	0	0	0	0	0	0	0	1	0	1	0	0	1	0	0	0	1	0	0	0	0	0	1	0	0	0	0	0	0	0	0	0
5|Food chain|Chicken products|GCA_053504345.1_genomic.fna.gz	0	0	1	0	1	1	0	0	0	0	0	1	0	0	0	1	0	0	0	0	1	1	1	0	1	1	0	0	0	0	0	0	0	0	1	0	1	1	0	0	0	0	1	0	0	0	0	1	0	0	0	0	0	1	1	1	0	0	0	0	1	0	0	1	0	1	0	0	0	0	0	1	0	0	0	0	1	0	0	0	0	0	1	0	0	0	0	0	0	0	0	0	0	0	0	0	0	0	0	0
5|Food chain|General food and retail|GCA_053504425.1_genomic.fna.gz	0	0	1	0	1	1	0	0	0	0	0	1	0	0	0	1	0	0	0	0	1	1	1	0	1	1	0	0	0	0	0	0	0	0	1	0	1	1	0	0	0	0	1	0	0	0	0	1	0	0	0	0	0	1	1	1	0	0	0	0	1	0	0	1	0	1	0	0	0	0	0	1	0	0	0	0	1	0	0	0	0	0	1	0	0	0	0	0	0	0	0	0	0	0	0	0	0	0	0	0
5|Food chain|General food and retail|GCA_053504465.1_genomic.fna.gz	0	0	1	0	1	1	0	0	0	0	0	1	0	0	0	1	0	0	0	0	1	1	1	0	1	1	0	0	0	0	0	0	0	0	1	0	1	1	0	0	0	0	1	0	0	0	0	1	0	0	0	0	0	1	1	1	0	0	0	0	1	0	0	1	0	1	0	0	0	0	0	1	0	0	0	0	1	0	0	0	0	0	1	0	0	0	0	0	0	0	0	0	0	0	0	0	0	0	0	0
15|Food chain|General food and retail|GCA_053504485.1_genomic.fna.gz	0	0	0	0	0	0	0	0	0	0	0	0	0	0	1	0	0	0	0	1	0	0	0	1	0	0	1	0	0	0	0	0	0	0	0	0	0	1	0	0	0	0	0	0	0	0	0	0	0	0	0	0	0	0	0	0	0	0	0	0	0	0	0	1	0	0	0	0	0	0	0	0	1	1	0	0	1	0	0	1	1	1	0	0	1	0	0	0	0	0	0	0	1	0	0	0	0	0	0	0
15|Food chain|General food and retail|GCA_053504505.1_genomic.fna.gz	0	0	0	0	0	0	0	0	0	0	0	0	0	0	1	0	0	0	0	1	0	0	0	1	0	0	1	0	0	0	0	0	0	0	0	0	0	1	0	0	0	0	0	0	0	0	0	0	0	0	0	0	0	0	0	0	0	0	0	0	0	0	0	1	0	0	0	0	0	0	0	0	1	1	0	0	1	0	0	1	1	1	0	0	1	0	0	0	0	0	0	0	1	0	0	0	0	0	0	0
3|Food chain|Chicken products|GCA_053504565.1_genomic.fna.gz	0	0	0	0	0	0	0	1	1	1	1	0	1	1	0	0	0	0	1	0	1	0	1	0	1	1	0	0	0	0	0	0	1	1	1	1	0	0	1	1	1	0	0	1	1	0	0	1	1	0	0	0	0	0	0	0	0	0	0	0	0	0	0	0	1	0	1	1	0	1	1	0	0	1	1	0	0	1	0	0	0	0	0	1	0	0	0	0	0	0	0	0	0	0	0	1	0	0	0	0
13|Livestock and Other animals|Cattle|GCA_053504625.1_genomic.fna.gz	0	0	0	0	0	0	0	0	0	0	0	0	0	0	0	0	0	0	0	0	0	0	1	0	0	0	0	0	0	0	0	0	0	0	0	0	0	0	1	0	0	0	0	0	0	0	0	0	1	0	0	0	0	0	1	0	0	1	0	0	1	0	0	0	0	1	0	0	1	0	0	0	0	0	0	0	0	1	0	0	1	1	1	0	1	0	0	0	0	0	0	0	0	0	1	0	0	1	0	0
12|Food chain|Beef products|GCA_053504755.1_genomic.fna.gz	0	0	0	0	0	0	0	0	1	0	0	0	0	0	0	0	0	0	0	0	1	0	0	1	0	0	0	0	0	0	0	0	1	1	1	0	0	0	1	0	0	0	0	0	0	0	0	0	1	0	0	0	0	0	1	0	0	0	0	0	1	1	1	0	0	0	1	0	0	0	0	1	0	1	0	1	0	0	0	0	0	0	0	0	0	0	0	0	0	0	0	0	0	0	0	0	0	1	0	0
3|Food chain|Chicken products|GCA_053506965.1_genomic.fna.gz	0	0	0	0	0	0	0	1	1	1	1	0	1	1	0	0	0	0	1	0	1	0	1	0	1	1	0	0	0	0	0	0	1	1	1	1	0	0	1	1	1	0	0	1	1	0	0	1	1	0	0	0	0	0	0	0	0	0	0	0	0	0	0	0	1	0	1	1	0	1	1	0	0	1	1	0	0	1	0	0	0	0	0	1	0	0	0	0	0	0	0	0	0	0	0	1	0	0	0	0
5|Food chain|General food and retail|GCA_053506975.1_genomic.fna.gz	0	0	1	0	1	1	0	0	0	0	0	1	0	0	0	1	0	0	0	0	1	1	1	0	1	1	0	0	0	0	0	0	0	0	1	0	1	1	0	0	0	0	1	0	0	0	0	1	0	0	0	0	0	1	1	1	0	0	0	0	1	0	0	1	0	1	0	0	0	0	0	1	0	0	0	0	1	0	0	0	0	0	1	0	0	0	0	0	0	0	0	0	0	0	0	0	0	0	0	0
15|Food chain|General food and retail|GCA_053507045.1_genomic.fna.gz	0	0	0	0	0	0	0	0	0	0	0	0	0	0	1	0	0	0	0	1	0	0	0	1	0	0	1	0	0	0	0	0	0	0	0	0	0	1	0	0	0	0	0	0	0	0	0	0	0	0	0	0	0	0	0	0	0	0	0	0	0	0	0	1	0	0	0	0	0	0	0	0	1	1	0	0	1	0	0	1	1	1	0	0	1	0	0	0	0	0	0	0	1	0	0	0	0	0	0	0
5|Food chain|Chicken products|GCA_053507065.1_genomic.fna.gz	0	0	1	0	1	1	0	0	0	0	0	1	0	0	0	1	0	0	0	0	1	1	1	0	1	1	0	0	0	0	0	0	0	0	1	0	1	1	0	0	0	0	1	0	0	0	0	1	0	0	0	0	0	1	1	1	0	0	0	0	1	0	0	1	0	1	0	0	0	0	0	1	0	0	0	0	1	0	0	0	0	0	1	0	0	0	0	0	0	0	0	0	0	0	0	0	0	0	0	0
8|Livestock and Other animals|Chicken and poultry birds|GCA_053513205.1_genomic.fna.gz	0	0	0	0	0	0	0	0	0	0	0	0	0	0	0	0	0	0	0	0	0	0	0	0	0	0	0	0	0	0	0	1	1	1	0	1	0	0	1	0	1	1	1	0	0	1	1	0	0	0	0	0	0	0	0	0	1	0	0	0	0	1	0	0	0	1	1	0	0	0	0	0	0	0	0	1	0	1	0	0	1	0	0	0	1	0	0	0	0	0	1	0	0	0	0	0	0	0	0	0
5|Food chain|Chicken products|GCA_053515015.1_genomic.fna.gz	0	0	1	0	1	1	0	0	0	0	0	1	0	0	0	1	0	0	0	0	1	1	1	0	1	1	0	0	0	0	0	0	0	0	1	0	1	1	0	0	0	0	1	0	0	0	0	1	0	0	0	0	0	1	1	1	0	0	0	0	1	0	0	1	0	1	0	0	0	0	0	1	0	0	0	0	1	0	0	0	0	0	1	0	0	0	0	0	0	0	0	0	0	0	0	0	0	0	0	0
5|Food chain|Chicken products|GCA_053515115.1_genomic.fna.gz	0	0	1	0	1	1	0	0	0	0	0	1	0	0	0	1	0	0	0	0	1	1	1	0	1	1	0	0	0	0	0	0	0	0	1	0	1	1	0	0	0	0	1	0	0	0	0	1	0	0	0	0	0	1	1	1	0	0	0	0	1	0	0	1	0	1	0	0	0	0	0	1	0	0	0	0	1	0	0	0	0	0	1	0	0	0	0	0	0	0	0	0	0	0	0	0	0	0	0	0
5|Food chain|Chicken products|GCA_053515195.1_genomic.fna.gz	0	0	1	0	1	1	0	0	0	0	0	1	0	0	0	1	0	0	0	0	1	1	1	0	1	1	0	0	0	0	0	0	0	0	1	0	1	1	0	0	0	0	1	0	0	0	0	1	0	0	0	0	0	1	1	1	0	0	0	0	1	0	0	1	0	1	0	0	0	0	0	1	0	0	0	0	1	0	0	0	0	0	1	0	0	0	0	0	0	0	0	0	0	0	0	0	0	0	0	0
5|Food chain|Chicken products|GCA_053515215.1_genomic.fna.gz	0	0	1	0	1	1	0	0	0	0	0	1	0	0	0	1	0	0	0	0	1	1	1	0	1	1	0	0	0	0	0	0	0	0	1	0	1	1	0	0	0	0	1	0	0	0	0	1	0	0	0	0	0	1	1	1	0	0	0	0	1	0	0	1	0	1	0	0	0	0	0	1	0	0	0	0	1	0	0	0	0	0	1	0	0	0	0	0	0	0	0	0	0	0	0	0	0	0	0	0
6|Environment|Water and wastewater|GCA_053516195.1_genomic.fna.gz	0	0	0	0	0	0	0	0	0	0	0	0	0	0	0	0	0	0	0	0	0	0	0	0	0	0	0	0	0	0	0	0	0	0	0	0	0	1	0	0	1	0	0	0	0	0	0	0	1	0	0	0	0	0	1	0	0	0	0	0	0	1	0	0	0	0	1	0	0	0	1	0	1	0	0	0	1	1	0	0	1	0	0	0	0	0	0	0	0	0	1	0	0	0	0	0	0	1	0	1
6|Environment|Water and wastewater|GCA_053516235.1_genomic.fna.gz	0	0	0	0	0	0	0	0	0	0	0	0	0	0	0	0	0	0	0	0	0	0	0	0	0	0	0	0	0	0	0	0	0	0	0	0	0	1	0	0	1	0	0	0	0	0	0	0	1	0	0	0	0	0	1	0	0	0	0	0	0	1	0	0	0	0	1	0	0	0	1	0	1	0	0	0	1	1	0	0	1	0	0	0	0	0	0	0	0	0	1	0	0	0	0	0	0	1	0	1
6|Environment|Water and wastewater|GCA_053516275.1_genomic.fna.gz	0	0	0	0	0	0	0	0	0	0	0	0	0	0	0	0	0	0	0	0	0	0	0	0	0	0	0	0	0	0	0	0	0	0	0	0	0	1	0	0	1	0	0	0	0	0	0	0	1	0	0	0	0	0	1	0	0	0	0	0	0	1	0	0	0	0	1	0	0	0	1	0	1	0	0	0	1	1	0	0	1	0	0	0	0	0	0	0	0	0	1	0	0	0	0	0	0	1	0	1
7|Environment|Water and wastewater|GCA_053516295.1_genomic.fna.gz	0	0	0	0	0	0	0	0	0	0	0	0	0	0	0	0	0	0	0	0	0	0	0	0	0	0	0	0	0	0	0	0	1	1	0	0	0	0	0	0	1	0	1	1	0	0	0	0	0	0	0	0	0	0	0	0	1	0	0	0	0	0	0	0	0	0	0	1	0	0	1	0	0	0	0	1	1	1	0	0	0	0	0	0	0	0	0	0	0	0	1	0	0	0	0	0	0	0	0	1
6|Environment|Water and wastewater|GCA_053516335.1_genomic.fna.gz	0	0	0	0	0	0	0	0	0	0	0	0	0	0	0	0	0	0	0	0	0	0	1	0	0	0	0	0	0	0	0	0	0	0	0	0	0	1	0	0	1	0	0	0	0	0	0	0	1	0	0	0	0	0	1	0	0	0	0	0	0	0	0	1	0	1	1	1	0	0	1	1	1	0	0	0	1	1	0	1	1	0	0	0	0	0	0	0	0	0	1	0	0	0	0	0	0	0	0	0
6|Environment|Water and wastewater|GCA_053516355.1_genomic.fna.gz	0	0	0	0	0	0	0	0	0	0	0	0	0	0	0	0	0	0	0	0	0	0	1	0	0	0	0	0	0	0	0	0	0	0	0	0	0	1	0	0	1	0	0	0	0	0	0	0	1	0	0	0	0	0	1	0	0	0	0	0	0	0	0	1	0	1	1	1	0	0	1	1	1	0	0	0	1	1	0	1	1	0	0	0	0	0	0	0	0	0	1	0	0	0	0	0	0	0	0	0
6|Environment|Water and wastewater|GCA_053516565.1_genomic.fna.gz	0	0	0	0	0	0	0	0	0	0	0	0	0	0	0	0	0	0	0	0	0	0	1	0	0	0	0	0	0	0	0	0	0	0	0	0	0	1	0	0	1	0	0	0	0	0	0	0	1	0	0	0	0	0	1	0	0	0	0	0	0	0	0	1	0	1	1	1	0	0	1	1	1	0	0	0	1	1	0	1	1	0	0	0	0	0	0	0	0	0	1	0	0	0	0	0	0	0	0	0
12|Environment|Water and wastewater|GCA_053516595.1_genomic.fna.gz	0	0	0	0	0	0	0	0	1	0	0	0	0	0	0	0	0	0	0	0	1	0	0	1	0	0	0	0	0	0	0	0	1	1	1	0	0	0	1	0	0	0	0	0	0	0	0	0	1	0	0	0	0	0	1	0	0	0	0	0	1	1	1	0	0	0	1	0	0	0	0	1	0	1	0	1	0	0	0	0	0	0	0	0	0	0	0	0	0	0	0	0	0	0	0	0	0	1	0	0
6|Environment|Water and wastewater|GCA_053516865.1_genomic.fna.gz	0	0	0	0	0	0	0	0	0	0	0	0	0	0	0	0	0	0	0	0	0	0	0	0	0	0	0	0	0	0	0	0	0	0	0	0	0	1	0	0	1	0	0	0	0	0	0	0	1	0	0	0	0	0	1	0	0	0	0	0	0	1	0	0	0	0	1	0	0	0	1	0	1	0	0	0	1	1	0	0	1	0	0	0	0	0	0	0	0	0	1	0	0	0	0	0	0	1	0	1
7|Environment|Water and wastewater|GCA_053516915.1_genomic.fna.gz	0	0	0	0	0	0	0	0	0	0	0	0	0	0	0	0	0	0	0	0	0	0	0	0	0	0	0	0	0	0	0	0	1	1	0	0	0	0	0	0	1	0	1	1	0	0	0	0	0	0	0	0	0	0	0	0	1	0	0	0	0	0	0	0	0	0	0	1	0	0	1	0	0	0	0	1	1	1	0	0	0	0	0	0	0	0	0	0	0	0	1	0	0	0	0	0	0	0	0	1
6|Environment|Water and wastewater|GCA_053517285.1_genomic.fna.gz	0	0	0	0	0	0	0	0	0	0	0	0	0	0	0	0	0	0	0	0	0	0	1	0	0	0	0	0	0	0	0	0	0	0	0	0	0	1	0	0	1	0	0	0	0	0	0	0	1	0	0	0	0	0	1	0	0	0	0	0	0	0	0	1	0	1	1	1	0	0	1	1	1	0	0	0	1	1	0	1	1	0	0	0	0	0	0	0	0	0	1	0	0	0	0	0	0	0	0	0
7|Environment|Water and wastewater|GCA_053517595.1_genomic.fna.gz	0	0	0	0	0	0	0	0	0	0	0	0	0	0	0	0	0	0	0	0	0	0	0	0	0	0	0	0	0	0	0	0	1	1	0	0	0	0	0	0	1	0	1	1	0	0	0	0	0	0	0	0	0	0	0	0	1	0	0	0	0	0	0	0	0	0	0	1	0	0	1	0	0	0	0	1	1	1	0	0	0	0	0	0	0	0	0	0	0	0	1	0	0	0	0	0	0	0	0	1
6|Environment|Water and wastewater|GCA_053517635.1_genomic.fna.gz	0	0	0	0	0	0	0	0	0	0	0	0	0	0	0	0	0	0	0	0	0	0	1	0	0	0	0	0	0	0	0	0	0	0	0	0	0	1	0	0	1	0	0	0	0	0	0	0	1	0	0	0	0	0	1	0	0	0	0	0	0	0	0	1	0	1	1	1	0	0	1	1	1	0	0	0	1	1	0	1	1	0	0	0	0	0	0	0	0	0	1	0	0	0	0	0	0	0	0	0
9|Environment|Sediment and waste|GCA_053519955.1_genomic.fna.gz	0	0	0	0	0	0	0	0	0	0	0	0	0	0	0	0	0	0	0	0	0	0	0	0	0	0	0	0	0	0	0	1	1	1	0	1	0	0	1	0	1	1	1	0	0	1	1	0	0	0	0	0	0	0	0	0	1	0	0	0	0	1	0	0	0	1	1	0	0	0	0	0	0	0	0	1	0	1	0	0	1	0	0	0	1	0	0	0	0	0	1	0	0	0	0	0	1	0	0	0
7|Environment|Sediment and waste|GCA_053519975.1_genomic.fna.gz	0	0	0	0	0	0	0	0	0	0	0	0	0	0	0	0	0	0	0	0	0	0	0	0	0	0	0	0	0	0	0	0	1	1	0	0	0	0	0	0	1	0	1	1	0	0	0	0	0	0	0	0	0	0	0	0	1	0	0	0	0	0	0	0	0	0	0	1	0	0	1	0	0	0	0	1	1	1	0	0	0	0	0	0	0	0	0	0	0	0	1	0	0	0	0	0	0	0	0	1
9|Environment|Sediment and waste|GCA_053519995.1_genomic.fna.gz	0	0	0	0	0	0	0	0	0	0	0	0	0	0	0	0	0	0	0	0	0	0	0	0	0	0	0	0	0	0	0	1	1	1	0	1	0	0	1	0	1	1	1	0	0	1	1	0	0	0	0	0	0	0	0	0	1	0	0	0	0	1	0	0	0	1	1	0	0	0	0	0	0	0	0	1	0	1	0	0	1	0	0	0	1	0	0	0	0	0	1	0	0	0	0	0	1	0	0	0
9|Livestock and Other animals|Animal organs and body sites|GCA_053520055.1_genomic.fna.gz	0	0	0	0	0	0	0	0	0	0	0	0	0	0	0	0	0	0	0	0	0	0	0	0	0	0	0	0	0	0	0	1	1	1	0	1	0	0	1	0	1	1	1	0	0	1	1	0	0	0	0	0	0	0	0	0	1	0	0	0	0	1	0	0	0	1	1	0	0	0	0	0	0	0	0	1	0	1	0	0	1	0	0	0	1	0	0	0	0	0	1	0	0	0	0	0	1	0	0	0
4|Environment|Sediment and waste|GCA_053520375.1_genomic.fna.gz	0	0	0	0	0	0	0	0	0	0	0	0	0	0	0	0	0	0	0	0	0	0	0	0	0	0	0	0	0	0	0	0	1	1	0	0	0	0	1	1	0	1	1	0	1	1	0	0	0	0	0	0	0	0	0	0	1	0	0	0	1	0	0	0	0	0	0	1	0	1	0	0	0	0	0	0	0	0	0	0	0	0	1	0	0	0	0	0	0	0	0	0	0	0	1	0	0	0	1	0
8|Human clinical|Blood and tissues|GCA_053520395.1_genomic.fna.gz	0	0	0	0	0	0	0	0	0	0	0	0	0	0	0	0	0	0	0	0	0	0	0	0	0	0	0	0	0	0	0	1	1	1	0	1	0	0	1	0	1	1	1	0	0	1	1	0	0	0	0	0	0	0	0	0	1	0	0	0	0	1	0	0	0	1	1	0	0	0	0	0	0	0	0	1	0	1	0	0	1	0	0	0	1	0	0	0	0	0	1	0	0	0	0	0	0	0	0	0
8|Food chain|Chicken products|GCA_053520835.1_genomic.fna.gz	0	0	0	0	0	0	0	0	0	0	0	0	0	0	0	0	0	0	0	0	0	0	0	0	0	0	0	0	0	0	0	1	1	1	0	1	0	0	1	0	1	1	1	0	0	1	1	0	0	0	0	0	0	0	0	0	1	0	0	0	0	1	0	0	0	1	1	0	0	0	0	0	0	0	0	1	0	1	0	0	1	0	0	0	1	0	0	0	0	0	1	0	0	0	0	0	0	0	0	0
2|Food chain|Chicken products|GCA_053562635.1_genomic.fna.gz	0	0	0	0	0	0	0	1	1	1	1	0	1	1	0	0	0	0	1	0	1	0	1	0	1	1	0	0	0	0	0	0	1	1	1	1	0	0	1	1	1	0	0	1	1	0	0	1	1	0	0	0	0	0	0	0	0	0	0	0	0	0	0	0	1	0	1	1	0	1	1	0	0	1	1	0	0	1	0	0	0	0	0	1	0	0	0	0	0	0	0	0	0	0	0	0	0	0	0	0
3|Food chain|Chicken products|GCA_053562995.1_genomic.fna.gz	0	0	0	0	0	0	0	1	1	1	1	0	1	1	0	0	0	0	1	0	1	0	1	0	1	1	0	0	0	0	0	0	1	1	1	1	0	0	1	1	1	0	0	1	1	0	0	1	1	0	0	0	0	0	0	0	0	0	0	0	0	0	0	0	1	0	1	1	0	1	1	0	0	1	1	0	0	1	0	0	0	0	0	1	0	0	0	0	0	0	0	0	0	0	0	1	0	0	0	0
15|Food chain|General food and retail|GCA_053630475.1_genomic.fna.gz	0	0	0	0	0	0	0	0	0	0	0	0	0	0	1	0	0	0	0	1	0	0	0	1	0	0	1	0	0	0	0	0	0	0	0	0	0	1	0	0	0	0	0	0	0	0	0	0	0	0	0	0	0	0	0	0	0	0	0	0	0	0	0	1	0	0	0	0	0	0	0	0	1	1	0	0	1	0	0	1	1	1	0	0	1	0	0	0	0	0	0	0	1	0	0	0	0	0	0	0
3|Food chain|Chicken products|GCA_053630795.1_genomic.fna.gz	0	0	0	0	0	0	0	1	1	1	1	0	1	1	0	0	0	0	1	0	1	0	1	0	1	1	0	0	0	0	0	0	1	1	1	1	0	0	1	1	1	0	0	1	1	0	0	1	1	0	0	0	0	0	0	0	0	0	0	0	0	0	0	0	1	0	1	1	0	1	1	0	0	1	1	0	0	1	0	0	0	0	0	1	0	0	0	0	0	0	0	0	0	0	0	1	0	0	0	0
3|Environment|Environmental swabs and sponges|GCA_053630975.1_genomic.fna.gz	0	0	0	0	0	0	0	1	1	1	1	0	1	1	0	0	0	0	1	0	1	0	1	0	1	1	0	0	0	0	0	0	1	1	1	1	0	0	1	1	1	0	0	1	1	0	0	1	1	0	0	0	0	0	0	0	0	0	0	0	0	0	0	0	1	0	1	1	0	1	1	0	0	1	1	0	0	1	0	0	0	0	0	1	0	0	0	0	0	0	0	0	0	0	0	1	0	0	0	0
13|Food chain|Beef products|GCA_053631015.1_genomic.fna.gz	0	0	0	0	0	0	0	0	0	0	0	0	0	0	0	0	0	0	0	0	0	0	1	0	0	0	0	0	0	0	0	0	0	0	0	0	0	0	1	0	0	0	0	0	0	0	0	0	1	0	0	0	0	0	1	0	0	1	0	0	1	0	0	0	0	1	0	0	1	0	0	0	0	0	0	0	0	1	0	0	1	1	1	0	1	0	0	0	0	0	0	0	0	0	1	0	0	1	0	0
15|Food chain|Chicken products|GCA_053634115.1_genomic.fna.gz	0	0	0	0	0	0	0	0	0	0	0	0	0	0	1	0	0	0	0	1	0	0	0	1	0	0	1	0	0	0	0	0	0	0	0	0	0	1	0	0	0	0	0	0	0	0	0	0	0	0	0	0	0	0	0	0	0	0	0	0	0	0	0	1	0	0	0	0	0	0	0	0	1	1	0	0	1	0	0	1	1	1	0	0	1	0	0	0	0	0	0	0	1	0	0	0	0	0	0	0
5|Food chain|General food and retail|GCA_053637075.1_genomic.fna.gz	0	0	1	0	1	1	0	0	0	0	0	1	0	0	0	1	0	0	0	0	1	1	1	0	1	1	0	0	0	0	0	0	0	0	1	0	1	1	0	0	0	0	1	0	0	0	0	1	0	0	0	0	0	1	1	1	0	0	0	0	1	0	0	1	0	1	0	0	0	0	0	1	0	0	0	0	1	0	0	0	0	0	1	0	0	0	0	0	0	0	0	0	0	0	0	0	0	0	0	0
5|Food chain|Chicken products|GCA_053637555.1_genomic.fna.gz	0	0	1	0	1	1	0	0	0	0	0	1	0	0	0	1	0	0	0	0	1	1	1	0	1	1	0	0	0	0	0	0	0	0	1	0	1	1	0	0	0	0	1	0	0	0	0	1	0	0	0	0	0	1	1	1	0	0	0	0	1	0	0	1	0	1	0	0	0	0	0	1	0	0	0	0	1	0	0	0	0	0	1	0	0	0	0	0	0	0	0	0	0	0	0	0	0	0	0	0
15|Food chain|Chicken products|GCA_053637575.1_genomic.fna.gz	0	0	0	0	0	0	0	0	0	0	0	0	0	0	1	0	0	0	0	1	0	0	0	1	0	0	1	0	0	0	0	0	0	0	0	0	0	1	0	0	0	0	0	0	0	0	0	0	0	0	0	0	0	0	0	0	0	0	0	0	0	0	0	1	0	0	0	0	0	0	0	0	1	1	0	0	1	0	0	1	1	1	0	0	1	0	0	0	0	0	0	0	1	0	0	0	0	0	0	0
5|Food chain|Chicken products|GCA_053637595.1_genomic.fna.gz	0	0	1	0	1	1	0	0	0	0	0	1	0	0	0	1	0	0	0	0	1	1	1	0	1	1	0	0	0	0	0	0	0	0	1	0	1	1	0	0	0	0	1	0	0	0	0	1	0	0	0	0	0	1	1	1	0	0	0	0	1	0	0	1	0	1	0	0	0	0	0	1	0	0	0	0	1	0	0	0	0	0	1	0	0	0	0	0	0	0	0	0	0	0	0	0	0	0	0	0
3|Environment|Environmental swabs and sponges|GCA_053644495.1_genomic.fna.gz	0	0	0	0	0	0	0	1	1	1	1	0	1	1	0	0	0	0	1	0	1	0	1	0	1	1	0	0	0	0	0	0	1	1	1	1	0	0	1	1	1	0	0	1	1	0	0	1	1	0	0	0	0	0	0	0	0	0	0	0	0	0	0	0	1	0	1	1	0	1	1	0	0	1	1	0	0	1	0	0	0	0	0	1	0	0	0	0	0	0	0	0	0	0	0	1	0	0	0	0
5|Food chain|Beef products|GCA_053645895.1_genomic.fna.gz	0	0	1	0	1	1	0	0	0	0	0	1	0	0	0	1	0	0	0	0	1	1	1	0	1	1	0	0	0	0	0	0	0	0	1	0	1	1	0	0	0	0	1	0	0	0	0	1	0	0	0	0	0	1	1	1	0	0	0	0	1	0	0	1	0	1	0	0	0	0	0	1	0	0	0	0	1	0	0	0	0	0	1	0	0	0	0	0	0	0	0	0	0	0	0	0	0	0	0	0
8|Livestock and Other animals|Chicken and poultry birds|GCA_053646235.1_genomic.fna.gz	0	0	0	0	0	0	0	0	0	0	0	0	0	0	0	0	0	0	0	0	0	0	0	0	0	0	0	0	0	0	0	1	1	1	0	1	0	0	1	0	1	1	1	0	0	1	1	0	0	0	0	0	0	0	0	0	1	0	0	0	0	1	0	0	0	1	1	0	0	0	0	0	0	0	0	1	0	1	0	0	1	0	0	0	1	0	0	0	0	0	1	0	0	0	0	0	0	0	0	0
10|Food chain|Chicken products|GCA_053646255.1_genomic.fna.gz	1	1	0	1	0	0	1	0	0	0	0	1	0	0	0	0	1	1	0	1	0	0	0	1	0	0	1	1	1	0	0	0	0	0	0	0	0	0	0	0	0	0	0	0	0	1	0	0	0	0	0	0	0	0	0	1	0	1	0	1	0	0	1	0	0	0	0	1	1	0	0	0	0	0	0	0	0	0	0	0	0	1	1	0	0	1	1	0	0	0	0	0	0	0	0	0	0	1	0	0
15|Food chain|Chicken products|GCA_053646455.1_genomic.fna.gz	0	0	0	0	0	0	0	0	0	0	0	0	0	0	1	0	0	0	0	1	0	0	0	1	0	0	1	0	0	0	0	0	0	0	0	0	0	1	0	0	0	0	0	0	0	0	0	0	0	0	0	0	0	0	0	0	0	0	0	0	0	0	0	1	0	0	0	0	0	0	0	0	1	1	0	0	1	0	0	1	1	1	0	0	1	0	0	0	0	0	0	0	1	0	0	0	0	0	0	0
12|Food chain|Pork products|GCA_053647475.1_genomic.fna.gz	0	0	0	0	0	0	0	0	0	0	0	0	0	0	0	0	0	0	0	0	1	0	1	1	0	0	1	0	0	0	0	0	0	1	0	0	0	0	1	0	0	0	1	0	0	0	0	0	1	0	0	0	0	0	1	0	0	0	0	0	1	0	1	0	0	0	1	0	0	0	0	1	0	1	0	1	0	1	0	0	0	1	0	0	0	0	0	0	0	0	0	0	0	0	0	0	0	1	0	0
5|Food chain|Chicken products|GCA_053647915.1_genomic.fna.gz	0	0	1	0	1	1	0	0	0	0	0	1	0	0	0	1	0	0	0	0	1	1	1	0	1	1	0	0	0	0	0	0	0	0	1	0	1	1	0	0	0	0	1	0	0	0	0	1	0	0	0	0	0	1	1	1	0	0	0	0	1	0	0	1	0	1	0	0	0	0	0	1	0	0	0	0	1	0	0	0	0	0	1	0	0	0	0	0	0	0	0	0	0	0	0	0	0	0	0	0
10|Food chain|General food and retail|GCA_053648285.1_genomic.fna.gz	1	1	0	1	0	0	1	0	0	0	0	1	0	0	0	0	1	1	0	1	0	0	0	1	0	0	1	1	1	0	0	0	0	0	0	0	0	0	0	0	0	0	0	0	0	1	0	0	0	0	0	0	0	0	0	1	0	1	0	1	0	0	1	0	0	0	0	1	1	0	0	0	0	0	0	0	0	0	0	0	0	1	1	0	0	1	1	0	0	0	0	0	0	0	0	0	0	1	0	0
8|Food chain|Chicken products|GCA_053653635.1_genomic.fna.gz	0	0	0	0	0	0	0	0	0	0	0	0	0	0	0	0	0	0	0	0	0	0	0	0	0	0	0	0	0	0	0	1	1	1	0	1	0	0	1	0	1	1	1	0	0	1	1	0	0	0	0	0	0	0	0	0	1	0	0	0	0	1	0	0	0	1	1	0	0	0	0	0	0	0	0	1	0	1	0	0	1	0	0	0	1	0	0	0	0	0	1	0	0	0	0	0	0	0	0	0
15|Food chain|Chicken products|GCA_053653775.1_genomic.fna.gz	0	0	0	0	0	0	0	0	0	0	0	0	0	0	1	0	0	0	0	1	0	0	0	1	0	0	1	0	0	0	0	0	0	0	0	0	0	1	0	0	0	0	0	0	0	0	0	0	0	0	0	0	0	0	0	0	0	0	0	0	0	0	0	1	0	0	0	0	0	0	0	0	1	1	0	0	1	0	0	1	1	1	0	0	1	0	0	0	0	0	0	0	1	0	0	0	0	0	0	0
3|Food chain|Chicken products|GCA_053657935.1_genomic.fna.gz	0	0	0	0	0	0	0	1	1	1	1	0	1	1	0	0	0	0	1	0	1	0	1	0	1	1	0	0	0	0	0	0	1	1	1	1	0	0	1	1	1	0	0	1	1	0	0	1	1	0	0	0	0	0	0	0	0	0	0	0	0	0	0	0	1	0	1	1	0	1	1	0	0	1	1	0	0	1	0	0	0	0	0	1	0	0	0	0	0	0	0	0	0	0	0	1	0	0	0	0
15|Food chain|Chicken products|GCA_053658025.1_genomic.fna.gz	0	0	0	0	0	0	0	0	0	0	0	0	0	0	1	0	0	0	0	1	0	0	0	1	0	0	1	0	0	0	0	0	0	0	0	0	0	1	0	0	0	0	0	0	0	0	0	0	0	0	0	0	0	0	0	0	0	0	0	0	0	0	0	1	0	0	0	0	0	0	0	0	1	1	0	0	1	0	0	1	1	1	0	0	1	0	0	0	0	0	0	0	1	0	0	0	0	0	0	0
5|Food chain|General food and retail|GCA_053658475.1_genomic.fna.gz	0	0	1	0	1	1	0	0	0	0	0	1	0	0	0	1	0	0	0	0	1	1	1	0	1	1	0	0	0	0	0	0	0	0	1	0	1	1	0	0	0	0	1	0	0	0	0	1	0	0	0	0	0	1	1	1	0	0	0	0	1	0	0	1	0	1	0	0	0	0	0	1	0	0	0	0	1	0	0	0	0	0	1	0	0	0	0	0	0	0	0	0	0	0	0	0	0	0	0	0
3|Food chain|Pork products|GCA_053658835.1_genomic.fna.gz	0	0	0	0	0	0	0	1	1	1	1	0	1	1	0	0	0	0	1	0	1	0	1	0	1	1	0	0	0	0	0	0	1	1	1	1	0	0	1	1	1	0	0	1	1	0	0	1	1	0	0	0	0	0	0	0	0	0	0	0	0	0	0	0	1	0	1	1	0	1	1	0	0	1	1	0	0	1	0	0	0	0	0	1	0	0	0	0	0	0	0	0	0	0	0	1	0	0	0	0
6|Livestock and Other animals|Cattle|GCA_053660375.1_genomic.fna.gz	0	0	0	0	0	0	0	0	0	0	0	0	0	1	0	0	0	0	0	0	0	0	0	0	0	0	0	0	0	0	0	0	1	1	0	0	0	1	0	0	1	0	0	0	0	0	0	1	0	0	0	0	0	0	1	0	0	0	0	0	0	0	0	0	0	0	1	1	0	0	0	0	0	1	0	0	1	1	0	0	1	0	0	0	0	0	0	0	0	0	1	0	0	0	0	0	0	0	0	1
15|Livestock and Other animals|Chicken and poultry birds|GCA_053660405.1_genomic.fna.gz	0	0	0	0	0	0	0	0	0	0	0	0	0	0	1	0	0	0	0	1	0	0	0	1	0	0	1	0	0	0	0	0	0	0	0	0	0	1	0	0	0	0	0	0	0	0	0	0	0	0	0	0	0	0	0	0	0	0	0	0	0	0	0	1	0	0	0	0	0	0	0	0	1	1	0	0	1	0	0	1	1	1	0	0	1	0	0	0	0	0	0	0	1	0	0	0	0	0	0	0
5|Food chain|Chicken products|GCA_053677975.1_genomic.fna.gz	0	0	1	0	1	1	0	0	0	0	0	1	0	0	0	1	0	0	0	0	1	1	1	0	1	1	0	0	0	0	0	0	0	0	1	0	1	1	0	0	0	0	1	0	0	0	0	1	0	0	0	0	0	1	1	1	0	0	0	0	1	0	0	1	0	1	0	0	0	0	0	1	0	0	0	0	1	0	0	0	0	0	1	0	0	0	0	0	0	0	0	0	0	0	0	0	0	0	0	0
2|Food chain|Chicken products|GCA_053678095.1_genomic.fna.gz	0	0	0	0	0	0	0	1	1	1	1	0	1	1	0	0	0	0	1	0	1	0	1	0	1	1	0	0	0	0	0	0	1	1	1	1	0	0	1	1	1	0	0	1	1	0	0	1	1	0	0	0	0	0	0	0	0	0	0	0	0	0	0	0	1	0	1	1	0	1	1	0	0	1	1	0	0	1	0	0	0	0	0	1	0	0	0	0	0	0	0	0	0	0	0	0	0	0	0	0
10|Food chain|Turkey and duck products|GCA_053678215.1_genomic.fna.gz	1	1	0	1	0	0	1	0	0	0	0	1	0	0	0	0	1	1	0	1	0	0	0	1	0	0	1	1	1	0	0	0	0	0	0	0	0	0	0	0	0	0	0	0	0	1	0	0	0	0	0	0	0	0	0	1	0	1	0	1	0	0	1	0	0	0	0	1	1	0	0	0	0	0	0	0	0	0	0	0	0	1	1	0	0	1	1	0	0	0	0	0	0	0	0	0	0	1	0	0
10|Livestock and Other animals|Chicken and poultry birds|GCA_053678255.1_genomic.fna.gz	1	1	0	1	0	0	1	0	0	0	0	1	0	0	0	0	1	1	0	1	0	0	0	1	0	0	1	1	1	0	0	0	0	0	0	0	0	0	0	0	0	0	0	0	0	1	0	0	0	0	0	0	0	0	0	1	0	1	0	1	0	0	1	0	0	0	0	1	1	0	0	0	0	0	0	0	0	0	0	0	0	1	1	0	0	1	1	0	0	0	0	0	0	0	0	0	0	1	0	0
15|Food chain|Chicken products|GCA_053678315.1_genomic.fna.gz	0	0	0	0	0	0	0	0	0	0	0	0	0	0	1	0	0	0	0	1	0	0	0	1	0	0	1	0	0	0	0	0	0	0	0	0	0	1	0	0	0	0	0	0	0	0	0	0	0	0	0	0	0	0	0	0	0	0	0	0	0	0	0	1	0	0	0	0	0	0	0	0	1	1	0	0	1	0	0	1	1	1	0	0	1	0	0	0	0	0	0	0	1	0	0	0	0	0	0	0
2|Food chain|Chicken products|GCA_053678405.1_genomic.fna.gz	0	0	0	0	0	0	0	1	1	1	1	0	1	1	0	0	0	0	1	0	1	0	1	0	1	1	0	0	0	0	0	0	1	1	1	1	0	0	1	1	1	0	0	1	1	0	0	1	1	0	0	0	0	0	0	0	0	0	0	0	0	0	0	0	1	0	1	1	0	1	1	0	0	1	1	0	0	1	0	0	0	0	0	1	0	0	0	0	0	0	0	0	0	0	0	0	0	0	0	0
3|Food chain|Chicken products|GCA_053680775.1_genomic.fna.gz	0	0	0	0	0	0	0	1	1	1	1	0	1	1	0	0	0	0	1	0	1	0	1	0	1	1	0	0	0	0	0	0	1	1	1	1	0	0	1	1	1	0	0	1	1	0	0	1	1	0	0	0	0	0	0	0	0	0	0	0	0	0	0	0	1	0	1	1	0	1	1	0	0	1	1	0	0	1	0	0	0	0	0	1	0	0	0	0	0	0	0	0	0	0	0	1	0	0	0	0
5|Food chain|Chicken products|GCA_053680855.1_genomic.fna.gz	0	0	1	0	1	1	0	0	0	0	0	1	0	0	0	1	0	0	0	0	1	1	1	0	1	1	0	0	0	0	0	0	0	0	1	0	1	1	0	0	0	0	1	0	0	0	0	1	0	0	0	0	0	1	1	1	0	0	0	0	1	0	0	1	0	1	0	0	0	0	0	1	0	0	0	0	1	0	0	0	0	0	1	0	0	0	0	0	0	0	0	0	0	0	0	0	0	0	0	0
5|Food chain|Chicken products|GCA_053681275.1_genomic.fna.gz	0	0	1	0	1	1	0	0	0	0	0	1	0	0	0	1	0	0	0	0	1	1	1	0	1	1	0	0	0	0	0	0	0	0	1	0	1	1	0	0	0	0	1	0	0	0	0	1	0	0	0	0	0	1	1	1	0	0	0	0	1	0	0	1	0	1	0	0	0	0	0	1	0	0	0	0	1	0	0	0	0	0	1	0	0	0	0	0	0	0	0	0	0	0	0	0	0	0	0	0
13|Food chain|Pork products|GCA_053681555.1_genomic.fna.gz	0	0	0	0	0	0	0	0	0	0	0	0	0	0	0	0	0	0	0	0	0	0	1	0	0	0	0	0	0	0	0	0	0	0	0	0	0	0	1	0	0	0	0	0	0	0	0	0	1	0	0	0	0	0	1	0	0	1	0	0	1	0	0	0	0	1	0	0	1	0	0	0	0	0	0	0	0	1	0	0	1	1	1	0	1	0	0	0	0	0	0	0	0	0	1	0	0	1	0	0
8|Food chain|General food and retail|GCA_053681855.1_genomic.fna.gz	0	0	0	0	0	0	0	0	0	0	0	0	0	0	0	0	0	0	0	0	0	0	0	0	0	0	0	0	0	0	0	1	1	1	0	1	0	0	1	0	1	1	1	0	0	1	1	0	0	0	0	0	0	0	0	0	1	0	0	0	0	1	0	0	0	1	1	0	0	0	0	0	0	0	0	1	0	1	0	0	1	0	0	0	1	0	0	0	0	0	1	0	0	0	0	0	0	0	0	0
15|Food chain|Chicken products|GCA_053681975.1_genomic.fna.gz	0	0	0	0	0	0	0	0	0	0	0	0	0	0	1	0	0	0	0	1	0	0	0	1	0	0	1	0	0	0	0	0	0	0	0	0	0	1	0	0	0	0	0	0	0	0	0	0	0	0	0	0	0	0	0	0	0	0	0	0	0	0	0	1	0	0	0	0	0	0	0	0	1	1	0	0	1	0	0	1	1	1	0	0	1	0	0	0	0	0	0	0	1	0	0	0	0	0	0	0
10|Livestock and Other animals|Swine|GCA_053682595.1_genomic.fna.gz	1	1	0	1	0	0	1	0	0	0	0	1	0	0	0	0	1	1	0	1	0	0	0	1	0	0	1	1	1	0	0	0	0	0	0	0	0	0	0	0	0	0	0	0	0	1	0	0	0	0	0	0	0	0	0	1	0	1	0	1	0	0	1	0	1	0	0	1	1	0	0	0	0	0	0	0	1	0	0	1	0	0	1	0	0	0	0	0	0	0	0	0	0	0	0	0	0	1	0	0
13|Livestock and Other animals|Swine|GCA_053683575.1_genomic.fna.gz	0	0	0	0	0	0	0	0	0	0	0	0	0	0	0	0	0	0	0	0	0	0	1	0	0	0	0	0	0	0	0	0	0	0	0	0	0	0	1	0	0	0	0	0	0	0	0	0	1	0	0	0	0	0	1	0	0	1	0	0	1	0	0	0	0	1	0	0	1	0	0	0	0	0	0	0	0	1	0	0	1	1	1	0	1	0	0	0	0	0	0	0	0	0	1	0	0	1	0	0
14|Livestock and Other animals|Swine|GCA_053683595.1_genomic.fna.gz	0	0	0	0	0	0	0	0	0	0	0	0	0	0	1	0	0	0	0	1	0	0	0	1	0	0	1	0	0	0	0	0	0	0	0	0	0	1	0	0	0	0	0	0	0	0	0	1	1	0	0	0	0	0	0	0	0	0	0	0	0	0	0	1	1	0	0	1	0	0	0	0	1	1	0	0	1	0	0	1	1	0	1	0	0	0	0	0	0	0	0	1	1	1	0	0	0	0	0	0
5|Food chain|Chicken products|GCA_053686155.1_genomic.fna.gz	0	0	1	0	1	1	0	0	0	0	0	1	0	0	0	1	0	0	0	0	1	1	1	0	1	1	0	0	0	0	0	0	0	0	1	0	1	1	0	0	0	0	1	0	0	0	0	1	0	0	0	0	0	1	1	1	0	0	0	0	1	0	0	1	0	1	0	0	0	0	0	1	0	0	0	0	1	0	0	0	0	0	1	0	0	0	0	0	0	0	0	0	0	0	0	0	0	0	0	0
5|Food chain|Chicken products|GCA_053688655.1_genomic.fna.gz	0	0	1	0	1	1	0	0	0	0	0	1	0	0	0	1	0	0	0	0	1	1	1	0	1	1	0	0	0	0	0	0	0	0	1	0	1	1	0	0	0	0	1	0	0	0	0	1	0	0	0	0	0	1	1	1	0	0	0	0	1	0	0	1	0	1	0	0	0	0	0	1	0	0	0	0	1	0	0	0	0	0	1	0	0	0	0	0	0	0	0	0	0	0	0	0	0	0	0	0
4|Food chain|Chicken products|GCA_053688695.1_genomic.fna.gz	0	0	0	0	0	0	0	0	0	0	0	0	0	0	0	0	0	0	0	0	0	0	0	0	0	0	0	0	0	0	0	0	1	1	0	0	0	0	1	1	0	1	1	0	1	1	0	0	0	0	0	0	0	0	0	0	1	0	0	0	1	0	0	0	0	0	0	1	0	1	0	0	0	0	0	0	0	0	0	0	0	0	1	0	0	0	0	0	0	0	0	0	0	0	1	0	0	0	1	0
8|Food chain|Pork products|GCA_053699245.1_genomic.fna.gz	0	0	0	0	0	0	0	0	0	0	0	0	0	0	0	0	0	0	0	0	0	0	0	0	0	0	0	0	0	0	0	1	1	1	0	1	0	0	1	0	1	1	1	0	0	1	1	0	0	0	0	0	0	0	0	0	1	0	0	0	0	1	0	0	0	1	1	0	0	0	0	0	0	0	0	1	0	1	0	0	1	0	0	0	1	0	0	0	0	0	1	0	0	0	0	0	0	0	0	0
15|Food chain|Chicken products|GCA_053699395.1_genomic.fna.gz	0	0	0	0	0	0	0	0	0	0	0	0	0	0	1	0	0	0	0	1	0	0	0	1	0	0	1	0	0	0	0	0	0	0	0	0	0	1	0	0	0	0	0	0	0	0	0	0	0	0	0	0	0	0	0	0	0	0	0	0	0	0	0	1	0	0	0	0	0	0	0	0	1	1	0	0	1	0	0	1	1	1	0	0	1	0	0	0	0	0	0	0	1	0	0	0	0	0	0	0
2|Livestock and Other animals|Chicken and poultry birds|GCA_053716835.1_genomic.fna.gz	0	0	0	0	0	0	0	1	1	1	1	0	1	1	0	0	0	0	1	0	1	0	1	0	1	1	0	0	0	0	0	0	1	1	1	1	0	0	1	1	1	0	0	1	1	0	0	1	1	0	0	0	0	0	0	0	0	0	0	0	0	0	0	0	1	0	1	1	0	1	1	0	0	1	1	0	0	1	0	0	0	0	0	1	0	0	0	0	0	0	0	0	0	0	0	0	0	0	0	0
14|Livestock and Other animals|Chicken and poultry birds|GCA_053717795.1_genomic.fna.gz	0	0	0	0	0	0	0	0	0	0	0	0	0	0	1	0	0	0	0	1	0	0	0	1	0	1	1	0	0	0	0	0	0	0	0	0	0	1	0	0	0	0	0	0	0	0	0	0	1	0	0	0	0	0	0	0	0	0	0	0	0	0	0	1	1	0	0	0	0	0	0	0	1	1	0	0	1	0	0	1	0	0	1	0	0	0	0	0	0	0	0	0	1	1	0	0	0	0	0	0
2|Livestock and Other animals|Chicken and poultry birds|GCA_053717815.1_genomic.fna.gz	0	0	0	0	0	0	0	1	1	1	1	0	1	1	0	0	0	0	1	0	1	0	1	0	1	1	0	0	0	0	0	0	1	1	1	1	0	0	1	1	1	0	0	1	1	0	0	1	1	0	0	0	0	0	0	0	0	0	0	0	0	0	0	0	1	0	1	1	0	1	1	0	0	1	1	0	0	1	0	0	0	0	0	1	0	0	0	0	0	0	0	0	0	0	0	0	0	0	0	0
2|Livestock and Other animals|Chicken and poultry birds|GCA_053718015.1_genomic.fna.gz	0	0	0	0	0	0	0	1	1	1	1	0	1	1	0	0	0	0	1	0	1	0	1	0	1	1	0	0	0	0	0	0	1	1	1	1	0	0	1	1	1	0	0	1	1	0	0	1	1	0	0	0	0	0	0	0	0	0	0	0	0	0	0	0	1	0	1	1	0	1	1	0	0	1	1	0	0	1	0	0	0	0	0	1	0	0	0	0	0	0	0	0	0	0	0	0	0	0	0	0
9|Food chain|Seafood and aquatic foods|GCA_053718455.1_genomic.fna.gz	0	0	0	0	0	0	0	0	0	0	0	0	0	0	0	0	0	0	0	0	0	0	0	0	0	0	0	0	0	0	0	1	1	1	0	1	0	0	1	0	1	1	1	0	0	1	1	0	0	0	0	0	0	0	0	0	1	0	0	0	0	1	0	0	0	1	1	0	0	0	0	0	0	0	0	1	0	1	0	0	1	0	0	0	1	0	0	0	0	0	1	0	0	0	0	0	1	0	0	0
2|Livestock and Other animals|Chicken and poultry birds|GCA_053718695.1_genomic.fna.gz	0	0	0	0	0	0	0	1	1	1	1	0	1	1	0	0	0	0	1	0	1	0	1	0	1	1	0	0	0	0	0	0	1	1	1	1	0	0	1	1	1	0	0	1	1	0	0	1	1	0	0	0	0	0	0	0	0	0	0	0	0	0	0	0	1	0	1	1	0	1	1	0	0	1	1	0	0	1	0	0	0	0	0	1	0	0	0	0	0	0	0	0	0	0	0	0	0	0	0	0
8|Livestock and Other animals|Chicken and poultry birds|GCA_053718755.1_genomic.fna.gz	0	0	0	0	0	0	0	0	0	0	0	0	0	0	0	0	0	0	0	0	0	0	0	0	0	0	0	0	0	0	0	1	1	1	0	1	0	0	1	0	1	1	1	0	0	1	1	0	0	0	0	0	0	0	0	0	1	0	0	0	0	1	0	0	0	1	1	0	0	0	0	0	0	0	0	1	0	1	0	0	1	0	0	0	1	0	0	0	0	0	1	0	0	0	0	0	0	0	0	0
2|Livestock and Other animals|Chicken and poultry birds|GCA_053718775.1_genomic.fna.gz	0	0	0	0	0	0	0	1	1	1	1	0	1	1	0	0	0	0	1	0	1	0	1	0	1	1	0	0	0	0	0	0	1	1	1	1	0	0	1	1	1	0	0	1	1	0	0	1	1	0	0	0	0	0	0	0	0	0	0	0	0	0	0	0	1	0	1	1	0	1	1	0	0	1	1	0	0	1	0	0	0	0	0	1	0	0	0	0	0	0	0	0	0	0	0	0	0	0	0	0
8|Food chain|Pork products|GCA_053718895.1_genomic.fna.gz	0	0	0	0	0	0	0	0	0	0	0	0	0	0	0	0	0	0	0	0	0	0	0	0	0	0	0	0	0	0	0	1	1	1	0	1	0	0	1	0	1	1	1	0	0	1	1	0	0	0	0	0	0	0	0	0	1	0	0	0	0	1	0	0	0	1	1	0	0	0	0	0	0	0	0	1	0	1	0	0	1	0	0	0	1	0	0	0	0	0	1	0	0	0	0	0	0	0	0	0
14|Food chain|Pork products|GCA_053718905.1_genomic.fna.gz	0	0	0	0	0	0	0	0	0	0	0	0	0	0	1	0	0	0	0	1	0	0	0	1	0	0	1	0	0	0	0	0	0	0	0	0	0	1	0	0	0	0	0	0	0	0	0	1	1	0	0	0	0	0	0	0	0	0	0	0	0	0	0	1	1	0	0	1	0	0	0	0	1	1	0	0	1	0	0	1	1	0	1	0	0	0	0	0	0	0	0	1	1	1	0	0	0	0	0	0
8|Food chain|Pork products|GCA_053718975.1_genomic.fna.gz	0	0	0	0	0	0	0	0	0	0	0	0	0	0	0	0	0	0	0	0	0	0	0	0	0	0	0	0	0	0	0	1	1	1	0	1	0	0	1	0	1	1	1	0	0	1	1	0	0	0	0	0	0	0	0	0	1	0	0	0	0	1	0	0	0	1	1	0	0	0	0	0	0	0	0	1	0	1	0	0	1	0	0	0	1	0	0	0	0	0	1	0	0	0	0	0	0	0	0	0
14|Food chain|Pork products|GCA_053718995.1_genomic.fna.gz	0	0	0	0	0	0	0	0	0	0	0	0	0	0	1	0	0	0	0	1	0	0	0	1	0	0	1	0	0	0	0	0	0	0	0	0	0	1	0	0	0	0	0	0	0	0	0	1	1	0	0	0	0	0	0	0	0	0	0	0	0	0	0	1	1	0	0	1	0	0	0	0	1	1	0	0	1	0	0	1	1	0	1	0	0	0	0	0	0	0	0	1	1	1	0	0	0	0	0	0
8|Food chain|Pork products|GCA_053719015.1_genomic.fna.gz	0	0	0	0	0	0	0	0	0	0	0	0	0	0	0	0	0	0	0	0	0	0	0	0	0	0	0	0	0	0	0	1	1	1	0	1	0	0	1	0	1	1	1	0	0	1	1	0	0	0	0	0	0	0	0	0	1	0	0	0	0	1	0	0	0	1	1	0	0	0	0	0	0	0	0	1	0	1	0	0	1	0	0	0	1	0	0	0	0	0	1	0	0	0	0	0	0	0	0	0
8|Food chain|Pork products|GCA_053719035.1_genomic.fna.gz	0	0	0	0	0	0	0	0	0	0	0	0	0	0	0	0	0	0	0	0	0	0	0	0	0	0	0	0	0	0	0	1	1	1	0	1	0	0	1	0	1	1	1	0	0	1	1	0	0	0	0	0	0	0	0	0	1	0	0	0	0	1	0	0	0	1	1	0	0	0	0	0	0	0	0	1	0	1	0	0	1	0	0	0	1	0	0	0	0	0	1	0	0	0	0	0	0	0	0	0
2|Livestock and Other animals|Chicken and poultry birds|GCA_053719315.1_genomic.fna.gz	0	0	0	0	0	0	0	1	1	1	1	0	1	1	0	0	0	0	1	0	1	0	1	0	1	1	0	0	0	0	0	0	1	1	1	1	0	0	1	1	1	0	0	1	1	0	0	1	1	0	0	0	0	0	0	0	0	0	0	0	0	0	0	0	1	0	1	1	0	1	1	0	0	1	1	0	0	1	0	0	0	0	0	1	0	0	0	0	0	0	0	0	0	0	0	0	0	0	0	0
2|Livestock and Other animals|Chicken and poultry birds|GCA_053719975.1_genomic.fna.gz	0	0	0	0	0	0	0	1	1	1	1	0	1	1	0	0	0	0	1	0	1	0	1	0	1	1	0	0	0	0	0	0	1	1	1	1	0	0	1	1	1	0	0	1	1	0	0	1	1	0	0	0	0	0	0	0	0	0	0	0	0	0	0	0	1	0	1	1	0	1	1	0	0	1	1	0	0	1	0	0	0	0	0	1	0	0	0	0	0	0	0	0	0	0	0	0	0	0	0	0
2|Livestock and Other animals|Chicken and poultry birds|GCA_053720015.1_genomic.fna.gz	0	0	0	0	0	0	0	1	1	1	1	0	1	1	0	0	0	0	1	0	1	0	1	0	1	1	0	0	0	0	0	0	1	1	1	1	0	0	1	1	1	0	0	1	1	0	0	1	1	0	0	0	0	0	0	0	0	0	0	0	0	0	0	0	1	0	1	1	0	1	1	0	0	1	1	0	0	1	0	0	0	0	0	1	0	0	0	0	0	0	0	0	0	0	0	0	0	0	0	0
2|Livestock and Other animals|Chicken and poultry birds|GCA_053720435.1_genomic.fna.gz	0	0	0	0	0	0	0	1	1	1	1	0	1	1	0	0	0	0	1	0	1	0	1	0	1	1	0	0	0	0	0	0	1	1	1	1	0	0	1	1	1	0	0	1	1	0	0	1	1	0	0	0	0	0	0	0	0	0	0	0	0	0	0	0	1	0	1	1	0	1	1	0	0	1	1	0	0	1	0	0	0	0	0	1	0	0	0	0	0	0	0	0	0	0	0	0	0	0	0	0
10|Food chain|Pork products|GCA_053720515.1_genomic.fna.gz	1	1	0	1	0	0	1	0	0	0	0	1	0	0	0	0	1	1	0	1	0	0	0	1	0	0	1	1	1	0	0	0	0	0	0	0	0	0	0	0	0	0	0	0	0	1	0	0	0	0	0	0	0	0	0	1	0	1	0	1	0	0	1	0	1	0	0	1	1	0	0	0	0	0	0	0	1	0	0	1	0	0	1	0	0	0	0	0	0	0	0	0	0	0	0	0	0	1	0	0
8|Food chain|Pork products|GCA_053720555.1_genomic.fna.gz	0	0	0	0	0	0	0	0	0	0	0	0	0	0	0	0	0	0	0	0	0	0	0	0	0	0	0	0	0	0	0	1	1	1	0	1	0	0	1	0	1	1	1	0	0	1	1	0	0	0	0	0	0	0	0	0	1	0	0	0	0	1	0	0	0	1	1	0	0	0	0	0	0	0	0	1	0	1	0	0	1	0	0	0	1	0	0	0	0	0	1	0	0	0	0	0	0	0	0	0
4|Food chain|Seafood and aquatic foods|GCA_053720835.1_genomic.fna.gz	0	0	0	0	0	0	0	0	0	0	0	0	0	0	0	0	0	0	0	0	0	0	0	0	0	0	0	0	0	0	0	0	1	1	0	0	0	0	1	1	0	1	1	0	1	1	0	0	0	0	0	0	0	0	0	0	1	0	0	0	1	0	0	0	0	0	0	1	0	1	0	0	0	0	0	0	0	0	0	0	0	0	1	0	0	0	0	0	0	0	0	0	0	0	1	0	0	0	1	0
9|Food chain|Seafood and aquatic foods|GCA_053720855.1_genomic.fna.gz	0	0	0	0	0	0	0	0	0	0	0	0	0	0	0	0	0	0	0	0	0	0	0	0	0	0	0	0	0	0	0	1	1	1	0	1	0	0	1	0	1	1	1	0	0	1	1	0	0	0	0	0	0	0	0	0	1	0	0	0	0	1	0	0	0	1	1	0	0	0	0	0	0	0	0	1	0	1	0	0	1	0	0	0	1	0	0	0	0	0	1	0	0	0	0	0	1	0	0	0
9|Food chain|Seafood and aquatic foods|GCA_053720935.1_genomic.fna.gz	0	0	0	0	0	0	0	0	0	0	0	0	0	0	0	0	0	0	0	0	0	0	0	0	0	0	0	0	0	0	0	1	1	1	0	1	0	0	1	0	1	1	1	0	0	1	1	0	0	0	0	0	0	0	0	0	1	0	0	0	0	1	0	0	0	1	1	0	0	0	0	0	0	0	0	1	0	1	0	0	1	0	0	0	1	0	0	0	0	0	1	0	0	0	0	0	1	0	0	0
5|Livestock and Other animals|Chicken and poultry birds|GCA_053721375.1_genomic.fna.gz	0	0	1	0	1	1	0	0	0	0	0	1	0	0	0	1	0	0	0	0	1	1	1	0	1	1	0	0	0	0	0	0	0	0	1	0	1	1	0	0	0	0	1	0	0	0	0	1	0	0	0	0	0	1	1	1	0	0	0	0	1	0	0	1	0	1	0	0	0	0	0	1	0	0	0	0	1	0	0	0	0	0	1	0	0	0	0	0	0	0	0	0	0	0	0	0	0	0	0	0
5|Livestock and Other animals|Chicken and poultry birds|GCA_053721635.1_genomic.fna.gz	0	0	1	0	1	1	0	0	0	0	0	1	0	0	0	1	0	0	0	0	1	1	1	0	1	1	0	0	0	0	0	0	0	0	1	0	1	1	0	0	0	0	1	0	0	0	0	1	0	0	0	0	0	1	1	1	0	0	0	0	1	0	0	1	0	1	0	0	0	0	0	1	0	0	0	0	1	0	0	0	0	0	1	0	0	0	0	0	0	0	0	0	0	0	0	0	0	0	0	0
2|Livestock and Other animals|Chicken and poultry birds|GCA_053721695.1_genomic.fna.gz	0	0	0	0	0	0	0	1	1	1	1	0	1	1	0	0	0	0	1	0	1	0	1	0	1	1	0	0	0	0	0	0	1	1	1	1	0	0	1	1	1	0	0	1	1	0	0	1	1	0	0	0	0	0	0	0	0	0	0	0	0	0	0	0	1	0	1	1	0	1	1	0	0	1	1	0	0	1	0	0	0	0	0	1	0	0	0	0	0	0	0	0	0	0	0	0	0	0	0	0
5|Livestock and Other animals|Chicken and poultry birds|GCA_053721735.1_genomic.fna.gz	0	0	1	0	1	1	0	0	0	0	0	1	0	0	0	1	0	0	0	0	1	1	1	0	1	1	0	0	0	0	0	0	0	0	1	0	1	1	0	0	0	0	1	0	0	0	0	1	0	0	0	0	0	1	1	1	0	0	0	0	1	0	0	1	0	1	0	0	0	0	0	1	0	0	0	0	1	0	0	0	0	0	1	0	0	0	0	0	0	0	0	0	0	0	0	0	0	0	0	0
2|Livestock and Other animals|Chicken and poultry birds|GCA_053721775.1_genomic.fna.gz	0	0	0	0	0	0	0	1	1	1	1	0	1	1	0	0	0	0	1	0	1	0	1	0	1	1	0	0	0	0	0	0	1	1	1	1	0	0	1	1	1	0	0	1	1	0	0	1	1	0	0	0	0	0	0	0	0	0	0	0	0	0	0	0	1	0	1	1	0	1	1	0	0	1	1	0	0	1	0	0	0	0	0	1	0	0	0	0	0	0	0	0	0	0	0	0	0	0	0	0
2|Livestock and Other animals|Chicken and poultry birds|GCA_053721815.1_genomic.fna.gz	0	0	0	0	0	0	0	1	1	1	1	0	1	1	0	0	0	0	1	0	1	0	1	0	1	1	0	0	0	0	0	0	1	1	1	1	0	0	1	1	1	0	0	1	1	0	0	1	1	0	0	0	0	0	0	0	0	0	0	0	0	0	0	0	1	0	1	1	0	1	1	0	0	1	1	0	0	1	0	0	0	0	0	1	0	0	0	0	0	0	0	0	0	0	0	0	0	0	0	0
12|Livestock and Other animals|Chicken and poultry birds|GCA_053721875.1_genomic.fna.gz	0	0	0	0	0	0	0	0	0	0	0	0	1	0	0	0	0	0	0	0	1	0	0	0	0	0	0	0	0	0	0	0	1	0	0	0	0	0	1	0	1	0	0	0	0	0	1	1	1	0	0	0	0	0	1	0	0	0	0	0	1	1	0	1	0	0	1	1	1	0	0	0	0	0	0	1	0	0	0	0	0	0	0	0	0	0	0	0	0	0	1	0	0	0	1	0	0	0	1	0
2|Livestock and Other animals|Chicken and poultry birds|GCA_053721895.1_genomic.fna.gz	0	0	0	0	0	0	0	1	1	1	1	0	1	1	0	0	0	0	1	0	1	0	1	0	1	1	0	0	0	0	0	0	1	1	1	1	0	0	1	1	1	0	0	1	1	0	0	1	1	0	0	0	0	0	0	0	0	0	0	0	0	0	0	0	1	0	1	1	0	1	1	0	0	1	1	0	0	1	0	0	0	0	0	1	0	0	0	0	0	0	0	0	0	0	0	0	0	0	0	0
2|Livestock and Other animals|Chicken and poultry birds|GCA_053721935.1_genomic.fna.gz	0	0	0	0	0	0	0	1	1	1	1	0	1	1	0	0	0	0	1	0	1	0	1	0	1	1	0	0	0	0	0	0	1	1	1	1	0	0	1	1	1	0	0	1	1	0	0	1	1	0	0	0	0	0	0	0	0	0	0	0	0	0	0	0	1	0	1	1	0	1	1	0	0	1	1	0	0	1	0	0	0	0	0	1	0	0	0	0	0	0	0	0	0	0	0	0	0	0	0	0
12|Livestock and Other animals|Chicken and poultry birds|GCA_053722055.1_genomic.fna.gz	0	0	0	0	0	0	0	0	1	0	0	0	0	0	0	0	0	0	0	0	1	0	0	1	0	0	0	0	0	0	0	0	1	1	1	0	0	0	1	0	0	0	0	0	0	0	0	0	1	0	0	0	0	0	1	0	0	0	0	0	1	1	1	0	0	0	1	0	0	0	0	1	0	1	0	1	0	0	0	0	0	0	0	0	0	0	0	0	0	0	0	0	0	0	0	0	0	1	0	0
2|Livestock and Other animals|Wildlife and other animals|GCA_053722095.1_genomic.fna.gz	0	0	0	0	0	0	0	1	1	1	1	0	1	1	0	0	0	0	1	0	1	0	1	0	1	1	0	0	0	0	0	0	1	1	1	1	0	0	1	1	1	0	0	1	1	0	0	1	1	0	0	0	0	0	0	0	0	0	0	0	0	0	0	0	1	0	1	1	0	1	1	0	0	1	1	0	0	1	0	0	0	0	0	1	0	0	0	0	0	0	0	0	0	0	0	0	0	0	0	0
8|Food chain|Pork products|GCA_053722155.1_genomic.fna.gz	0	0	0	0	0	0	0	0	0	0	0	0	0	0	0	0	0	0	0	0	0	0	0	0	0	0	0	0	0	0	0	1	1	1	0	1	0	0	1	0	1	1	1	0	0	1	1	0	0	0	0	0	0	0	0	0	1	0	0	0	0	1	0	0	0	1	1	0	0	0	0	0	0	0	0	1	0	1	0	0	1	0	0	0	1	0	0	0	0	0	1	0	0	0	0	0	0	0	0	0
8|Food chain|Chicken products|GCA_053735075.1_genomic.fna.gz	0	0	0	0	0	0	0	0	0	0	0	0	0	0	0	0	0	0	0	0	0	0	0	0	0	0	0	0	0	0	0	1	1	1	0	1	0	0	1	0	1	1	1	0	0	1	1	0	0	0	0	0	0	0	0	0	1	0	0	0	0	1	0	0	0	1	1	0	0	0	0	0	0	0	0	1	0	1	0	0	1	0	0	0	1	0	0	0	0	0	1	0	0	0	0	0	0	0	0	0
3|Food chain|General food and retail|GCA_053735615.1_genomic.fna.gz	0	0	0	0	0	0	0	1	1	1	1	0	1	1	0	0	0	0	1	0	1	0	1	0	1	1	0	0	0	0	0	0	1	1	1	1	0	0	1	1	1	0	0	1	1	0	0	1	1	0	0	0	0	0	0	0	0	0	0	0	0	0	0	0	1	0	1	1	0	1	1	0	0	1	1	0	0	1	0	0	0	0	0	1	0	0	0	0	0	0	0	0	0	0	0	1	0	0	0	0
3|Food chain|General food and retail|GCA_053735655.1_genomic.fna.gz	0	0	0	0	0	0	0	1	1	1	1	0	1	1	0	0	0	0	1	0	1	0	1	0	1	1	0	0	0	0	0	0	1	1	1	1	0	0	1	1	1	0	0	1	1	0	0	1	1	0	0	0	0	0	0	0	0	0	0	0	0	0	0	0	1	0	1	1	0	1	1	0	0	1	1	0	0	1	0	0	0	0	0	1	0	0	0	0	0	0	0	0	0	0	0	1	0	0	0	0
3|Food chain|Chicken products|GCA_053735715.1_genomic.fna.gz	0	0	0	0	0	0	0	1	1	1	1	0	1	1	0	0	0	0	1	0	1	0	1	0	1	1	0	0	0	0	0	0	1	1	1	1	0	0	1	1	1	0	0	1	1	0	0	1	1	0	0	0	0	0	0	0	0	0	0	0	0	0	0	0	1	0	1	1	0	1	1	0	0	1	1	0	0	1	0	0	0	0	0	1	0	0	0	0	0	0	0	0	0	0	0	1	0	0	0	0
15|Livestock and Other animals|Chicken and poultry birds|GCA_053735915.1_genomic.fna.gz	0	0	0	0	0	0	0	0	0	0	0	0	0	0	1	0	0	0	0	1	0	0	0	1	0	0	1	0	0	0	0	0	0	0	0	0	0	1	0	0	0	0	0	0	0	0	0	0	0	0	0	0	0	0	0	0	0	0	0	0	0	0	0	1	0	0	0	0	0	0	0	0	1	1	0	0	1	0	0	1	1	1	0	0	1	0	0	0	0	0	0	0	1	0	0	0	0	0	0	0
10|Food chain|Chicken products|GCA_053740475.1_genomic.fna.gz	1	1	0	1	0	0	1	0	0	0	0	1	0	0	0	0	1	1	0	1	0	0	0	1	0	0	1	1	1	0	0	0	0	0	0	0	0	0	0	0	0	0	0	0	0	1	0	0	0	0	0	0	0	0	0	1	0	1	0	1	0	0	1	0	0	0	0	1	1	0	0	0	0	0	0	0	0	0	0	0	0	1	1	0	0	1	1	0	0	0	0	0	0	0	0	0	0	1	0	0
3|Food chain|General food and retail|GCA_053740565.1_genomic.fna.gz	0	0	0	0	0	0	0	1	1	1	1	0	1	1	0	0	0	0	1	0	1	0	1	0	1	1	0	0	0	0	0	0	1	1	1	1	0	0	1	1	1	0	0	1	1	0	0	1	1	0	0	0	0	0	0	0	0	0	0	0	0	0	0	0	1	0	1	1	0	1	1	0	0	1	1	0	0	1	0	0	0	0	0	1	0	0	0	0	0	0	0	0	0	0	0	1	0	0	0	0
5|Food chain|General food and retail|GCA_053744115.1_genomic.fna.gz	0	0	1	0	1	1	0	0	0	0	0	1	0	0	0	1	0	0	0	0	1	1	1	0	1	1	0	0	0	0	0	0	0	0	1	0	1	1	0	0	0	0	1	0	0	0	0	1	0	0	0	0	0	1	1	1	0	0	0	0	1	0	0	1	0	1	0	0	0	0	0	1	0	0	0	0	1	0	0	0	0	0	1	0	0	0	0	0	0	0	0	0	0	0	0	0	0	0	0	0
5|Food chain|Chicken products|GCA_053744135.1_genomic.fna.gz	0	0	1	0	1	1	0	0	0	0	0	1	0	0	0	1	0	0	0	0	1	1	1	0	1	1	0	0	0	0	0	0	0	0	1	0	1	1	0	0	0	0	1	0	0	0	0	1	0	0	0	0	0	1	1	1	0	0	0	0	1	0	0	1	0	1	0	0	0	0	0	1	0	0	0	0	1	0	0	0	0	0	1	0	0	0	0	0	0	0	0	0	0	0	0	0	0	0	0	0
2|Food chain|General food and retail|GCA_053746095.1_genomic.fna.gz	0	0	0	0	0	0	0	1	1	1	1	0	1	1	0	0	0	0	1	0	1	0	1	0	1	1	0	0	0	0	0	0	1	1	1	1	0	0	1	1	1	0	0	1	1	0	0	1	1	0	0	0	0	0	0	0	0	0	0	0	0	0	0	0	1	0	1	1	0	1	1	0	0	1	1	0	0	1	0	0	0	0	0	1	0	0	0	0	0	0	0	0	0	0	0	0	0	0	0	0
15|Food chain|Chicken products|GCA_053752015.1_genomic.fna.gz	0	0	0	0	0	0	0	0	0	0	0	0	0	0	1	0	0	0	0	1	0	0	0	1	0	0	1	0	0	0	0	0	0	0	0	0	0	1	0	0	0	0	0	0	0	0	0	0	0	0	0	0	0	0	0	0	0	0	0	0	0	0	0	1	0	0	0	0	0	0	0	0	1	1	0	0	1	0	0	1	1	1	0	0	1	0	0	0	0	0	0	0	1	0	0	0	0	0	0	0
5|Food chain|Chicken products|GCA_053755455.1_genomic.fna.gz	0	0	1	0	1	1	0	0	0	0	0	1	0	0	0	1	0	0	0	0	1	1	1	0	1	1	0	0	0	0	0	0	0	0	1	0	1	1	0	0	0	0	1	0	0	0	0	1	0	0	0	0	0	1	1	1	0	0	0	0	1	0	0	1	0	1	0	0	0	0	0	1	0	0	0	0	1	0	0	0	0	0	1	0	0	0	0	0	0	0	0	0	0	0	0	0	0	0	0	0
13|Food chain|Pork products|GCA_053755535.1_genomic.fna.gz	0	0	0	0	0	0	0	0	0	0	0	0	0	0	0	0	0	0	0	0	0	0	1	0	0	0	0	0	0	0	0	0	0	0	0	0	0	0	1	0	0	0	0	0	0	0	0	0	1	0	0	0	0	0	1	0	0	1	0	0	1	0	0	0	0	1	0	0	1	0	0	0	0	0	0	0	0	1	0	0	1	1	1	0	1	0	0	0	0	0	0	0	0	0	1	0	0	1	0	0
8|Food chain|Pork products|GCA_053755575.1_genomic.fna.gz	0	0	0	0	0	0	0	0	0	0	0	0	0	0	0	0	0	0	0	0	0	0	0	0	0	0	0	0	0	0	0	1	1	1	0	1	0	0	1	0	1	1	1	0	0	1	1	0	0	0	0	0	0	0	0	0	1	0	0	0	0	1	0	0	0	1	1	0	0	0	0	0	0	0	0	1	0	1	0	0	1	0	0	0	1	0	0	0	0	0	1	0	0	0	0	0	0	0	0	0
6|Food chain|Pork products|GCA_053755635.1_genomic.fna.gz	0	0	0	0	0	0	0	0	0	0	0	0	0	0	0	0	0	0	0	0	0	0	0	0	0	0	0	0	0	0	0	0	0	0	0	0	0	1	0	0	1	0	0	0	0	0	0	0	1	0	0	0	0	0	1	0	0	0	0	0	0	1	0	0	0	0	1	0	0	0	1	0	1	0	0	0	1	1	0	0	1	0	0	0	0	0	0	0	0	0	1	0	0	0	0	0	0	1	0	1
13|Food chain|Pork products|GCA_053755655.1_genomic.fna.gz	0	0	0	0	0	0	0	0	0	0	0	0	0	0	0	0	0	0	0	0	0	0	1	0	0	0	0	0	0	0	0	0	0	0	0	0	0	0	1	0	0	0	0	0	0	0	0	0	1	0	0	0	0	0	1	0	0	1	0	0	1	0	0	0	0	1	0	0	1	0	0	0	0	0	0	0	0	1	0	0	1	1	1	0	1	0	0	0	0	0	0	0	0	0	1	0	0	1	0	0
14|Food chain|Pork products|GCA_053755715.1_genomic.fna.gz	0	0	0	0	0	0	0	0	0	0	0	0	0	0	1	0	0	0	0	1	0	0	0	1	0	0	1	0	0	0	0	0	0	0	0	0	0	1	0	0	0	0	0	0	0	0	0	1	1	0	0	0	0	0	0	0	0	0	0	0	0	0	0	1	1	0	0	1	0	0	0	0	1	1	0	0	1	0	0	1	1	0	1	0	0	0	0	0	0	0	0	1	1	1	0	0	0	0	0	0
10|Food chain|Pork products|GCA_053755735.1_genomic.fna.gz	1	1	0	1	0	0	0	0	0	0	0	1	0	0	0	0	1	1	0	1	0	0	0	1	0	0	1	1	0	1	0	0	0	0	0	0	0	0	0	0	0	0	0	0	0	1	0	0	0	0	0	0	0	0	0	1	0	1	0	0	0	0	1	0	1	0	0	1	1	0	0	0	0	0	0	0	0	0	0	1	0	0	1	0	1	0	0	0	0	0	1	1	0	0	0	0	0	1	0	0
8|Food chain|Pork products|GCA_053755775.1_genomic.fna.gz	0	0	0	0	0	0	0	0	0	0	0	0	0	0	0	0	0	0	0	0	0	0	0	0	0	0	0	0	0	0	0	1	1	1	0	1	0	0	1	0	1	1	1	0	0	1	1	0	0	0	0	0	0	0	0	0	1	0	0	0	0	1	0	0	0	1	1	0	0	0	0	0	0	0	0	1	0	1	0	0	1	0	0	0	1	0	0	0	0	0	1	0	0	0	0	0	0	0	0	0
13|Food chain|Pork products|GCA_053755835.1_genomic.fna.gz	0	0	0	0	0	0	0	0	0	0	0	0	0	0	0	0	0	0	0	0	0	0	1	0	0	0	0	0	0	0	0	0	0	0	0	0	0	0	1	0	0	0	0	0	0	0	0	0	1	0	0	0	0	0	1	0	0	1	0	0	1	0	0	0	0	1	0	0	1	0	0	0	0	0	0	0	0	1	0	0	1	1	1	0	1	0	0	0	0	0	0	0	0	0	1	0	0	1	0	0
10|Food chain|Pork products|GCA_053755855.1_genomic.fna.gz	1	1	0	1	0	0	1	0	0	0	0	1	0	0	0	0	1	1	0	1	0	0	0	1	0	0	1	1	1	0	0	0	0	0	0	0	0	0	0	0	0	0	0	0	0	1	0	0	0	0	0	0	0	0	0	1	0	1	0	1	0	0	1	0	1	0	0	1	1	0	0	0	0	0	0	0	1	0	0	1	0	0	1	0	0	0	0	0	0	0	0	0	0	0	0	0	0	1	0	0
13|Food chain|Pork products|GCA_053755875.1_genomic.fna.gz	0	0	0	0	0	0	0	0	0	0	0	0	0	0	0	0	0	0	0	0	0	0	1	0	0	0	0	0	0	0	0	0	0	0	0	0	0	0	1	0	0	0	0	0	0	0	0	0	1	0	0	0	0	0	1	0	0	1	0	0	1	0	0	0	0	1	0	0	1	0	0	0	0	0	0	0	0	1	0	0	1	1	1	0	1	0	0	0	0	0	0	0	0	0	1	0	0	1	0	0
13|Food chain|Pork products|GCA_053755935.1_genomic.fna.gz	0	0	0	0	0	0	0	0	0	0	0	0	0	0	0	0	0	0	0	0	0	0	1	0	0	0	0	0	0	0	0	0	0	0	0	0	0	0	1	0	0	0	0	0	0	0	0	0	1	0	0	0	0	0	1	0	0	1	0	0	1	0	0	0	0	1	0	0	1	0	0	0	0	0	0	0	0	1	0	0	1	1	1	0	1	0	0	0	0	0	0	0	0	0	1	0	0	1	0	0
13|Food chain|Pork products|GCA_053756075.1_genomic.fna.gz	0	0	0	0	0	0	0	0	0	0	0	0	0	0	0	0	0	0	0	0	0	0	1	0	0	0	0	0	0	0	0	0	0	0	0	0	0	0	1	0	0	0	0	0	0	0	0	0	1	0	0	0	0	0	1	0	0	1	0	0	1	0	0	0	0	1	0	0	1	0	0	0	0	0	0	0	0	1	0	0	1	1	1	0	1	0	0	0	0	0	0	0	0	0	1	0	0	1	0	0
14|Food chain|Pork products|GCA_053756235.1_genomic.fna.gz	0	0	0	0	0	0	0	0	0	0	0	0	0	0	1	0	0	0	0	1	0	0	0	1	0	0	1	0	0	0	0	0	0	0	0	0	0	1	0	0	0	0	0	0	0	0	0	1	1	0	0	0	0	0	0	0	0	0	0	0	0	0	0	1	1	0	0	1	0	0	0	0	1	1	0	0	1	0	0	1	1	0	1	0	0	0	0	0	0	0	0	1	1	1	0	0	0	0	0	0
8|Food chain|Pork products|GCA_053756315.1_genomic.fna.gz	0	0	0	0	0	0	0	0	0	0	0	0	0	0	0	0	0	0	0	0	0	0	0	0	0	0	0	0	0	0	0	1	1	1	0	1	0	0	1	0	1	1	1	0	0	1	1	0	0	0	0	0	0	0	0	0	1	0	0	0	0	1	0	0	0	1	1	0	0	0	0	0	0	0	0	1	0	1	0	0	1	0	0	0	1	0	0	0	0	0	1	0	0	0	0	0	0	0	0	0
8|Food chain|Chicken products|GCA_053756415.1_genomic.fna.gz	0	0	0	0	0	0	0	0	0	0	0	0	0	0	0	0	0	0	0	0	0	0	0	0	0	0	0	0	0	0	0	1	1	1	0	1	0	0	1	0	1	1	1	0	0	1	1	0	0	0	0	0	0	0	0	0	1	0	0	0	0	1	0	0	0	1	1	0	0	0	0	0	0	0	0	1	0	1	0	0	1	0	0	0	1	0	0	0	0	0	1	0	0	0	0	0	0	0	0	0
3|Food chain|Chicken products|GCA_053756435.1_genomic.fna.gz	0	0	0	0	0	0	0	1	1	1	1	0	1	1	0	0	0	0	1	0	1	0	1	0	1	1	0	0	0	0	0	0	1	1	1	1	0	0	1	1	1	0	0	1	1	0	0	1	1	0	0	0	0	0	0	0	0	0	0	0	0	0	0	0	1	0	1	1	0	1	1	0	0	1	1	0	0	1	0	0	0	0	0	1	0	0	0	0	0	0	0	0	0	0	0	1	0	0	0	0
8|Food chain|Pork products|GCA_053756475.1_genomic.fna.gz	0	0	0	0	0	0	0	0	0	0	0	0	0	0	0	0	0	0	0	0	0	0	0	0	0	0	0	0	0	0	0	1	1	1	0	1	0	0	1	0	1	1	1	0	0	1	1	0	0	0	0	0	0	0	0	0	1	0	0	0	0	1	0	0	0	1	1	0	0	0	0	0	0	0	0	1	0	1	0	0	1	0	0	0	1	0	0	0	0	0	1	0	0	0	0	0	0	0	0	0
5|Food chain|Pork products|GCA_053756495.1_genomic.fna.gz	0	0	1	0	1	1	0	0	0	0	0	1	0	0	0	1	0	0	0	0	1	1	1	0	1	1	0	0	0	0	0	0	0	0	1	0	1	1	0	0	0	0	1	0	0	0	0	1	0	0	0	0	0	1	1	1	0	0	0	0	1	0	0	1	0	1	0	0	0	0	0	1	0	0	0	0	1	0	0	0	0	0	1	0	0	0	0	0	0	0	0	0	0	0	0	0	0	0	0	0
9|Food chain|General food and retail|GCA_053756555.1_genomic.fna.gz	0	0	0	0	0	0	0	0	0	0	0	0	0	0	0	0	0	0	0	0	0	0	0	0	0	0	0	0	0	0	0	1	1	1	0	1	0	0	1	0	1	1	1	0	0	1	1	0	0	0	0	0	0	0	0	0	1	0	0	0	0	1	0	0	0	1	1	0	0	0	0	0	0	0	0	1	0	1	0	0	1	0	0	0	1	0	0	0	0	0	1	0	0	0	0	0	1	0	0	0
3|Food chain|Chicken products|GCA_053756575.1_genomic.fna.gz	0	0	0	0	0	0	0	1	1	1	1	0	1	1	0	0	0	0	1	0	1	0	1	0	1	1	0	0	0	0	0	0	1	1	1	1	0	0	1	1	1	0	0	1	1	0	0	1	1	0	0	0	0	0	0	0	0	0	0	0	0	0	0	0	1	0	1	1	0	1	1	0	0	1	1	0	0	1	0	0	0	0	0	1	0	0	0	0	0	0	0	0	0	0	0	1	0	0	0	0
15|Food chain|General food and retail|GCA_053756595.1_genomic.fna.gz	0	0	0	0	0	0	0	0	0	0	0	0	0	0	1	0	0	0	0	1	0	0	0	1	0	0	1	0	0	0	0	0	0	0	0	0	0	1	0	0	0	0	0	0	0	0	0	0	0	0	0	0	0	0	0	0	0	0	0	0	0	0	0	1	0	0	0	0	0	0	0	0	1	1	0	0	1	0	0	1	1	1	0	0	1	0	0	0	0	0	0	0	1	0	0	0	0	0	0	0
3|Food chain|Chicken products|GCA_053769995.1_genomic.fna.gz	0	0	0	0	0	0	0	1	1	1	1	0	1	1	0	0	0	0	1	0	1	0	1	0	1	1	0	0	0	0	0	0	1	1	1	1	0	0	1	1	1	0	0	1	1	0	0	1	1	0	0	0	0	0	0	0	0	0	0	0	0	0	0	0	1	0	1	1	0	1	1	0	0	1	1	0	0	1	0	0	0	0	0	1	0	0	0	0	0	0	0	0	0	0	0	1	0	0	0	0
3|Food chain|Chicken products|GCA_053770025.1_genomic.fna.gz	0	0	0	0	0	0	0	1	1	1	1	0	1	1	0	0	0	0	1	0	1	0	1	0	1	1	0	0	0	0	0	0	1	1	1	1	0	0	1	1	1	0	0	1	1	0	0	1	1	0	0	0	0	0	0	0	0	0	0	0	0	0	0	0	1	0	1	1	0	1	1	0	0	1	1	0	0	1	0	0	0	0	0	1	0	0	0	0	0	0	0	0	0	0	0	1	0	0	0	0
3|Food chain|Chicken products|GCA_053770065.1_genomic.fna.gz	0	0	0	0	0	0	0	1	1	1	1	0	1	1	0	0	0	0	1	0	1	0	1	0	1	1	0	0	0	0	0	0	1	1	1	1	0	0	1	1	1	0	0	1	1	0	0	1	1	0	0	0	0	0	0	0	0	0	0	0	0	0	0	0	1	0	1	1	0	1	1	0	0	1	1	0	0	1	0	0	0	0	0	1	0	0	0	0	0	0	0	0	0	0	0	1	0	0	0	0
5|Livestock and Other animals|Chicken and poultry birds|GCA_053775875.1_genomic.fna.gz	0	0	1	0	1	1	0	0	0	0	0	1	0	0	0	1	0	0	0	0	1	1	1	0	1	1	0	0	0	0	0	0	0	0	1	0	1	1	0	0	0	0	1	0	0	0	0	1	0	0	0	0	0	1	1	1	0	0	0	0	1	0	0	1	0	1	0	0	0	0	0	1	0	0	0	0	1	0	0	0	0	0	1	0	0	0	0	0	0	0	0	0	0	0	0	0	0	0	0	0
13|Livestock and Other animals|Cattle|GCA_053778595.1_genomic.fna.gz	0	0	0	0	0	0	0	0	0	0	0	0	0	0	0	0	0	0	0	0	0	0	1	0	0	0	0	0	0	0	0	0	0	0	0	0	0	0	1	0	0	0	0	0	0	0	0	0	1	0	0	0	0	0	1	0	0	1	0	0	1	0	0	0	0	1	0	0	1	0	0	0	0	0	0	0	0	1	0	0	1	1	1	0	1	0	0	0	0	0	0	0	0	0	1	0	0	1	0	0
3|Food chain|General food and retail|GCA_053778915.1_genomic.fna.gz	0	0	0	0	0	0	0	1	1	1	1	0	1	1	0	0	0	0	1	0	1	0	1	0	1	1	0	0	0	0	0	0	1	1	1	1	0	0	1	1	1	0	0	1	1	0	0	1	1	0	0	0	0	0	0	0	0	0	0	0	0	0	0	0	1	0	1	1	0	1	1	0	0	1	1	0	0	1	0	0	0	0	0	1	0	0	0	0	0	0	0	0	0	0	0	1	0	0	0	0
15|Food chain|General food and retail|GCA_053785795.1_genomic.fna.gz	0	0	0	0	0	0	0	0	0	0	0	0	0	0	1	0	0	0	0	1	0	0	0	1	0	0	1	0	0	0	0	0	0	0	0	0	0	1	0	0	0	0	0	0	0	0	0	0	0	0	0	0	0	0	0	0	0	0	0	0	0	0	0	1	0	0	0	0	0	0	0	0	1	1	0	0	1	0	0	1	1	1	0	0	1	0	0	0	0	0	0	0	1	0	0	0	0	0	0	0
3|Food chain|Chicken products|GCA_053785835.1_genomic.fna.gz	0	0	0	0	0	0	0	1	1	1	1	0	1	1	0	0	0	0	1	0	1	0	1	0	1	1	0	0	0	0	0	0	1	1	1	1	0	0	1	1	1	0	0	1	1	0	0	1	1	0	0	0	0	0	0	0	0	0	0	0	0	0	0	0	1	0	1	1	0	1	1	0	0	1	1	0	0	1	0	0	0	0	0	1	0	0	0	0	0	0	0	0	0	0	0	1	0	0	0	0
8|Food chain|Chicken products|GCA_053787075.1_genomic.fna.gz	0	0	0	0	0	0	0	0	0	0	0	0	0	0	0	0	0	0	0	0	0	0	0	0	0	0	0	0	0	0	0	1	1	1	0	1	0	0	1	0	1	1	1	0	0	1	1	0	0	0	0	0	0	0	0	0	1	0	0	0	0	1	0	0	0	1	1	0	0	0	0	0	0	0	0	1	0	1	0	0	1	0	0	0	1	0	0	0	0	0	1	0	0	0	0	0	0	0	0	0
5|Food chain|Chicken products|GCA_053787155.1_genomic.fna.gz	0	0	1	0	1	1	0	0	0	0	0	1	0	0	0	1	0	0	0	0	1	1	1	0	1	1	0	0	0	0	0	0	0	0	1	0	1	1	0	0	0	0	1	0	0	0	0	1	0	0	0	0	0	1	1	1	0	0	0	0	1	0	0	1	0	1	0	0	0	0	0	1	0	0	0	0	1	0	0	0	0	0	1	0	0	0	0	0	0	0	0	0	0	0	0	0	0	0	0	0
13|Food chain|Pork products|GCA_053787235.1_genomic.fna.gz	0	0	0	0	0	0	0	0	0	0	0	0	0	0	0	0	0	0	0	1	0	0	1	0	0	0	0	0	0	0	0	0	0	0	0	0	0	0	1	0	0	0	0	0	0	0	0	0	1	0	0	0	0	1	1	0	0	1	0	0	1	0	0	0	0	1	0	0	1	0	0	0	0	0	0	0	0	1	0	0	1	1	1	0	1	0	0	0	0	0	0	0	0	0	1	0	0	1	0	0
4|Environment|Environmental swabs and sponges|GCA_053787735.1_genomic.fna.gz	0	0	0	0	0	0	0	0	0	0	0	0	0	0	0	0	0	0	0	0	0	0	0	0	0	0	0	0	0	0	0	0	1	1	0	0	0	0	1	1	0	1	1	0	1	1	0	0	0	0	0	0	0	0	0	0	1	0	0	0	1	0	0	0	0	0	0	1	0	1	0	0	0	0	0	0	0	0	0	0	0	0	1	0	0	0	0	0	0	0	0	0	0	0	1	0	0	0	1	0
1|Food chain|Plant-derived foods|GCA_053804435.1_genomic.fna.gz	0	0	0	0	0	0	0	1	1	1	1	0	1	1	0	0	0	0	1	0	1	0	1	0	1	1	0	0	0	0	0	0	1	1	1	1	0	0	1	1	1	0	0	1	1	0	0	1	1	0	0	0	0	0	0	0	0	0	0	0	0	0	0	0	1	0	1	1	0	1	1	0	0	1	1	0	0	1	0	0	0	0	0	0	0	0	0	0	0	0	0	0	0	0	0	0	0	0	0	0
1|Food chain|Plant-derived foods|GCA_053804445.1_genomic.fna.gz	0	0	0	0	0	0	0	1	1	1	1	0	1	1	0	0	0	0	1	0	1	0	1	0	1	1	0	0	0	0	0	0	1	1	1	1	0	0	1	1	1	0	0	1	1	0	0	1	1	0	0	0	0	0	0	0	0	0	0	0	0	0	0	0	1	0	1	1	0	1	1	0	0	1	1	0	0	1	0	0	0	0	0	0	0	0	0	0	0	0	0	0	0	0	0	0	0	0	0	0
1|Food chain|Plant-derived foods|GCA_053804505.1_genomic.fna.gz	0	0	0	0	0	0	0	1	1	1	1	0	1	1	0	0	0	0	1	0	1	0	1	0	1	1	0	0	0	0	0	0	1	1	1	1	0	0	1	1	1	0	0	1	1	0	0	1	1	0	0	0	0	0	0	0	0	0	0	0	0	0	0	0	1	0	1	1	0	1	1	0	0	1	1	0	0	1	0	0	0	0	0	0	0	0	0	0	0	0	0	0	0	0	0	0	0	0	0	0
1|Food chain|Plant-derived foods|GCA_053805505.1_genomic.fna.gz	0	0	0	0	0	0	0	1	1	1	1	0	1	1	0	0	0	0	1	0	1	0	1	0	1	1	0	0	0	0	0	0	1	1	1	1	0	0	1	1	1	0	0	1	1	0	0	1	1	0	0	0	0	0	0	0	0	0	0	0	0	0	0	0	1	0	1	1	0	1	1	0	0	1	1	0	0	1	0	0	0	0	0	0	0	0	0	0	0	0	0	0	0	0	0	0	0	0	0	0
1|Food chain|Plant-derived foods|GCA_053805535.1_genomic.fna.gz	0	0	0	0	0	0	0	1	1	1	1	0	1	1	0	0	0	0	1	0	1	0	1	0	1	1	0	0	0	0	0	0	1	1	1	1	0	0	1	1	1	0	0	1	1	0	0	1	1	0	0	0	0	0	0	0	0	0	0	0	0	0	0	0	1	0	1	1	0	1	1	0	0	1	1	0	0	1	0	0	0	0	0	0	0	0	0	0	0	0	0	0	0	0	0	0	0	0	0	0
8|Food chain|Chicken products|GCA_053808115.1_genomic.fna.gz	0	0	0	0	0	0	0	0	0	0	0	0	0	0	0	0	0	0	0	0	0	0	0	0	0	0	0	0	0	0	0	1	1	1	0	1	0	0	1	0	1	1	1	0	0	1	1	0	0	0	0	0	0	0	0	0	1	0	0	0	0	1	0	0	0	1	1	0	0	0	0	0	0	0	0	1	0	1	0	0	1	0	0	0	1	0	0	0	0	0	1	0	0	0	0	0	0	0	0	0
2|Food chain|Chicken products|GCA_053808795.1_genomic.fna.gz	0	0	0	0	0	0	0	1	1	1	1	0	1	1	0	0	0	0	1	0	1	0	1	0	1	1	0	0	0	0	0	0	1	1	1	1	0	0	1	1	1	0	0	1	1	0	0	1	1	0	0	0	0	0	0	0	0	0	0	0	0	0	0	0	1	0	1	1	0	1	1	0	0	1	1	0	0	1	0	0	0	0	0	1	0	0	0	0	0	0	0	0	0	0	0	0	0	0	0	0
5|Food chain|General food and retail|GCA_053808815.1_genomic.fna.gz	0	0	1	0	1	1	0	0	0	0	0	1	0	0	0	1	0	0	0	0	1	1	1	0	1	1	0	0	0	0	0	0	0	0	1	0	1	1	0	0	0	0	1	0	0	0	0	1	0	0	0	0	0	1	1	1	0	0	0	0	1	0	0	1	0	1	0	0	0	0	0	1	0	0	0	0	1	0	0	0	0	0	1	0	0	0	0	0	0	0	0	0	0	0	0	0	0	0	0	0
5|Food chain|General food and retail|GCA_053808835.1_genomic.fna.gz	0	0	1	0	1	1	0	0	0	0	0	1	0	0	0	1	0	0	0	0	1	1	1	0	1	1	0	0	0	0	0	0	0	0	1	0	1	1	0	0	0	0	1	0	0	0	0	1	0	0	0	0	0	1	1	1	0	0	0	0	1	0	0	1	0	1	0	0	0	0	0	1	0	0	0	0	1	0	0	0	0	0	1	0	0	0	0	0	0	0	0	0	0	0	0	0	0	0	0	0
5|Food chain|General food and retail|GCA_053808855.1_genomic.fna.gz	0	0	1	0	1	1	0	0	0	0	0	1	0	0	0	1	0	0	0	0	1	1	1	0	1	1	0	0	0	0	0	0	0	0	1	0	1	1	0	0	0	0	1	0	0	0	0	1	0	0	0	0	0	1	1	1	0	0	0	0	1	0	0	1	0	1	0	0	0	0	0	1	0	0	0	0	1	0	0	0	0	0	1	0	0	0	0	0	0	0	0	0	0	0	0	0	0	0	0	0
13|Food chain|Beef products|GCA_053808875.1_genomic.fna.gz	0	0	0	0	0	0	0	0	0	0	0	0	0	0	0	0	0	0	0	0	0	0	1	1	0	0	0	0	0	0	0	0	0	0	0	0	0	0	1	0	0	0	0	0	0	0	0	0	1	0	0	0	0	0	1	0	0	1	0	0	1	0	0	0	0	1	0	0	1	0	0	0	0	0	0	0	0	1	0	0	1	1	1	0	1	0	0	0	0	0	0	0	0	0	1	0	0	1	0	0
11|Food chain|General food and retail|GCA_053808915.1_genomic.fna.gz	0	0	0	0	0	0	0	0	0	0	0	0	0	0	0	0	0	0	0	0	0	0	0	0	0	0	0	0	0	0	0	0	0	1	0	0	0	1	1	1	0	1	0	1	0	0	0	1	0	0	0	0	0	0	1	0	0	0	0	0	1	0	0	0	0	0	1	1	0	0	1	0	1	0	0	1	0	0	0	1	1	0	0	0	1	0	0	0	0	0	0	0	0	0	0	0	0	1	1	0
9|Food chain|General food and retail|GCA_053808935.1_genomic.fna.gz	0	0	0	0	0	0	0	0	0	0	0	0	0	0	0	0	0	0	0	0	0	0	0	0	0	0	0	0	0	0	0	1	1	1	0	1	0	0	1	0	1	1	1	0	0	1	1	0	0	0	0	0	0	0	0	0	1	0	0	0	0	1	0	0	0	1	1	0	0	0	0	0	0	0	0	1	0	1	0	0	1	0	0	0	1	0	0	0	0	0	1	0	0	0	0	0	1	0	0	0
5|Food chain|Pork products|GCA_053808945.1_genomic.fna.gz	0	0	1	0	1	1	0	0	0	0	0	1	0	0	0	1	0	0	0	0	1	1	1	0	1	1	0	0	0	0	0	0	0	0	1	0	1	1	0	0	0	0	1	0	0	0	0	1	0	0	0	0	0	1	1	1	0	0	0	0	1	0	0	1	0	1	0	0	0	0	0	1	0	0	0	0	1	0	0	0	0	0	1	0	0	0	0	0	0	0	0	0	0	0	0	0	0	0	0	0
5|Food chain|General food and retail|GCA_053808975.1_genomic.fna.gz	0	0	1	0	1	1	0	0	0	0	0	1	0	0	0	1	0	0	0	0	1	1	1	0	1	1	0	0	0	0	0	0	0	0	1	0	1	1	0	0	0	0	1	0	0	0	0	1	0	0	0	0	0	1	1	1	0	0	0	0	1	0	0	1	0	1	0	0	0	0	0	1	0	0	0	0	1	0	0	0	0	0	1	0	0	0	0	0	0	0	0	0	0	0	0	0	0	0	0	0
2|Food chain|General food and retail|GCA_053808995.1_genomic.fna.gz	0	0	0	0	0	0	0	1	1	1	1	0	1	1	0	0	0	0	1	0	1	0	1	0	1	1	0	0	0	0	0	0	1	1	1	1	0	0	1	1	1	0	0	1	1	0	0	1	1	0	0	0	0	0	0	0	0	0	0	0	0	0	0	0	1	0	1	1	0	1	1	0	0	1	1	0	0	1	0	0	0	0	0	1	0	0	0	0	0	0	0	0	0	0	0	0	0	0	0	0
14|Food chain|Pork products|GCA_053809015.1_genomic.fna.gz	0	0	0	0	0	0	0	0	0	0	0	0	0	0	1	0	0	0	0	1	0	0	0	1	0	0	1	0	0	0	0	0	0	0	0	0	0	1	0	0	0	0	0	0	0	0	0	1	1	0	0	0	0	0	0	0	0	0	0	0	0	0	0	1	1	0	0	1	0	0	0	0	1	1	0	0	1	0	0	1	1	0	1	0	0	0	0	0	0	0	0	1	1	1	0	0	0	0	0	0
15|Food chain|Chicken products|GCA_053809035.1_genomic.fna.gz	0	0	0	0	0	0	0	0	0	0	0	0	0	0	1	0	0	0	0	1	0	0	0	1	0	0	1	0	0	0	0	0	0	0	0	0	0	1	0	0	0	0	0	0	0	0	0	0	0	0	0	0	0	0	0	0	0	0	0	0	0	0	0	1	0	0	0	0	0	0	0	0	1	1	0	0	1	0	0	1	1	1	0	0	1	0	0	0	0	0	0	0	1	0	0	0	0	0	0	0
10|Livestock and Other animals|Chicken and poultry birds|GCA_053809055.1_genomic.fna.gz	1	1	0	1	0	0	1	0	0	0	0	1	0	0	0	0	1	1	0	1	0	0	0	1	0	0	1	1	1	0	0	0	0	0	0	0	0	0	0	0	0	0	0	0	0	1	0	0	0	0	0	0	0	0	0	1	0	1	0	1	0	0	1	0	0	0	0	1	1	0	0	0	0	0	0	0	0	0	0	0	0	1	1	0	0	1	1	0	0	0	0	0	0	0	0	0	0	1	0	0
12|Livestock and Other animals|Chicken and poultry birds|GCA_053809155.1_genomic.fna.gz	0	0	0	0	0	0	0	0	1	0	0	0	0	0	0	0	0	0	0	0	1	0	0	1	0	0	0	0	0	0	0	0	1	1	1	0	0	0	1	0	0	0	0	0	0	0	0	0	1	0	0	0	0	0	1	0	0	0	0	0	1	1	1	0	0	0	1	0	0	0	0	1	0	1	0	1	0	0	0	0	0	0	0	0	0	0	0	0	0	0	0	0	0	0	0	0	0	1	0	0
5|Food chain|General food and retail|GCA_053809495.1_genomic.fna.gz	0	0	1	0	1	1	0	0	0	0	0	1	0	0	0	1	0	0	0	0	1	1	1	0	1	1	0	0	0	0	0	0	0	0	1	0	1	1	0	0	0	0	1	0	0	0	0	1	0	0	0	0	0	1	1	1	0	0	0	0	1	0	0	1	0	1	0	0	0	0	0	1	0	0	0	0	1	0	0	0	0	0	1	0	0	0	0	0	0	0	0	0	0	0	0	0	0	0	0	0
3|Food chain|General food and retail|GCA_053809535.1_genomic.fna.gz	0	0	0	0	0	0	0	1	1	1	1	0	1	1	0	0	0	0	1	0	1	0	1	0	1	1	0	0	0	0	0	0	1	1	1	1	0	0	1	1	1	0	0	1	1	0	0	1	1	0	0	0	0	0	0	0	0	0	0	0	0	0	0	0	1	0	1	1	0	1	1	0	0	1	1	0	0	1	0	0	0	0	0	1	0	0	0	0	0	0	0	0	0	0	0	1	0	0	0	0
9|Food chain|Beef products|GCA_053809555.1_genomic.fna.gz	0	0	0	0	0	0	0	0	0	0	0	0	0	0	0	0	0	0	0	0	0	0	0	0	0	0	0	0	0	0	0	1	1	1	0	1	0	0	1	0	1	1	1	0	0	1	1	0	0	0	0	0	0	0	0	0	1	0	0	0	0	1	0	0	0	1	1	0	0	0	0	0	0	0	0	1	0	1	0	0	1	0	0	0	1	0	0	0	0	0	1	0	0	0	0	0	1	0	0	0
8|Food chain|General food and retail|GCA_053809615.1_genomic.fna.gz	0	0	0	0	0	0	0	0	0	0	0	0	0	0	0	0	0	0	0	0	0	0	0	0	0	0	0	0	0	0	0	1	1	1	0	1	0	0	1	0	1	1	1	0	0	1	1	0	0	0	0	0	0	0	0	0	1	0	0	0	0	1	0	0	0	1	1	0	0	0	0	0	0	0	0	1	0	1	0	0	1	0	0	0	1	0	0	0	0	0	1	0	0	0	0	0	0	0	0	0
10|Food chain|Turkey and duck products|GCA_053809655.1_genomic.fna.gz	1	1	0	1	0	0	0	0	0	0	0	1	0	0	0	0	1	1	0	1	0	0	0	1	0	0	1	1	0	1	1	0	0	0	0	0	0	0	0	0	0	0	0	0	0	1	0	0	0	0	0	0	0	0	0	0	0	1	0	0	0	0	1	0	1	0	0	1	1	0	0	0	0	0	0	0	0	0	0	1	0	0	1	0	1	0	0	0	0	0	1	1	0	0	0	0	0	1	0	0
2|Food chain|General food and retail|GCA_053809675.1_genomic.fna.gz	0	0	0	0	0	0	0	1	1	1	1	0	1	1	0	0	0	0	1	0	1	0	1	0	1	1	0	0	0	0	0	0	1	1	1	1	0	0	1	1	1	0	0	1	1	0	0	1	1	0	0	0	0	0	0	0	0	0	0	0	0	0	0	0	1	0	1	1	0	1	1	0	0	1	1	0	0	1	0	0	0	0	0	1	0	0	0	0	0	0	0	0	0	0	0	0	0	0	0	0
8|Food chain|General food and retail|GCA_053809685.1_genomic.fna.gz	0	0	0	0	0	0	0	0	0	0	0	0	0	0	0	0	0	0	0	0	0	0	0	0	0	0	0	0	0	0	0	1	1	1	0	1	0	0	1	0	1	1	1	0	0	1	1	0	0	0	0	0	0	0	0	0	1	0	0	0	0	1	0	0	0	1	1	0	0	0	0	0	0	0	0	1	0	1	0	0	1	0	0	0	1	0	0	0	0	0	1	0	0	0	0	0	0	0	0	0
5|Food chain|Chicken products|GCA_053809755.1_genomic.fna.gz	0	0	1	0	1	1	0	0	0	0	0	1	0	0	0	1	0	0	0	0	1	1	1	0	1	1	0	0	0	0	0	0	0	0	1	0	1	1	0	0	0	0	1	0	0	0	0	1	0	0	0	0	0	1	1	1	0	0	0	0	1	0	0	1	0	1	0	0	0	0	0	1	0	0	0	0	1	0	0	0	0	0	1	0	0	0	0	0	0	0	0	0	0	0	0	0	0	0	0	0
3|Food chain|General food and retail|GCA_053809775.1_genomic.fna.gz	0	0	0	0	0	0	0	1	1	1	1	0	1	1	0	0	0	0	1	0	1	0	1	0	1	1	0	0	0	0	0	0	1	1	1	1	0	0	1	1	1	0	0	1	1	0	0	1	1	0	0	0	0	0	0	0	0	0	0	0	0	0	0	0	1	0	1	1	0	1	1	0	0	1	1	0	0	1	0	0	0	0	0	1	0	0	0	0	0	0	0	0	0	0	0	1	0	0	0	0
15|Livestock and Other animals|Chicken and poultry birds|GCA_053816365.1_genomic.fna.gz	0	0	0	0	0	0	0	0	0	0	0	0	0	0	1	0	0	0	0	1	0	0	0	1	0	0	1	0	0	0	0	0	0	0	0	0	0	1	0	0	0	0	0	0	0	0	0	0	0	0	0	0	0	0	0	0	0	0	0	0	0	0	0	1	0	0	0	0	0	0	0	0	1	1	0	0	1	0	0	1	1	1	0	0	1	0	0	0	0	0	0	0	1	0	0	0	0	0	0	0
5|Food chain|Chicken products|GCA_053816385.1_genomic.fna.gz	0	0	1	0	1	1	0	0	0	0	0	1	0	0	0	1	0	0	0	0	1	1	1	0	1	1	0	0	0	0	0	0	0	0	1	0	1	1	0	0	0	0	1	0	0	0	0	1	0	0	0	0	0	1	1	1	0	0	0	0	1	0	0	1	0	1	0	0	0	0	0	1	0	0	0	0	1	0	0	0	0	0	1	0	0	0	0	0	0	0	0	0	0	0	0	0	0	0	0	0
15|Food chain|Chicken products|GCA_053816435.1_genomic.fna.gz	0	0	0	0	0	0	0	0	0	0	0	0	0	0	1	0	0	0	0	1	0	0	0	1	0	0	1	0	0	0	0	0	0	0	0	0	0	1	0	0	0	0	0	0	0	0	0	0	0	0	0	0	0	0	0	0	0	0	0	0	0	0	0	1	0	0	0	0	0	0	0	0	1	1	0	0	1	0	0	1	1	1	0	0	1	0	0	0	0	0	0	0	1	0	0	0	0	0	0	0
15|Food chain|General food and retail|GCA_053816465.1_genomic.fna.gz	0	0	0	0	0	0	0	0	0	0	0	0	0	0	1	0	0	0	0	1	0	0	0	1	0	0	1	0	0	0	0	0	0	0	0	0	0	1	0	0	0	0	0	0	0	0	0	0	0	0	0	0	0	0	0	0	0	0	0	0	0	0	0	1	0	0	0	0	0	0	0	0	1	1	0	0	1	0	0	1	1	1	0	0	1	0	0	0	0	0	0	0	1	0	0	0	0	0	0	0
14|Livestock and Other animals|Swine|GCA_053816545.1_genomic.fna.gz	0	0	0	0	0	0	0	0	0	0	0	0	0	0	1	0	0	0	0	1	0	0	0	1	0	0	1	0	0	0	0	0	0	0	0	0	0	1	0	0	0	0	0	0	0	0	0	1	1	0	0	0	0	0	0	0	0	0	0	0	0	0	0	1	1	0	0	1	0	0	0	0	1	1	0	0	1	0	0	1	1	0	1	0	0	0	0	0	0	0	0	1	1	1	0	0	0	0	0	0
5|Food chain|Chicken products|GCA_053816585.1_genomic.fna.gz	0	0	1	0	1	1	0	0	0	0	0	1	0	0	0	1	0	0	0	0	1	1	1	0	1	1	0	0	0	0	0	0	0	0	1	0	1	1	0	0	0	0	1	0	0	0	0	1	0	0	0	0	0	1	1	1	0	0	0	0	1	0	0	1	0	1	0	0	0	0	0	1	0	0	0	0	1	0	0	0	0	0	1	0	0	0	0	0	0	0	0	0	0	0	0	0	0	0	0	0
5|Livestock and Other animals|Chicken and poultry birds|GCA_053816605.1_genomic.fna.gz	0	0	1	0	1	1	0	0	0	0	0	1	0	0	0	1	0	0	0	0	1	1	1	0	1	1	0	0	0	0	0	0	0	0	1	0	1	1	0	0	0	0	1	0	0	0	0	1	0	0	0	0	0	1	1	1	0	0	0	0	1	0	0	1	0	1	0	0	0	0	0	1	0	0	0	0	1	0	0	0	0	0	1	0	0	0	0	0	0	0	0	0	0	0	0	0	0	0	0	0
4|Environment|Sediment and waste|GCA_053816825.1_genomic.fna.gz	0	0	0	0	0	0	0	0	0	0	0	0	0	0	0	0	0	0	0	0	0	0	0	0	0	0	0	0	0	0	0	0	1	1	0	0	0	0	1	1	0	1	1	0	1	1	0	0	0	0	0	0	0	0	0	0	1	0	0	0	1	0	0	0	0	0	0	1	0	1	0	0	0	0	0	0	0	0	0	0	0	0	1	0	0	0	0	0	0	0	0	0	0	0	1	0	0	0	1	0
4|Environment|Sediment and waste|GCA_053816925.1_genomic.fna.gz	0	0	0	0	0	0	0	0	0	0	0	0	0	0	0	0	0	0	0	0	0	0	0	0	0	0	0	0	0	0	0	0	1	1	0	0	0	0	1	1	0	1	1	0	1	1	0	0	0	0	0	0	0	0	0	0	1	0	0	0	1	0	0	0	0	0	0	1	0	1	0	0	0	0	0	0	0	0	0	0	0	0	1	0	0	0	0	0	0	0	0	0	0	0	1	0	0	0	1	0
3|Food chain|General food and retail|GCA_053817045.1_genomic.fna.gz	0	0	0	0	0	0	0	1	1	1	1	0	1	1	0	0	0	0	1	0	1	0	1	0	1	1	0	0	0	0	0	0	1	1	1	1	0	0	1	1	1	0	0	1	1	0	0	1	1	0	0	0	0	0	0	0	0	0	0	0	0	0	0	0	1	0	1	1	0	1	1	0	0	1	1	0	0	1	0	0	0	0	0	1	0	0	0	0	0	0	0	0	0	0	0	1	0	0	0	0
4|Environment|Sediment and waste|GCA_053817065.1_genomic.fna.gz	0	0	0	0	0	0	0	0	0	0	0	0	0	0	0	0	0	0	0	0	0	0	0	0	0	0	0	0	0	0	0	0	1	1	0	0	0	0	1	1	0	1	1	0	1	1	0	0	0	0	0	0	0	0	0	0	1	0	0	0	1	0	0	0	0	0	0	1	0	1	0	0	0	0	0	0	0	0	0	0	0	0	1	0	0	0	0	0	0	0	0	0	0	0	1	0	0	0	1	0
3|Food chain|General food and retail|GCA_053817085.1_genomic.fna.gz	0	0	0	0	0	0	0	1	1	1	1	0	1	1	0	0	0	0	1	0	1	0	1	0	1	1	0	0	0	0	0	0	1	1	1	1	0	0	1	1	1	0	0	1	1	0	0	1	1	0	0	0	0	0	0	0	0	0	0	0	0	0	0	0	1	0	1	1	0	1	1	0	0	1	1	0	0	1	0	0	0	0	0	1	0	0	0	0	0	0	0	0	0	0	0	1	0	0	0	0
4|Food chain|General food and retail|GCA_053817205.1_genomic.fna.gz	0	0	0	0	0	0	0	0	0	0	0	0	0	0	0	0	0	0	0	0	0	0	0	0	0	0	0	0	0	0	0	0	1	1	0	0	0	0	1	1	0	1	1	0	1	1	0	0	0	0	0	0	0	0	0	0	1	0	0	0	1	0	0	0	0	0	0	1	0	1	0	0	0	0	0	0	0	0	0	0	0	0	1	0	0	0	0	0	0	0	0	0	0	0	1	0	0	0	1	0
4|Environment|Sediment and waste|GCA_053817225.1_genomic.fna.gz	0	0	0	0	0	0	0	0	0	0	0	0	0	0	0	0	0	0	0	0	0	0	0	0	0	0	0	0	0	0	0	0	1	1	0	0	0	0	1	1	0	1	1	0	1	1	0	0	0	0	0	0	0	0	0	0	1	0	0	0	1	0	0	0	0	0	0	1	0	1	0	0	0	0	0	0	0	0	0	0	0	0	1	0	0	0	0	0	0	0	0	0	0	0	1	0	0	0	1	0
2|Livestock and Other animals|Chicken and poultry birds|GCA_053832525.1_genomic.fna.gz	0	0	0	0	0	0	0	1	1	1	1	0	1	1	0	0	0	0	1	0	1	0	1	0	1	1	0	0	0	0	0	0	1	1	1	1	0	0	1	1	1	0	0	1	1	0	0	1	1	0	0	0	0	0	0	0	0	0	0	0	0	0	0	0	1	0	1	1	0	1	1	0	0	1	1	0	0	1	0	0	0	0	0	1	0	0	0	0	0	0	0	0	0	0	0	0	0	0	0	0
8|Environment|Sediment and waste|GCA_053832975.1_genomic.fna.gz	0	0	0	0	0	0	0	0	0	0	0	0	0	0	0	0	0	0	0	0	0	0	0	0	0	0	0	0	0	0	0	1	1	1	0	1	0	0	1	0	1	1	1	0	0	1	1	0	0	0	0	0	0	0	0	0	1	0	0	0	0	1	0	0	0	1	1	0	0	0	0	0	0	0	0	1	0	1	0	0	1	0	0	0	1	0	0	0	0	0	1	0	0	0	0	0	0	0	0	0
5|Food chain|Chicken products|GCA_053833375.1_genomic.fna.gz	0	0	1	0	1	1	0	0	0	0	0	1	0	0	0	1	0	0	0	0	1	1	1	0	1	1	0	0	0	0	0	0	0	0	1	0	1	1	0	0	0	0	1	0	0	0	0	1	0	0	0	0	0	1	1	1	0	0	0	0	1	0	0	1	0	1	0	0	0	0	0	1	0	0	0	0	1	0	0	0	0	0	1	0	0	0	0	0	0	0	0	0	0	0	0	0	0	0	0	0
5|Food chain|Chicken products|GCA_053833435.1_genomic.fna.gz	0	0	1	0	1	1	0	0	0	0	0	1	0	0	0	1	0	0	0	0	1	1	1	0	1	1	0	0	0	0	0	0	0	0	1	0	1	1	0	0	0	0	1	0	0	0	0	1	0	0	0	0	0	1	1	1	0	0	0	0	1	0	0	1	0	1	0	0	0	0	0	1	0	0	0	0	1	0	0	0	0	0	1	0	0	0	0	0	0	0	0	0	0	0	0	0	0	0	0	0
5|Food chain|Chicken products|GCA_053833485.1_genomic.fna.gz	0	0	1	0	1	1	0	0	0	0	0	1	0	0	0	1	0	0	0	0	1	1	1	0	1	1	0	0	0	0	0	0	0	0	1	0	1	1	0	0	0	0	1	0	0	0	0	1	0	0	0	0	0	1	1	1	0	0	0	0	1	0	0	1	0	1	0	0	0	0	0	1	0	0	0	0	1	0	0	0	0	0	1	0	0	0	0	0	0	0	0	0	0	0	0	0	0	0	0	0
2|Environment|Sediment and waste|GCA_053834985.1_genomic.fna.gz	0	0	0	0	0	0	0	1	1	1	1	0	1	1	0	0	0	0	1	0	1	0	1	0	1	1	0	0	0	0	0	0	1	1	1	1	0	0	1	1	1	0	0	1	1	0	1	1	1	0	0	0	0	0	0	0	0	0	0	0	0	0	0	0	1	0	1	1	0	1	1	0	0	1	1	0	0	1	0	0	0	0	0	1	0	0	0	0	0	0	0	0	0	0	0	0	0	0	0	0
2|Environment|Sediment and waste|GCA_053835335.1_genomic.fna.gz	0	0	0	0	0	0	0	1	1	1	1	0	1	1	0	0	0	0	1	0	1	0	1	0	1	1	0	0	0	0	0	0	1	1	1	1	0	0	1	1	1	0	0	1	1	0	1	1	1	0	0	0	0	0	0	0	0	0	0	0	0	0	0	0	1	0	1	1	0	1	1	0	0	1	1	0	0	1	0	0	0	0	0	1	0	0	0	0	0	0	0	0	0	0	0	0	0	0	0	0
9|Food chain|Chicken products|GCA_053843015.1_genomic.fna.gz	0	0	0	0	0	0	0	0	0	0	0	0	0	0	0	0	0	0	0	0	0	0	0	0	0	0	0	0	0	0	0	1	1	1	0	1	0	0	1	0	1	1	1	0	0	1	1	0	0	0	0	0	0	0	0	0	1	0	0	0	0	1	0	0	0	1	1	0	0	0	0	0	0	0	0	1	0	1	0	0	1	0	0	0	1	0	0	0	0	0	1	0	0	0	0	0	1	0	0	0
9|Human clinical|Blood and tissues|GCA_053843035.1_genomic.fna.gz	0	0	0	0	0	0	0	0	0	0	0	0	0	0	0	0	0	0	0	0	0	0	0	0	0	0	0	0	0	0	0	1	1	1	0	1	0	0	1	0	1	1	1	0	0	1	1	0	0	0	0	0	0	0	0	0	1	0	0	0	0	1	0	0	0	1	1	0	0	0	0	0	0	0	0	1	0	1	0	0	1	0	0	0	1	0	0	0	0	0	1	0	0	0	0	0	1	0	0	0
8|Livestock and Other animals|Animal organs and body sites|GCA_053843155.1_genomic.fna.gz	0	0	0	0	0	0	0	0	0	0	0	0	0	0	0	0	0	0	0	0	0	0	0	0	0	0	0	0	0	0	0	1	1	1	0	1	0	0	1	0	1	1	1	0	0	1	1	0	0	0	0	0	0	0	0	0	1	0	0	0	0	1	0	0	0	1	1	0	0	0	0	0	0	0	0	1	0	1	0	0	1	0	0	0	1	0	0	0	0	0	1	0	0	0	0	0	0	0	0	0
3|Food chain|Chicken products|GCA_053844455.1_genomic.fna.gz	0	0	0	0	0	0	0	1	1	1	1	0	1	1	0	0	0	0	1	0	1	0	1	0	1	1	0	0	0	0	0	0	1	1	1	1	0	0	1	1	1	0	0	1	1	0	0	1	1	0	0	0	0	0	0	0	0	0	0	0	0	0	0	0	1	0	1	1	0	1	1	0	0	1	1	0	0	1	0	0	0	0	0	1	0	0	0	0	0	0	0	0	0	0	0	1	0	0	0	0
2|Food chain|General food and retail|GCA_053844495.1_genomic.fna.gz	0	0	0	0	0	0	0	1	1	1	1	0	1	1	0	0	0	0	1	0	1	0	1	0	1	1	0	0	0	0	0	0	1	1	1	1	0	0	1	1	1	0	0	1	1	0	0	1	1	0	0	0	0	0	0	0	0	0	0	0	0	0	0	0	1	0	1	1	0	1	1	0	0	1	1	0	0	1	0	0	0	0	0	1	0	0	0	0	0	0	0	0	0	0	0	0	0	0	0	0
15|Food chain|Chicken products|GCA_053844515.1_genomic.fna.gz	0	0	0	0	0	0	0	0	0	0	0	0	0	0	1	0	0	0	0	1	0	0	0	1	0	0	1	0	0	0	0	0	0	0	0	0	0	1	0	0	0	0	0	0	0	0	0	0	0	0	0	0	0	0	0	0	0	0	0	0	0	0	0	1	0	0	0	0	0	0	0	0	1	1	0	0	1	0	0	1	1	1	0	0	1	0	0	0	0	0	0	0	1	0	0	0	0	0	0	0
5|Food chain|Chicken products|GCA_053844535.1_genomic.fna.gz	0	0	1	0	1	1	0	0	0	0	0	1	0	0	0	1	0	0	0	0	1	1	1	0	1	1	0	0	0	0	0	0	0	0	1	0	1	1	0	0	0	0	1	0	0	0	0	1	0	0	0	0	0	1	1	1	0	0	0	0	1	0	0	1	0	1	0	0	0	0	0	1	0	0	0	0	1	0	0	0	0	0	1	0	0	0	0	0	0	0	0	0	0	0	0	0	0	0	0	0
4|Food chain|General food and retail|GCA_053844635.1_genomic.fna.gz	0	0	0	0	0	0	0	0	0	0	0	0	0	0	0	0	0	0	0	0	0	0	0	0	0	0	0	0	0	0	0	0	1	1	0	0	0	0	1	1	0	1	1	0	1	1	0	0	0	0	0	0	0	0	0	0	1	0	0	0	1	0	0	0	0	0	0	1	0	1	0	0	0	0	0	0	0	0	0	0	0	0	1	0	0	0	0	0	0	0	0	0	0	0	1	0	0	0	1	0
7|Environment|Water and wastewater|GCA_053845625.1_genomic.fna.gz	0	0	0	0	0	0	0	0	0	0	0	0	0	0	0	0	0	0	0	0	0	0	0	0	0	0	0	0	0	0	0	0	1	1	0	0	0	0	0	0	1	0	1	1	0	0	0	0	0	0	0	0	0	0	0	0	1	0	0	0	0	0	0	0	0	0	0	1	0	0	1	0	0	0	0	1	1	1	0	0	0	0	0	0	0	0	0	0	0	0	1	0	0	0	0	0	0	0	0	1
4|Environment|Water and wastewater|GCA_053845655.1_genomic.fna.gz	0	0	0	0	0	0	0	0	0	0	0	0	0	0	0	0	0	0	0	0	0	0	0	0	0	0	0	0	0	0	0	0	1	1	0	0	0	0	1	1	0	1	1	0	1	1	0	0	0	0	0	0	0	0	0	0	1	0	0	0	1	0	0	0	0	0	0	1	0	1	0	0	0	0	0	0	0	0	0	0	0	0	1	0	0	0	0	0	0	0	0	0	0	0	1	0	0	0	1	0
4|Environment|Water and wastewater|GCA_053845675.1_genomic.fna.gz	0	0	0	0	0	0	0	0	0	0	0	0	0	0	0	0	0	0	0	0	0	0	0	0	0	0	0	0	0	0	0	0	1	1	0	0	0	0	1	1	0	1	1	0	1	1	0	0	0	0	0	0	0	0	0	0	1	0	0	0	1	0	0	0	0	0	0	1	0	1	0	0	0	0	0	0	0	0	0	0	0	0	1	0	0	0	0	0	0	0	0	0	0	0	1	0	0	0	1	0
12|Environment|Water and wastewater|GCA_053845765.1_genomic.fna.gz	0	0	0	0	0	0	0	0	1	0	0	0	0	0	0	0	0	0	0	0	1	0	0	1	0	0	0	0	0	0	0	0	1	1	1	0	0	0	1	0	0	0	0	0	0	0	0	0	1	0	0	0	0	0	1	0	0	0	0	0	1	1	1	0	0	0	1	0	0	0	0	1	0	1	0	1	0	0	0	0	0	0	0	0	0	0	0	0	0	0	0	0	0	0	0	0	0	1	0	0
7|Environment|Water and wastewater|GCA_053845785.1_genomic.fna.gz	0	0	0	0	0	0	0	0	0	0	0	0	0	0	0	0	0	0	0	0	0	0	0	0	0	0	0	0	0	0	0	0	1	1	0	0	0	0	0	0	1	0	1	1	0	0	0	0	0	0	0	0	0	0	0	0	1	0	0	0	0	0	0	0	0	0	0	1	0	0	1	0	0	0	0	1	1	1	0	0	0	0	0	0	0	0	0	0	0	0	1	0	0	0	0	0	0	0	0	1
12|Environment|Water and wastewater|GCA_053845845.1_genomic.fna.gz	0	0	0	0	0	0	0	0	0	0	0	0	0	0	0	0	0	0	0	0	1	0	0	0	0	0	0	0	0	0	0	0	1	0	0	0	0	0	1	0	1	1	0	0	0	0	0	0	1	0	0	0	0	0	0	0	0	0	0	0	1	1	1	0	1	0	0	1	0	0	0	1	0	1	0	1	0	0	0	0	0	0	0	0	1	0	0	0	0	0	0	0	0	0	0	0	0	1	1	1
12|Environment|Water and wastewater|GCA_053845855.1_genomic.fna.gz	0	0	0	0	0	0	0	0	0	0	0	0	0	0	0	0	0	0	0	0	1	0	0	0	0	0	0	0	0	0	0	0	1	0	0	0	0	0	1	0	1	1	0	0	0	0	0	0	1	0	0	0	0	0	0	0	0	0	0	0	1	1	1	0	1	0	0	1	0	0	0	1	0	1	0	1	0	0	0	0	0	0	0	0	1	0	0	0	0	0	0	0	0	0	0	0	0	1	1	1
7|Environment|Water and wastewater|GCA_053845905.1_genomic.fna.gz	0	0	0	0	0	0	0	0	0	0	0	0	0	0	0	0	0	0	0	0	0	0	0	0	0	0	0	0	0	0	0	0	1	1	0	0	0	0	0	0	1	0	1	1	0	0	0	0	0	0	0	0	0	0	0	0	1	0	0	0	0	0	0	0	0	0	0	1	0	0	1	0	0	0	0	1	1	1	0	0	0	0	0	0	0	0	0	0	0	0	1	0	0	0	0	0	0	0	0	1
7|Environment|Water and wastewater|GCA_053845965.1_genomic.fna.gz	0	0	0	0	0	0	0	0	0	0	0	0	0	0	0	0	0	0	0	0	0	0	0	0	0	0	0	0	0	0	0	0	1	1	0	0	0	0	0	0	1	0	1	1	0	0	0	0	0	0	0	0	0	0	0	0	1	0	0	0	0	0	0	0	0	0	0	1	0	0	1	0	0	0	0	1	1	1	0	0	0	0	0	0	0	0	0	0	0	0	1	0	0	0	0	0	0	0	0	1
7|Environment|Water and wastewater|GCA_053845985.1_genomic.fna.gz	0	0	0	0	0	0	0	0	0	0	0	0	0	0	0	0	0	0	0	0	0	0	0	0	0	0	0	0	0	0	0	0	1	1	0	0	0	0	0	0	1	0	1	1	0	0	0	0	0	0	0	0	0	0	0	0	1	0	0	0	0	0	0	0	0	0	0	1	0	0	1	0	0	0	0	1	1	1	0	0	0	0	0	0	0	0	0	0	0	0	1	0	0	0	0	0	0	0	0	1
7|Environment|Water and wastewater|GCA_053846005.1_genomic.fna.gz	0	0	0	0	0	0	0	0	0	0	0	0	0	0	0	0	0	0	0	0	0	0	0	0	0	0	0	0	0	0	0	0	1	1	0	0	0	0	0	0	1	0	1	1	0	0	0	0	0	0	0	0	0	0	0	0	1	0	0	0	0	0	0	0	0	0	0	1	0	0	1	0	0	0	0	1	1	1	0	0	0	0	0	0	0	0	0	0	0	0	1	0	0	0	0	0	0	0	0	1
7|Environment|Water and wastewater|GCA_053846025.1_genomic.fna.gz	0	0	0	0	0	0	0	0	0	0	0	0	0	0	0	0	0	0	0	0	0	0	0	0	0	0	0	0	0	0	0	0	1	1	0	0	0	0	0	0	1	0	1	1	0	0	0	0	0	0	0	0	0	0	0	0	1	0	0	0	0	0	0	0	0	0	0	1	0	0	1	0	0	0	0	1	1	1	0	0	0	0	0	0	0	0	0	0	0	0	1	0	0	0	0	0	0	0	0	1
11|Environment|Water and wastewater|GCA_053846045.1_genomic.fna.gz	0	0	0	0	0	0	0	0	0	0	0	0	0	0	0	0	0	0	0	0	0	0	0	0	0	0	0	0	0	0	0	0	0	1	0	0	0	1	1	1	0	1	0	1	0	0	0	1	0	0	0	0	0	0	1	0	0	0	0	0	1	0	0	0	0	0	1	1	0	0	1	0	1	0	0	1	0	0	0	1	1	0	0	0	1	0	0	0	0	0	0	0	0	0	0	0	0	1	1	0
6|Environment|Water and wastewater|GCA_053846065.1_genomic.fna.gz	0	0	0	0	0	0	0	0	0	0	0	0	0	0	0	0	0	0	0	0	0	0	0	0	0	0	0	0	0	0	0	0	0	0	0	0	0	1	0	0	1	0	0	0	0	0	0	0	1	0	0	0	0	0	1	0	0	0	0	0	0	1	0	0	0	0	1	0	0	0	1	0	1	0	0	0	1	1	0	0	1	0	0	0	0	0	0	0	0	0	1	0	0	0	0	0	0	1	0	1
10|Environment|Water and wastewater|GCA_053846085.1_genomic.fna.gz	1	1	0	1	0	0	1	0	0	0	0	1	0	0	0	0	1	1	0	1	0	0	0	1	0	0	1	1	1	0	0	0	0	0	0	0	0	0	0	0	0	0	0	0	0	1	0	0	0	0	0	0	0	0	0	1	0	1	0	1	0	0	1	0	1	0	0	1	1	0	0	0	0	0	0	0	1	0	0	1	0	0	1	0	0	0	0	0	0	0	0	0	0	0	0	0	0	1	0	0
7|Environment|Water and wastewater|GCA_053846105.1_genomic.fna.gz	0	0	0	0	0	0	0	0	0	0	0	0	0	0	0	0	0	0	0	0	0	0	0	0	0	0	0	0	0	0	0	0	1	1	0	0	0	0	0	0	1	0	1	1	0	0	0	0	0	0	0	0	0	0	0	0	1	0	0	0	0	0	0	0	0	0	0	1	0	0	1	0	0	0	0	1	1	1	0	0	0	0	0	0	0	0	0	0	0	0	1	0	0	0	0	0	0	0	0	1
12|Environment|Water and wastewater|GCA_053846145.1_genomic.fna.gz	0	0	0	0	0	0	0	0	0	0	0	0	0	0	0	0	0	0	0	0	1	0	0	0	0	0	0	0	0	0	0	0	1	0	0	0	0	0	1	0	1	1	0	0	0	0	0	0	1	0	0	0	0	0	0	0	0	0	0	0	1	1	1	0	1	0	0	1	0	0	0	1	0	1	0	1	0	0	0	0	0	0	0	0	1	0	0	0	0	0	0	0	0	0	0	0	0	1	1	1
4|Environment|Water and wastewater|GCA_053846165.1_genomic.fna.gz	0	0	0	0	0	0	0	0	0	0	0	0	0	0	0	0	0	0	0	0	0	0	0	0	0	0	0	0	0	0	0	0	1	1	0	0	0	0	1	1	0	1	1	0	1	1	0	0	0	0	0	0	0	0	0	0	1	0	0	0	1	0	0	0	0	0	0	1	0	1	0	0	0	0	0	0	0	0	0	0	0	0	1	0	0	0	0	0	0	0	0	0	0	0	1	0	0	0	1	0
12|Environment|Water and wastewater|GCA_053846385.1_genomic.fna.gz	0	0	0	0	0	0	0	0	0	0	0	0	0	0	0	0	0	0	0	0	1	0	0	0	0	0	0	0	0	0	0	0	1	0	0	0	0	0	1	0	1	1	0	0	0	0	0	0	1	0	0	0	0	0	0	0	0	0	0	0	1	1	1	0	1	0	0	1	0	0	0	1	0	1	0	1	0	0	0	0	0	0	0	0	1	0	0	0	0	0	0	0	0	0	0	0	0	1	1	1
12|Environment|Water and wastewater|GCA_053846485.1_genomic.fna.gz	0	0	0	0	0	0	0	0	1	0	0	0	0	0	0	0	0	0	0	0	1	0	0	1	0	0	0	0	0	0	0	0	1	1	1	0	0	0	1	0	0	0	0	0	0	0	0	0	1	0	0	0	0	0	1	0	0	0	0	0	1	1	1	0	0	0	1	0	0	0	0	1	0	1	0	1	0	0	0	0	0	0	0	0	0	0	0	0	0	0	0	0	0	0	0	0	0	1	0	0
12|Environment|Water and wastewater|GCA_053846845.1_genomic.fna.gz	0	0	0	0	0	0	0	0	0	0	0	0	0	0	0	0	0	0	0	0	1	0	0	0	0	0	0	0	0	0	0	0	1	0	0	0	0	0	1	0	1	1	0	0	0	0	0	0	1	0	0	0	0	0	0	0	0	0	0	0	1	1	1	0	1	0	0	1	0	0	0	1	0	1	0	1	0	0	0	0	0	0	0	0	1	0	0	0	0	0	0	0	0	0	0	0	0	1	1	1
10|Food chain|General food and retail|GCA_053875275.1_genomic.fna.gz	1	1	0	1	0	0	1	0	0	0	0	1	0	0	0	0	1	1	0	1	0	0	0	1	0	0	1	1	1	0	0	0	0	0	0	0	0	0	0	0	0	0	0	0	0	1	0	0	0	0	0	0	0	0	0	1	0	1	0	1	0	0	1	0	0	0	0	1	1	0	0	0	0	0	0	0	0	0	0	0	0	1	1	0	0	1	1	0	0	0	0	0	0	0	0	0	0	1	0	0
3|Food chain|General food and retail|GCA_053875295.1_genomic.fna.gz	0	0	0	0	0	0	0	1	1	1	1	0	1	1	0	0	0	0	1	0	1	0	1	0	1	1	0	0	0	0	0	0	1	1	1	1	0	0	1	1	1	0	0	1	1	0	0	1	1	0	0	0	0	0	0	0	0	0	0	0	0	0	0	0	1	0	1	1	0	1	1	0	0	1	1	0	0	1	0	0	0	0	0	1	0	0	0	0	0	0	0	0	0	0	0	1	0	0	0	0
15|Food chain|General food and retail|GCA_053875315.1_genomic.fna.gz	0	0	0	0	0	0	0	0	0	0	0	0	0	0	1	0	0	0	0	1	0	0	0	1	0	0	1	0	0	0	0	0	0	0	0	0	0	1	0	0	0	0	0	0	0	0	0	0	0	0	0	0	0	0	0	0	0	0	0	0	0	0	0	1	0	0	0	0	0	0	0	0	1	1	0	0	1	0	0	1	1	1	0	0	1	0	0	0	0	0	0	0	1	0	0	0	0	0	0	0
5|Food chain|General food and retail|GCA_053875375.1_genomic.fna.gz	0	0	1	0	1	1	0	0	0	0	0	1	0	0	0	1	0	0	0	0	1	1	1	0	1	1	0	0	0	0	0	0	0	0	1	0	1	1	0	0	0	0	1	0	0	0	0	1	0	0	0	0	0	1	1	1	0	0	0	0	1	0	0	1	0	1	0	0	0	0	0	1	0	0	0	0	1	0	0	0	0	0	1	0	0	0	0	0	0	0	0	0	0	0	0	0	0	0	0	0
3|Food chain|General food and retail|GCA_053875815.1_genomic.fna.gz	0	0	0	0	0	0	0	1	1	1	1	0	1	1	0	0	0	0	1	0	1	0	1	0	1	1	0	0	0	0	0	0	1	1	1	1	0	0	1	1	1	0	0	1	1	0	0	1	1	0	0	0	0	0	0	0	0	0	0	0	0	0	0	0	1	0	1	1	0	1	1	0	0	1	1	0	0	1	0	0	0	0	0	1	0	0	0	0	0	0	0	0	0	0	0	1	0	0	0	0
11|Environment|Water and wastewater|GCA_053877215.1_genomic.fna.gz	0	0	0	0	0	0	0	0	0	0	0	0	0	0	0	0	0	0	0	0	0	0	0	0	0	0	0	0	0	0	0	0	0	1	0	0	0	1	1	1	0	1	0	1	0	0	0	1	0	0	0	0	0	0	1	0	0	0	0	0	1	0	0	0	0	0	1	1	0	0	1	0	1	0	0	1	0	0	0	1	1	0	0	0	1	0	0	0	0	0	0	0	0	0	0	0	0	1	1	0
11|Environment|Water and wastewater|GCA_053877235.1_genomic.fna.gz	0	0	0	0	0	0	0	0	0	0	0	0	0	0	0	0	0	0	0	0	0	0	0	0	0	0	0	0	0	0	0	0	0	1	0	0	0	1	1	1	0	1	0	1	0	0	0	1	0	0	0	0	0	0	1	0	0	0	0	0	1	0	0	0	0	0	1	1	0	0	1	0	1	0	0	1	0	0	0	1	1	0	0	0	1	0	0	0	0	0	0	0	0	0	0	0	0	1	1	0
5|Livestock and Other animals|Chicken and poultry birds|GCA_053877455.1_genomic.fna.gz	0	0	1	0	1	1	0	0	0	0	0	1	0	0	0	1	0	0	0	0	1	1	1	1	1	1	0	0	0	0	0	0	1	0	1	0	1	1	0	0	0	0	1	0	0	0	0	1	0	0	0	0	0	1	1	1	0	0	0	0	1	0	0	1	0	1	0	0	0	0	0	1	0	0	0	0	1	0	0	0	0	0	1	0	0	0	0	0	0	0	0	0	0	0	0	0	0	0	0	0
5|Livestock and Other animals|Chicken and poultry birds|GCA_053878025.1_genomic.fna.gz	0	0	1	0	1	1	0	0	0	0	1	1	0	0	0	1	0	0	0	0	1	1	1	0	1	1	0	0	0	0	0	0	0	0	1	0	1	1	0	0	0	0	1	0	0	0	0	1	0	0	0	0	0	1	1	1	0	0	0	0	1	0	0	1	0	1	0	0	0	0	0	1	0	0	0	0	1	0	0	0	0	0	1	0	0	0	0	0	0	0	0	0	0	0	0	0	0	0	0	0
10|Environment|Environmental swabs and sponges|GCA_053879575.1_genomic.fna.gz	1	1	0	1	0	0	1	0	0	0	0	1	0	0	0	0	1	1	0	1	0	0	0	1	0	0	1	1	1	0	0	0	0	0	0	0	0	0	0	0	0	0	0	0	0	1	0	0	0	0	0	0	0	0	0	1	0	1	0	1	0	0	1	0	0	0	0	1	1	0	0	0	0	0	0	0	0	0	0	0	0	1	1	0	0	1	1	0	0	0	0	0	0	0	0	0	0	1	0	0
10|Environment|Environmental swabs and sponges|GCA_053879595.1_genomic.fna.gz	1	1	0	1	0	0	1	0	0	0	0	1	0	0	0	0	1	1	0	1	0	0	0	1	0	0	1	1	1	0	0	0	0	0	0	0	0	0	0	0	0	0	0	0	0	1	0	0	0	0	0	0	0	0	0	1	0	1	0	1	0	0	1	0	0	0	0	1	1	0	0	0	0	0	0	0	0	0	0	0	0	1	1	0	0	1	1	0	0	0	0	0	0	0	0	0	0	1	0	0
10|Environment|Environmental swabs and sponges|GCA_053879695.1_genomic.fna.gz	1	1	0	1	0	0	1	0	0	0	0	1	0	0	0	0	1	1	0	1	0	0	0	1	0	0	1	1	1	0	0	0	0	0	0	0	0	0	0	0	0	0	0	0	0	1	0	0	0	0	0	0	0	0	0	1	0	1	0	1	0	0	1	0	0	0	0	1	1	0	0	0	0	0	0	0	0	0	0	0	0	1	1	0	0	1	1	0	0	0	0	0	0	0	0	0	0	1	0	0
4|Food chain|General food and retail|GCA_053882255.1_genomic.fna.gz	0	0	0	0	0	0	0	0	0	0	0	0	0	0	0	0	0	0	0	0	0	0	0	0	0	0	0	0	0	0	0	0	1	1	0	0	0	0	1	1	0	1	1	0	1	1	0	0	0	0	0	0	0	0	0	0	1	0	0	0	1	0	0	0	0	0	0	1	0	1	0	0	0	0	0	0	0	0	0	0	0	0	1	0	0	0	0	0	0	0	0	0	0	0	1	0	0	0	1	0
5|Food chain|Chicken products|GCA_053882275.1_genomic.fna.gz	0	0	1	0	1	1	0	0	0	0	0	1	0	0	0	1	0	0	0	0	1	1	1	0	1	1	0	0	0	0	0	0	0	0	1	0	1	1	0	0	0	0	1	0	0	0	0	1	0	0	0	0	0	1	1	1	0	0	0	0	1	0	0	1	0	1	0	0	0	0	0	1	0	0	0	0	1	0	0	0	0	0	1	0	0	0	0	0	0	0	0	0	0	0	0	0	0	0	0	0
5|Food chain|Chicken products|GCA_053882315.1_genomic.fna.gz	0	0	1	0	1	1	0	0	0	0	0	1	0	0	0	1	0	0	0	0	1	1	1	0	1	1	0	0	0	0	0	0	0	0	1	0	1	1	0	0	0	0	1	0	0	0	0	1	0	0	0	0	0	1	1	1	0	0	0	0	1	0	0	1	0	1	0	0	0	0	0	1	0	0	0	0	1	0	0	0	0	0	1	0	0	0	0	0	0	0	0	0	0	0	0	0	0	0	0	0
5|Food chain|Chicken products|GCA_053882335.1_genomic.fna.gz	0	0	1	0	1	1	0	0	0	0	0	1	0	0	0	1	0	0	0	0	1	1	1	0	1	1	0	0	0	0	0	0	0	0	1	0	1	1	0	0	0	0	1	0	0	0	0	1	0	0	0	0	0	1	1	1	0	0	0	0	1	0	0	1	0	1	0	0	0	0	0	1	0	0	0	0	1	0	0	0	0	0	1	0	0	0	0	0	0	0	0	0	0	0	0	0	0	0	0	0
5|Food chain|Chicken products|GCA_053882375.1_genomic.fna.gz	0	0	1	0	1	1	0	0	0	0	0	1	0	0	0	1	0	0	0	0	1	1	1	0	1	1	0	0	0	0	0	0	0	0	1	0	1	1	0	0	0	0	1	0	0	0	0	1	0	0	0	0	0	1	1	1	0	0	0	0	1	0	0	1	0	1	0	0	0	0	0	1	0	0	0	0	1	0	0	0	0	0	1	0	0	0	0	0	0	0	0	0	0	0	0	0	0	0	0	0
5|Food chain|General food and retail|GCA_053882415.1_genomic.fna.gz	0	0	1	0	1	1	0	0	0	0	0	1	0	0	0	1	0	0	0	0	1	1	1	0	1	1	0	0	0	0	0	0	0	0	1	0	1	1	0	0	0	0	1	0	0	0	0	1	0	0	0	0	0	1	1	1	0	0	0	0	1	0	0	1	0	1	0	0	0	0	0	1	0	0	0	0	1	0	0	0	0	0	1	0	0	0	0	0	0	0	0	0	0	0	0	0	0	0	0	0
3|Food chain|General food and retail|GCA_053882435.1_genomic.fna.gz	0	0	0	0	0	0	0	1	1	1	1	0	1	1	0	0	0	0	1	0	1	0	1	0	1	1	0	0	0	0	0	0	1	1	1	1	0	0	1	1	1	0	0	1	1	0	0	1	1	0	0	0	0	0	0	0	0	0	0	0	0	0	0	0	1	0	1	1	0	1	1	0	0	1	1	0	0	1	0	0	0	0	0	1	0	0	0	0	0	0	0	0	0	0	0	1	0	0	0	0
10|Food chain|Turkey and duck products|GCA_053882455.1_genomic.fna.gz	1	1	0	1	0	0	1	0	0	0	0	1	0	0	0	0	1	1	0	1	0	0	0	1	0	0	1	1	1	0	0	0	0	0	0	0	0	0	0	0	0	0	0	0	0	1	0	0	0	0	0	0	0	0	0	1	0	1	0	1	0	0	1	0	0	0	0	1	1	0	0	0	0	0	0	0	0	0	0	0	0	1	1	0	0	1	1	0	0	0	0	0	0	0	0	0	0	1	0	0
3|Food chain|General food and retail|GCA_053882475.1_genomic.fna.gz	0	0	0	0	0	0	0	1	1	1	1	0	1	1	0	0	0	0	1	0	1	0	1	0	1	1	0	0	0	0	0	0	1	1	1	1	0	0	1	1	1	0	0	1	1	0	0	1	1	0	0	0	0	0	0	0	0	0	0	0	0	0	0	0	1	0	1	1	0	1	1	0	0	1	1	0	0	1	0	0	0	0	0	1	0	0	0	0	0	0	0	0	0	0	0	1	0	0	0	0
10|Environment|Environmental swabs and sponges|GCA_053887515.1_genomic.fna.gz	1	1	0	1	0	0	1	0	0	0	0	1	0	0	0	0	1	1	0	1	0	0	0	1	0	0	1	1	1	0	0	0	0	0	0	0	0	0	0	0	0	0	0	0	0	1	0	0	0	0	0	0	0	0	0	1	0	1	0	1	0	0	1	0	0	0	0	1	1	0	0	0	0	0	0	0	0	0	0	0	0	1	1	0	0	1	1	0	0	0	0	0	0	0	0	0	0	1	0	0
8|Food chain|Chicken products|GCA_053887575.1_genomic.fna.gz	0	0	0	0	0	0	0	0	0	0	0	0	0	0	0	0	0	0	0	0	0	0	0	0	0	0	0	0	0	0	0	1	1	1	0	1	0	0	1	0	1	1	1	0	0	1	1	0	0	0	0	0	0	0	0	0	1	0	0	0	0	1	0	0	0	1	1	0	0	0	0	0	0	0	0	1	0	1	0	0	1	0	0	0	1	0	0	0	0	0	1	0	0	0	0	0	0	0	0	0
4|Environment|Environmental swabs and sponges|GCA_053887755.1_genomic.fna.gz	0	0	0	0	0	0	0	0	0	0	0	0	0	0	0	0	0	0	0	0	0	0	0	0	0	0	0	0	0	0	0	0	1	1	0	0	0	0	1	1	0	1	1	0	1	1	0	0	0	0	0	0	0	0	0	0	1	0	0	0	1	0	0	0	0	0	0	1	0	1	0	0	0	0	0	0	0	0	0	0	0	0	1	0	0	0	0	0	0	0	0	0	0	0	1	0	0	0	1	0
10|Environment|Environmental swabs and sponges|GCA_053887795.1_genomic.fna.gz	1	1	0	1	0	0	1	0	0	0	0	1	0	0	0	0	1	1	0	1	0	0	0	1	0	0	1	1	1	0	0	0	0	0	0	0	0	0	0	0	0	0	0	0	0	1	0	0	0	0	0	0	0	0	0	1	0	1	0	1	0	0	1	0	0	0	0	1	1	0	0	0	0	0	0	0	0	0	0	0	0	1	1	0	0	1	1	0	0	0	0	0	0	0	0	0	0	1	0	0
11|Environment|Water and wastewater|GCA_053888315.1_genomic.fna.gz	0	0	0	0	0	0	0	0	0	0	0	0	0	0	0	0	0	0	0	0	0	0	0	0	0	0	0	0	0	0	0	0	0	1	0	0	0	1	1	1	0	1	0	1	0	0	0	1	0	0	0	0	0	0	1	0	0	0	0	0	1	0	0	0	0	0	1	1	0	0	1	0	1	0	0	1	0	0	0	1	1	0	0	0	1	0	0	0	0	0	0	0	0	0	0	0	0	1	1	0
10|Environment|Water and wastewater|GCA_053888335.1_genomic.fna.gz	1	1	0	1	0	0	1	0	0	0	0	1	0	0	0	0	1	1	0	1	0	0	0	1	0	0	1	1	1	0	0	0	0	0	0	0	0	0	0	0	0	0	0	0	0	1	0	0	0	0	0	0	0	0	0	1	0	1	0	1	0	0	1	0	1	0	0	1	1	0	0	0	0	0	0	0	1	0	0	1	0	0	1	0	0	0	0	0	0	0	0	0	0	0	0	0	0	1	0	0
10|Environment|Water and wastewater|GCA_053888355.1_genomic.fna.gz	1	1	0	1	0	0	1	0	0	0	0	1	0	0	0	0	1	1	0	1	0	0	0	1	0	0	1	1	1	0	0	0	0	0	0	0	0	0	0	0	0	0	0	0	0	1	0	0	0	0	0	0	0	0	0	1	0	1	0	1	0	0	1	0	1	0	0	1	1	0	0	0	0	0	0	0	1	0	0	1	0	0	1	0	0	0	0	0	0	0	0	0	0	0	0	0	0	1	0	0
11|Environment|Water and wastewater|GCA_053888395.1_genomic.fna.gz	0	0	0	0	0	0	0	0	0	0	0	0	0	0	0	0	0	0	0	0	0	0	0	0	0	0	0	0	0	0	0	0	0	1	0	0	0	1	1	1	0	1	0	1	0	0	0	1	0	0	0	0	0	0	1	0	0	0	0	0	1	0	0	0	0	0	1	1	0	0	1	0	1	0	0	1	0	0	0	1	1	0	0	0	1	0	0	0	0	0	0	0	0	0	0	0	0	1	1	0
10|Environment|Water and wastewater|GCA_053888415.1_genomic.fna.gz	1	1	0	1	0	0	1	0	0	0	0	1	0	0	0	0	1	1	0	1	0	0	0	1	0	0	1	1	1	0	0	0	0	0	0	0	0	0	0	0	0	0	0	0	0	1	0	0	0	0	0	0	0	0	0	0	0	1	0	1	0	0	1	0	0	0	0	1	1	0	0	0	0	0	0	0	1	0	0	0	0	1	1	0	0	1	1	0	0	0	0	0	0	0	0	0	0	1	0	0
10|Environment|Water and wastewater|GCA_053888455.1_genomic.fna.gz	1	1	0	1	0	0	1	0	0	0	0	1	0	0	0	0	1	1	0	1	0	0	0	1	0	0	1	1	1	0	0	0	0	0	0	0	0	0	0	0	0	0	0	0	0	1	0	0	0	0	0	0	0	0	0	0	0	1	0	1	0	0	1	0	0	0	0	1	1	0	0	0	0	0	0	0	1	0	0	0	0	1	1	0	0	1	1	0	0	0	0	0	0	0	0	0	0	1	0	0
10|Environment|Water and wastewater|GCA_053888475.1_genomic.fna.gz	1	1	0	1	0	0	1	0	0	0	0	1	0	0	0	0	1	1	0	1	0	0	0	1	0	0	1	1	1	0	0	0	0	0	0	0	0	0	0	0	0	0	0	0	0	1	0	0	0	0	0	0	0	0	0	1	0	1	0	1	0	0	1	0	1	0	0	1	1	0	0	0	0	0	0	0	1	0	0	1	0	0	1	0	0	0	0	0	0	0	0	0	0	0	0	0	0	1	0	0
10|Environment|Water and wastewater|GCA_053888495.1_genomic.fna.gz	1	1	0	1	0	0	1	0	0	0	0	1	0	0	0	0	1	1	0	1	0	0	0	1	0	0	1	0	1	1	1	0	0	0	1	0	0	0	0	0	0	0	0	0	0	1	0	0	0	0	0	0	0	0	0	1	0	1	0	1	0	0	1	1	1	0	0	1	1	0	0	0	0	0	0	0	0	0	0	1	0	0	0	0	1	0	1	0	0	0	1	1	0	0	0	0	0	1	1	0
10|Environment|Environmental swabs and sponges|GCA_053888655.1_genomic.fna.gz	1	1	0	1	0	0	1	0	0	0	0	1	0	0	0	0	1	1	0	1	0	0	0	1	0	0	1	1	1	0	0	0	0	0	0	0	0	0	0	0	0	0	0	0	0	1	0	0	0	0	0	0	0	0	0	1	0	1	0	1	0	0	1	0	0	0	0	1	1	0	0	0	0	0	0	0	0	0	0	0	0	1	1	0	0	1	1	0	0	0	0	0	0	0	0	0	0	1	0	0
10|Environment|Environmental swabs and sponges|GCA_053889275.1_genomic.fna.gz	1	1	0	1	0	0	1	0	0	0	0	1	0	0	0	0	1	1	0	1	0	0	0	1	0	0	1	1	1	0	0	0	0	0	0	0	0	0	0	0	0	0	0	0	0	1	0	0	0	0	0	0	0	0	0	1	0	1	0	1	0	0	1	0	0	0	0	1	1	0	0	0	0	0	0	0	0	0	0	0	0	1	1	0	0	1	1	0	0	0	0	0	0	0	0	0	0	1	0	0
10|Environment|Water and wastewater|GCA_053889295.1_genomic.fna.gz	1	1	0	1	0	0	1	0	0	0	0	1	0	0	0	0	1	1	0	1	0	0	0	1	0	0	1	0	1	1	1	0	0	0	1	0	0	0	0	0	0	0	0	0	0	1	0	0	0	0	0	0	0	0	0	1	0	1	0	1	0	0	1	1	1	0	0	1	1	0	0	0	0	0	0	0	0	0	0	1	0	0	0	0	1	0	1	0	0	0	1	1	0	0	0	0	0	1	1	0
3|Environment|Environmental swabs and sponges|GCA_053889335.1_genomic.fna.gz	0	0	0	0	0	0	0	1	1	1	1	0	1	1	0	0	0	0	1	0	1	0	1	0	1	1	0	0	0	0	0	0	1	1	1	1	0	0	1	1	1	0	0	1	1	0	0	1	1	0	0	0	0	0	0	0	0	0	0	0	0	0	0	0	1	0	1	1	0	1	1	0	0	1	1	0	0	1	0	0	0	0	0	1	0	0	0	0	0	0	0	0	0	0	0	1	0	0	0	0
10|Environment|Environmental swabs and sponges|GCA_053889355.1_genomic.fna.gz	1	1	0	1	0	0	1	0	0	0	0	1	0	0	0	0	1	1	0	1	0	0	0	1	0	0	1	1	1	0	0	0	0	0	0	0	0	0	0	0	0	0	0	0	0	1	0	0	0	0	0	0	0	0	0	1	0	1	0	1	0	0	1	0	0	0	0	1	1	0	0	0	0	0	0	0	0	0	0	0	0	1	1	0	0	1	1	0	0	0	0	0	0	0	0	0	0	1	0	0
4|Environment|Environmental swabs and sponges|GCA_053889375.1_genomic.fna.gz	0	0	0	0	0	0	0	0	0	0	0	0	0	0	0	0	0	0	0	0	0	0	0	0	0	0	0	0	0	0	0	0	1	1	0	0	0	0	1	1	0	1	1	0	1	1	0	0	0	0	0	0	0	0	0	0	1	0	0	0	1	0	0	0	0	0	0	1	0	1	0	0	0	0	0	0	0	0	0	0	0	0	1	0	0	0	0	0	0	0	0	0	0	0	1	0	0	0	1	0
10|Environment|Water and wastewater|GCA_053889595.1_genomic.fna.gz	1	1	0	1	0	0	1	0	0	0	0	1	0	0	0	0	1	1	0	1	0	0	0	1	0	0	1	1	1	0	0	0	0	0	0	0	0	0	0	0	0	0	0	0	0	1	0	0	0	0	0	0	0	0	0	1	0	1	0	1	0	0	1	0	1	0	0	1	1	0	0	0	0	0	0	0	1	0	0	1	0	0	1	0	0	0	0	0	0	0	0	0	0	0	0	0	0	1	0	0
11|Environment|Water and wastewater|GCA_053889715.1_genomic.fna.gz	0	0	0	0	0	0	0	0	0	0	0	0	0	0	0	0	0	0	0	0	0	0	0	0	0	0	0	0	0	0	0	0	0	1	0	0	0	1	1	1	0	1	0	1	0	0	0	1	0	0	0	0	0	0	1	0	0	0	0	0	1	0	0	0	0	0	1	1	0	0	1	0	1	0	0	1	0	0	0	1	1	0	0	0	1	0	0	0	0	0	0	0	0	0	0	0	0	1	1	0
10|Environment|Water and wastewater|GCA_053889735.1_genomic.fna.gz	1	1	0	1	0	0	1	0	0	0	0	1	0	0	0	0	1	1	0	1	0	0	0	1	0	0	1	0	1	1	1	0	0	0	1	0	0	0	0	0	0	0	0	0	0	1	0	0	0	0	0	0	0	0	0	1	0	1	0	1	0	0	1	1	1	0	0	1	1	0	0	0	0	0	0	0	0	0	0	1	0	0	0	0	1	0	1	0	0	0	1	1	0	0	0	0	0	1	1	0
10|Environment|Water and wastewater|GCA_053889795.1_genomic.fna.gz	1	1	0	1	0	0	1	0	0	0	0	1	0	0	0	0	1	1	0	1	0	0	0	1	0	0	1	0	1	1	1	0	0	0	1	0	0	0	0	0	0	0	0	0	0	1	0	0	0	0	0	0	0	0	0	1	0	1	0	1	0	0	1	1	1	0	0	1	1	0	0	0	0	0	0	0	0	0	0	1	0	0	0	0	1	0	1	0	0	0	1	1	0	0	0	0	0	1	1	0
10|Environment|Environmental swabs and sponges|GCA_053889855.1_genomic.fna.gz	1	1	0	1	0	0	1	0	0	0	0	1	0	0	0	0	1	1	0	1	0	0	0	1	0	0	1	1	1	0	0	0	0	0	0	0	0	0	0	0	0	0	0	0	0	1	0	0	0	0	0	0	0	0	0	1	0	1	0	1	0	0	1	0	0	0	0	1	1	0	0	0	0	0	0	0	0	0	0	0	0	1	1	0	0	1	1	0	0	0	0	0	0	0	0	0	0	1	0	0
10|Environment|Environmental swabs and sponges|GCA_053890095.1_genomic.fna.gz	1	1	0	1	0	0	1	0	0	0	0	1	0	0	0	0	1	1	0	1	0	0	0	1	0	0	1	1	1	0	0	0	0	0	0	0	0	0	0	0	0	0	0	0	0	1	0	0	0	0	0	0	0	0	0	1	0	1	0	1	0	0	1	0	0	0	0	1	1	0	0	0	0	0	0	0	0	0	0	0	0	1	1	0	0	1	1	0	0	0	0	0	0	0	0	0	0	1	0	0
5|Food chain|Chicken products|GCA_053893915.1_genomic.fna.gz	0	0	1	0	1	1	0	0	0	0	0	1	0	0	0	1	0	0	0	0	1	1	1	0	1	1	0	0	0	0	0	0	0	0	1	0	1	1	0	0	0	0	1	0	0	0	0	1	0	0	0	0	0	1	1	1	0	0	0	0	1	0	0	1	0	1	0	0	0	0	0	1	0	0	0	0	1	0	0	0	0	0	1	0	0	0	0	0	0	0	0	0	0	0	0	0	0	0	0	0
10|Environment|Water and wastewater|GCA_053893955.1_genomic.fna.gz	1	1	0	1	0	0	1	0	0	0	0	1	0	0	0	0	1	1	0	1	0	0	0	1	0	0	1	1	1	0	0	0	0	0	0	0	0	0	0	0	0	0	0	0	0	1	0	0	0	0	0	0	0	0	0	1	0	1	0	1	0	0	1	0	1	0	0	1	1	0	0	0	0	0	0	0	1	0	0	1	0	0	1	0	0	0	0	0	0	0	0	0	0	0	0	0	0	1	0	0
10|Environment|Water and wastewater|GCA_053894175.1_genomic.fna.gz	1	1	0	1	0	0	1	0	0	0	0	1	0	0	0	0	1	1	0	1	0	0	0	1	0	0	1	1	1	0	0	0	0	0	0	0	0	0	0	0	0	0	0	0	0	1	0	0	0	0	0	0	0	0	0	0	0	1	0	1	0	0	1	0	0	0	0	1	1	0	0	0	0	0	0	0	1	0	0	0	0	1	1	0	0	1	1	0	0	0	0	0	0	0	0	0	0	1	0	0
4|Environment|Water and wastewater|GCA_053894195.1_genomic.fna.gz	0	0	0	0	0	0	0	0	0	0	0	0	0	0	0	0	0	0	0	0	0	0	0	0	0	0	0	0	0	0	0	0	1	1	0	0	0	0	1	1	0	1	1	0	1	1	0	0	0	0	0	0	0	0	0	0	1	0	0	0	1	0	0	0	0	0	0	1	0	1	0	0	0	0	0	0	0	0	0	0	0	0	1	0	0	0	0	0	0	0	0	0	0	0	1	0	0	0	1	0
10|Environment|Water and wastewater|GCA_053894235.1_genomic.fna.gz	1	1	0	1	0	0	1	0	0	0	0	1	0	0	0	0	1	1	0	1	0	0	0	1	0	0	1	1	1	0	0	0	0	0	0	0	0	0	0	0	0	0	0	0	0	1	0	0	0	0	0	0	0	0	0	1	0	1	0	1	0	0	1	0	1	0	0	1	1	0	0	0	0	0	0	0	1	0	0	1	0	0	1	0	0	0	0	0	0	0	0	0	0	0	0	0	0	1	0	0
10|Environment|Water and wastewater|GCA_053894295.1_genomic.fna.gz	1	1	0	1	0	0	1	0	0	0	0	1	0	0	0	0	1	1	0	1	0	0	0	1	0	0	1	0	1	1	1	0	0	0	1	0	0	0	0	0	0	0	0	0	0	1	0	0	0	0	0	0	0	0	0	1	0	1	0	1	0	0	1	1	1	0	0	1	1	0	0	0	0	0	0	0	0	0	0	1	0	0	0	0	1	0	1	0	0	0	1	1	0	0	0	0	0	1	1	0
10|Environment|Water and wastewater|GCA_053894315.1_genomic.fna.gz	1	1	0	1	0	0	1	0	0	0	0	1	0	0	0	0	1	1	0	1	0	0	0	1	0	0	1	0	1	1	1	0	0	0	1	0	0	0	0	0	0	0	0	0	0	1	0	0	0	0	0	0	0	0	0	1	0	1	0	1	0	0	1	1	1	0	0	1	1	0	0	0	0	0	0	0	0	0	0	1	0	0	0	0	1	0	1	0	0	0	1	1	0	0	0	0	0	1	1	0
11|Environment|Water and wastewater|GCA_053894335.1_genomic.fna.gz	0	0	0	0	0	0	0	0	0	0	0	0	0	0	0	0	0	0	0	0	0	0	0	0	0	0	0	0	0	0	0	0	0	1	0	0	0	1	1	1	0	1	0	1	0	0	0	1	0	0	0	0	0	0	1	0	0	0	0	0	1	0	0	0	0	0	1	1	0	0	1	0	1	0	0	1	0	0	0	1	1	0	0	0	1	0	0	0	0	0	0	0	0	0	0	0	0	1	1	0
5|Food chain|Chicken products|GCA_053903675.1_genomic.fna.gz	0	0	1	0	1	1	0	0	0	0	0	1	0	0	0	1	0	0	0	0	1	1	1	0	1	1	0	0	0	0	0	0	0	0	1	0	1	1	0	0	0	0	1	0	0	0	0	1	0	0	0	0	0	1	1	1	0	0	0	0	1	0	0	1	0	1	0	0	0	0	0	1	0	0	0	0	1	0	0	0	0	0	1	0	0	0	0	0	0	0	0	0	0	0	0	0	0	0	0	0
5|Food chain|Chicken products|GCA_053903715.1_genomic.fna.gz	0	0	1	0	1	1	0	0	0	0	0	1	0	0	0	1	0	0	0	0	1	1	1	0	1	1	0	0	0	0	0	0	0	0	1	0	1	1	0	0	0	0	1	0	0	0	0	1	0	0	0	0	0	1	1	1	0	0	0	0	1	0	0	1	0	1	0	0	0	0	0	1	0	0	0	0	1	0	0	0	0	0	1	0	0	0	0	0	0	0	0	0	0	0	0	0	0	0	0	0
13|Food chain|Pork products|GCA_053903795.1_genomic.fna.gz	0	0	0	0	0	0	0	0	0	0	0	0	0	0	0	0	0	0	0	0	0	0	1	0	0	0	0	0	0	0	0	0	0	0	0	0	0	0	1	0	0	0	0	0	0	0	0	0	1	0	0	0	0	0	1	0	0	1	0	0	1	0	0	0	0	1	0	0	1	0	0	0	0	0	0	0	0	1	0	0	1	1	1	0	1	0	0	0	0	0	0	0	0	0	1	0	0	1	0	0
5|Food chain|Chicken products|GCA_053903815.1_genomic.fna.gz	0	0	1	0	1	1	0	0	0	0	0	1	0	0	0	1	0	0	0	0	1	1	1	0	1	1	0	0	0	0	0	0	0	0	1	0	1	1	0	0	0	0	1	0	0	0	0	1	0	0	0	0	0	1	1	1	0	0	0	0	1	0	0	1	0	1	0	0	0	0	0	1	0	0	0	0	1	0	0	0	0	0	1	0	0	0	0	0	0	0	0	0	0	0	0	0	0	0	0	0
15|Food chain|General food and retail|GCA_053904005.1_genomic.fna.gz	0	0	0	0	0	0	0	0	0	0	0	0	0	0	1	0	0	0	0	1	0	0	0	1	0	0	1	0	0	0	0	0	0	0	0	0	0	1	0	0	0	0	0	0	0	0	0	0	0	0	0	0	0	0	0	0	0	0	0	0	0	0	0	1	0	0	0	0	0	0	0	0	1	1	0	0	1	0	0	1	1	1	0	0	1	0	0	0	0	0	0	0	1	0	0	0	0	0	0	0
14|Human clinical|Gastrointestinal and urogenital|GCA_053904745.1_genomic.fna.gz	0	0	0	0	0	0	0	0	0	0	0	0	0	0	1	0	0	0	0	1	0	0	0	1	0	0	1	0	0	0	0	0	0	0	0	0	0	0	0	0	0	0	0	0	0	0	0	0	1	0	0	0	0	0	0	0	0	0	0	0	0	0	1	1	1	0	0	1	0	0	0	0	1	1	0	0	1	0	0	1	1	0	0	0	0	0	0	0	0	0	1	0	0	0	0	0	0	0	0	0
3|Food chain|General food and retail|GCA_053910045.1_genomic.fna.gz	0	0	0	0	0	0	0	1	1	1	1	0	1	1	0	0	0	0	1	0	1	0	1	0	1	1	0	0	0	0	0	0	1	1	1	1	0	0	1	1	1	0	0	1	1	0	0	1	1	0	0	0	0	0	0	0	0	0	0	0	0	0	0	0	1	0	1	1	0	1	1	0	0	1	1	0	0	1	0	0	0	0	0	1	0	0	0	0	0	0	0	0	0	0	0	1	0	0	0	0
3|Food chain|General food and retail|GCA_053919255.1_genomic.fna.gz	0	0	0	0	0	0	0	1	1	1	1	0	1	1	0	0	0	0	1	0	1	0	1	0	1	1	0	0	0	0	0	0	1	1	1	1	0	0	1	1	1	0	0	1	1	0	0	1	1	0	0	0	0	0	0	0	0	0	0	0	0	0	0	0	1	0	1	1	0	1	1	0	0	1	1	0	0	1	0	0	0	0	0	1	0	0	0	0	0	0	0	0	0	0	0	1	0	0	0	0
3|Livestock and Other animals|Chicken and poultry birds|GCA_053919545.1_genomic.fna.gz	0	0	0	0	0	0	0	1	1	1	1	0	1	1	0	0	0	0	1	0	1	0	1	0	1	1	0	0	0	0	0	0	1	1	1	1	0	0	1	1	1	0	0	1	1	0	0	1	1	0	0	0	0	0	0	0	0	0	0	0	0	0	0	0	1	0	1	1	0	1	1	0	0	1	1	0	0	1	0	0	0	0	0	1	0	0	0	0	0	0	0	0	0	0	0	1	0	0	0	0
10|Livestock and Other animals|Chicken and poultry birds|GCA_053919625.1_genomic.fna.gz	1	1	0	1	0	0	0	0	0	0	0	1	0	0	0	0	1	1	0	1	0	0	0	1	0	0	1	1	0	1	1	0	0	0	0	0	0	0	0	0	0	0	0	0	0	1	0	0	0	0	0	0	0	0	0	0	0	1	0	0	0	0	1	0	1	0	0	1	1	0	0	0	0	0	0	0	0	0	0	1	0	0	1	0	1	0	0	0	0	0	1	1	0	0	0	0	0	1	0	0
15|Livestock and Other animals|Chicken and poultry birds|GCA_053919765.1_genomic.fna.gz	0	0	0	0	0	0	0	0	0	0	0	0	0	0	1	0	0	0	0	1	0	0	0	1	0	0	1	0	0	0	0	0	0	0	0	0	0	1	0	0	0	0	0	0	0	0	0	0	0	0	0	0	0	0	0	0	0	0	0	0	0	0	0	1	0	0	0	0	0	0	0	0	1	1	0	0	1	0	0	1	1	1	0	0	1	0	0	0	0	0	0	0	1	0	0	0	0	0	0	0
5|Livestock and Other animals|Chicken and poultry birds|GCA_053919805.1_genomic.fna.gz	0	0	1	0	1	1	0	0	0	0	0	1	0	0	0	1	0	0	0	0	1	1	1	0	1	1	0	0	0	0	0	0	0	0	1	0	1	1	0	0	0	0	1	0	0	0	0	1	0	0	0	0	0	1	1	1	0	0	0	0	1	0	0	1	0	1	0	0	0	0	0	1	0	0	0	0	1	0	0	0	0	0	1	0	0	0	0	0	0	0	0	0	0	0	0	0	0	0	0	0
13|Livestock and Other animals|Cattle|GCA_053931405.1_genomic.fna.gz	0	0	0	0	0	0	0	0	0	0	0	0	0	0	0	0	0	0	0	0	0	0	1	0	0	0	0	0	0	0	0	0	0	0	0	0	0	0	1	0	0	0	0	0	0	0	0	0	1	0	0	0	0	0	1	0	0	1	0	0	1	0	0	0	0	1	0	0	1	0	0	0	0	0	0	0	0	1	0	0	1	1	1	0	1	0	0	0	0	0	0	0	0	0	1	0	0	1	0	0
2|Livestock and Other animals|Chicken and poultry birds|GCA_053931425.1_genomic.fna.gz	0	0	0	0	0	0	0	1	1	1	1	0	1	1	0	0	0	0	1	0	1	0	1	0	1	1	0	0	0	0	0	0	1	1	1	1	0	0	1	1	1	0	0	1	1	0	0	1	1	0	0	0	0	0	0	0	0	0	0	0	0	0	0	0	1	0	1	1	0	1	1	0	0	1	1	0	0	1	0	0	0	0	0	1	0	0	0	0	0	0	0	0	0	0	0	0	0	0	0	0
10|Livestock and Other animals|Chicken and poultry birds|GCA_053931525.1_genomic.fna.gz	1	1	0	1	0	0	1	0	0	0	0	1	0	0	0	0	1	1	0	1	0	0	0	1	0	0	1	1	1	0	0	0	0	0	0	0	0	0	0	0	0	0	0	0	0	1	0	0	0	0	0	0	0	0	0	1	0	1	0	1	0	0	1	0	0	0	0	1	1	0	0	0	0	0	0	0	0	0	0	0	0	1	1	0	0	1	1	0	0	0	0	0	0	0	0	0	0	1	0	0
8|Livestock and Other animals|Chicken and poultry birds|GCA_053933045.1_genomic.fna.gz	0	0	0	0	0	0	0	0	0	0	0	0	0	0	0	0	0	0	0	0	0	0	0	0	0	0	0	0	0	0	0	1	1	1	0	1	0	0	1	0	1	1	1	0	0	1	1	0	0	0	0	0	0	0	0	0	1	0	0	0	0	1	0	0	0	1	1	0	0	0	0	0	0	0	0	1	0	1	0	0	1	0	0	0	1	0	0	0	0	0	1	0	0	0	0	0	0	0	0	0
10|Livestock and Other animals|Chicken and poultry birds|GCA_053933165.1_genomic.fna.gz	1	1	0	1	0	0	1	0	0	0	0	1	0	0	0	0	1	1	0	1	0	0	0	1	0	0	1	1	1	0	0	0	0	0	0	0	0	0	0	0	0	0	0	0	0	1	0	0	0	0	0	0	0	0	0	1	0	1	0	1	0	0	1	0	0	0	0	1	1	0	0	0	0	0	0	0	0	0	0	0	0	1	1	0	0	1	1	0	0	0	0	0	0	0	0	0	0	1	0	0
5|Food chain|Chicken products|GCA_053956435.1_genomic.fna.gz	0	0	1	0	1	1	0	0	0	0	0	1	0	0	0	1	0	0	0	0	1	1	1	0	1	1	0	0	0	0	0	0	0	0	1	0	1	1	0	0	0	0	1	0	0	0	0	1	0	0	0	0	0	1	1	1	0	0	0	0	1	0	0	1	0	1	0	0	0	0	0	1	0	0	0	0	1	0	0	0	0	0	1	0	0	0	0	0	0	0	0	0	0	0	0	0	0	0	0	0
3|Food chain|Chicken products|GCA_053956955.1_genomic.fna.gz	0	0	0	0	0	0	0	1	1	1	1	0	1	1	0	0	0	0	1	0	1	0	1	0	1	1	0	0	0	0	0	0	1	1	1	1	0	0	1	1	1	0	0	1	1	0	0	1	1	0	0	0	0	0	0	0	0	0	0	0	0	0	0	0	1	0	1	1	0	1	1	0	0	1	1	0	0	1	0	0	0	0	0	1	0	0	0	0	0	0	0	0	0	0	0	1	0	0	0	0
15|Food chain|Chicken products|GCA_053957095.1_genomic.fna.gz	0	0	0	0	0	0	0	0	0	0	0	0	0	0	1	0	0	0	0	1	0	0	0	1	0	0	1	0	0	0	0	0	0	0	0	0	0	1	0	0	0	0	0	0	0	0	0	0	0	0	0	0	0	0	0	0	0	0	0	0	0	0	0	1	0	0	0	0	0	0	0	0	1	1	0	0	1	0	0	1	1	1	0	0	1	0	0	0	0	0	0	0	1	0	0	0	0	0	0	0
15|Food chain|General food and retail|GCA_053957235.1_genomic.fna.gz	0	0	0	0	0	0	0	0	0	0	0	0	0	0	1	0	0	0	0	1	0	0	0	1	0	0	1	0	0	0	0	0	0	0	0	0	0	1	0	0	0	0	0	0	0	0	0	0	0	0	0	0	0	0	0	0	0	0	0	0	0	0	0	1	0	0	0	0	0	0	0	0	1	1	0	0	1	0	0	1	1	1	0	0	1	0	0	0	0	0	0	0	1	0	0	0	0	0	0	0
15|Food chain|Chicken products|GCA_053957295.1_genomic.fna.gz	0	0	0	0	0	0	0	0	0	0	0	0	0	0	1	0	0	0	0	1	0	0	0	1	0	0	1	0	0	0	0	0	0	0	0	0	0	1	0	0	0	0	0	0	0	0	0	0	0	0	0	0	0	0	0	0	0	0	0	0	0	0	0	1	0	0	0	0	0	0	0	0	1	1	0	0	1	0	0	1	1	1	0	0	1	0	0	0	0	0	0	0	1	0	0	0	0	0	0	0
4|Food chain|Chicken products|GCA_053957315.1_genomic.fna.gz	0	0	0	0	0	0	0	0	0	0	0	0	0	0	0	0	0	0	0	0	0	0	0	0	0	0	0	0	0	0	0	0	1	1	0	0	0	0	1	1	0	1	1	0	1	1	0	0	0	0	0	0	0	0	0	0	1	0	0	0	1	0	0	0	0	0	0	1	0	1	0	0	0	0	0	0	0	0	0	0	0	0	1	0	0	0	0	0	0	0	0	0	0	0	1	0	0	0	1	0
4|Food chain|General food and retail|GCA_053957395.1_genomic.fna.gz	0	0	0	0	0	0	0	0	0	0	0	0	0	0	0	0	0	0	0	0	0	0	0	0	0	0	0	0	0	0	0	0	1	1	0	0	0	0	1	1	0	1	1	0	1	1	0	0	0	0	0	0	0	0	0	0	1	0	0	0	1	0	0	0	0	0	0	1	0	1	0	0	0	0	0	0	0	0	0	0	0	0	1	0	0	0	0	0	0	0	0	0	0	0	1	0	0	0	1	0
10|Livestock and Other animals|Chicken and poultry birds|GCA_053959995.1_genomic.fna.gz	1	1	0	1	0	0	1	0	0	0	0	1	0	0	0	0	1	1	0	1	0	0	0	1	0	0	1	1	1	0	0	0	0	0	0	0	0	0	0	0	0	0	0	0	0	1	0	0	0	0	0	0	0	0	0	1	0	1	0	1	0	0	1	0	0	0	0	1	1	0	0	0	0	0	0	0	0	0	0	0	0	1	1	0	0	1	1	0	0	0	0	0	0	0	0	0	0	1	0	0
5|Food chain|General food and retail|GCA_053970035.1_genomic.fna.gz	1	0	1	0	1	1	0	0	0	0	0	1	0	0	0	1	0	0	0	1	1	1	1	0	1	1	0	0	0	0	0	0	0	0	1	0	1	1	0	0	0	0	1	0	0	0	0	1	0	0	0	0	0	1	1	1	0	0	0	0	1	0	0	1	0	1	0	0	0	0	0	1	0	0	0	0	1	0	0	0	0	0	1	0	0	0	0	0	0	0	0	0	0	0	0	0	0	0	0	0
5|Food chain|Chicken products|GCA_053970095.1_genomic.fna.gz	0	0	1	0	1	1	0	0	0	0	0	1	0	0	0	1	0	0	0	0	1	1	1	0	1	1	0	0	0	0	0	0	0	0	1	0	1	1	0	0	0	0	1	0	0	0	0	1	0	0	0	0	0	1	1	1	0	0	0	0	1	0	0	1	0	1	0	0	0	0	0	1	0	0	0	0	1	0	0	0	0	0	1	0	0	0	0	0	0	0	0	0	0	0	0	0	0	0	0	0
8|Food chain|Pork products|GCA_053970175.1_genomic.fna.gz	0	0	0	0	0	0	0	0	0	0	0	0	0	0	0	0	0	0	0	0	0	0	0	0	0	0	0	0	0	0	0	1	1	1	0	1	0	0	1	0	1	1	1	0	0	1	1	0	0	0	0	0	0	0	0	0	1	0	0	0	0	1	0	0	0	1	1	0	0	0	0	0	0	0	0	1	0	1	0	0	1	0	0	0	1	0	0	0	0	0	1	0	0	0	0	0	0	0	0	0
3|Food chain|General food and retail|GCA_053970215.1_genomic.fna.gz	0	0	0	0	0	0	0	1	1	1	1	0	1	1	0	0	0	0	1	0	1	0	1	0	1	1	0	0	0	0	0	0	1	1	1	1	0	0	1	1	1	0	0	1	1	0	0	1	1	0	0	0	0	0	0	0	0	0	0	0	0	0	0	0	1	0	1	1	0	1	1	0	0	1	1	0	0	1	0	0	0	0	0	1	0	0	0	0	0	0	0	0	0	0	0	1	0	0	0	0
5|Food chain|Turkey and duck products|GCA_053970355.1_genomic.fna.gz	0	0	1	0	1	1	0	0	0	0	0	1	0	0	0	1	0	0	0	0	1	1	1	0	1	1	0	0	0	0	0	0	0	0	1	0	1	1	0	0	0	0	1	0	0	0	0	1	0	0	0	0	0	1	1	1	0	0	0	0	1	0	0	1	0	1	0	0	0	0	0	1	0	0	0	0	1	0	0	0	0	0	1	0	0	0	0	0	0	0	0	0	0	0	0	0	0	0	0	0
8|Food chain|General food and retail|GCA_053972175.1_genomic.fna.gz	0	0	0	0	0	0	0	0	0	0	0	0	0	0	0	0	0	0	0	0	0	0	0	0	0	0	0	0	0	0	0	1	1	1	0	1	0	0	1	0	1	1	1	0	0	1	1	0	0	0	0	0	0	0	0	0	1	0	0	0	0	1	0	0	0	1	1	0	0	0	0	0	0	0	0	1	0	1	0	0	1	0	0	0	1	0	0	0	0	0	1	0	0	0	0	0	0	0	0	0
9|Food chain|General food and retail|GCA_053972235.1_genomic.fna.gz	0	0	0	0	0	0	0	0	0	0	0	0	0	0	0	0	0	0	0	0	0	0	0	0	0	0	0	0	0	0	0	1	1	1	0	1	0	0	1	0	1	1	1	0	0	1	1	0	0	0	0	0	0	0	0	0	1	0	0	0	0	1	0	0	0	1	1	0	0	0	0	0	0	0	0	1	0	1	0	0	1	0	0	0	1	0	0	0	0	0	1	0	0	0	0	0	1	0	0	0
5|Food chain|Chicken products|GCA_053972245.1_genomic.fna.gz	0	0	1	0	1	1	0	0	0	0	0	1	0	0	0	1	0	0	0	0	1	1	1	0	1	1	0	0	0	0	0	0	0	0	1	0	1	1	0	0	0	0	1	0	0	0	0	1	0	0	0	0	0	1	1	1	0	0	0	0	1	0	0	1	0	1	0	0	0	0	0	1	0	0	0	0	1	0	0	0	0	0	1	0	0	0	0	0	0	0	0	0	0	0	0	0	0	0	0	0
15|Food chain|Chicken products|GCA_053973155.1_genomic.fna.gz	0	0	0	0	0	0	0	0	0	0	0	0	0	0	1	0	0	0	0	1	0	0	0	1	0	0	1	0	0	0	0	0	0	0	0	0	0	1	0	0	0	0	0	0	0	0	0	0	0	0	0	0	0	0	0	0	0	0	0	0	0	0	0	1	0	0	0	0	0	0	0	0	1	1	0	0	1	0	0	1	1	1	0	0	1	0	0	0	0	0	0	0	1	0	0	0	0	0	0	0
3|Food chain|Chicken products|GCA_053973515.1_genomic.fna.gz	0	0	0	0	0	0	0	1	1	1	1	0	1	1	0	0	0	0	1	0	1	0	1	0	1	1	0	0	0	0	0	0	1	1	1	1	0	0	1	1	1	0	0	1	1	0	0	1	1	0	0	0	0	0	0	0	0	0	0	0	0	0	0	0	1	0	1	1	0	1	1	0	0	1	1	0	0	1	0	0	0	0	0	1	0	0	0	0	0	0	0	0	0	0	0	1	0	0	0	0
9|Livestock and Other animals|Animal organs and body sites|GCA_053973775.1_genomic.fna.gz	0	0	0	0	0	0	0	0	0	0	0	0	0	0	0	0	0	0	0	0	0	0	0	0	0	0	0	0	0	0	0	1	1	1	0	1	0	0	1	0	1	1	1	0	0	1	1	0	0	0	0	0	0	0	0	0	1	0	0	0	0	1	0	0	0	1	1	0	0	0	0	0	0	0	0	1	0	1	0	0	1	0	0	0	1	0	0	0	0	0	1	0	0	0	0	0	1	0	0	0
13|Livestock and Other animals|Animal organs and body sites|GCA_053973815.1_genomic.fna.gz	0	0	0	0	0	0	0	0	0	0	0	0	0	0	0	0	0	0	0	0	0	0	1	0	0	0	0	0	0	0	0	0	0	0	0	0	0	0	1	0	0	0	0	0	0	0	0	0	1	0	0	0	0	0	1	0	0	1	0	0	1	0	0	0	0	1	0	0	1	0	0	0	0	0	0	0	0	1	0	0	1	1	1	0	1	0	0	0	0	0	0	0	0	0	1	0	0	1	0	0
8|Livestock and Other animals|Animal organs and body sites|GCA_053973835.1_genomic.fna.gz	0	0	0	0	0	0	0	0	0	0	0	0	0	0	0	0	0	0	0	0	0	0	0	0	0	0	0	0	0	0	0	1	1	1	0	1	0	0	1	0	1	1	1	0	0	1	1	0	0	0	0	0	0	0	0	0	1	0	0	0	0	1	0	0	0	1	1	0	0	0	0	0	0	0	0	1	0	1	0	0	1	0	0	0	1	0	0	0	0	0	1	0	0	0	0	0	0	0	0	0
9|Livestock and Other animals|Animal organs and body sites|GCA_053973875.1_genomic.fna.gz	0	0	0	0	0	0	0	0	0	0	0	0	0	0	0	0	0	0	0	0	0	0	0	0	0	0	0	0	0	0	0	1	1	1	0	1	0	0	1	0	1	1	1	0	0	1	1	0	0	0	0	0	0	0	0	0	1	0	0	0	0	1	0	0	0	1	1	0	0	0	0	0	0	0	0	1	0	1	0	0	1	0	0	0	1	0	0	0	0	0	1	0	0	0	0	0	1	0	0	0
8|Human clinical|Wounds and abscesses|GCA_053973935.1_genomic.fna.gz	0	0	0	0	0	0	0	0	0	0	0	0	0	0	0	0	0	0	0	0	0	0	0	0	0	0	0	0	0	0	0	1	1	1	0	1	0	0	1	0	1	1	1	0	0	1	1	0	0	0	0	0	0	0	0	0	1	0	0	0	0	1	0	0	0	1	1	0	0	0	0	0	0	0	0	1	0	1	0	0	1	0	0	0	1	0	0	0	0	0	1	0	0	0	0	0	0	0	0	0
9|Environment|Sediment and waste|GCA_053973995.1_genomic.fna.gz	0	0	0	0	0	0	0	0	0	0	0	0	0	0	0	0	0	0	0	0	0	0	0	0	0	0	0	0	0	0	0	1	1	1	0	1	0	0	1	0	1	1	1	0	0	1	1	0	0	0	0	0	0	0	0	0	1	0	0	0	0	1	0	0	0	1	1	0	0	0	0	0	0	0	0	1	0	1	0	0	1	0	0	0	1	0	0	0	0	0	1	0	0	0	0	0	1	0	0	0
9|Livestock and Other animals|Animal organs and body sites|GCA_053974035.1_genomic.fna.gz	0	0	0	0	0	0	0	0	0	0	0	0	0	0	0	0	0	0	0	0	0	0	0	0	0	0	0	0	0	0	0	1	1	1	0	1	0	0	1	0	1	1	1	0	0	1	1	0	0	0	0	0	0	0	0	0	1	0	0	0	0	1	0	0	0	1	1	0	0	0	0	0	0	0	0	1	0	1	0	0	1	0	0	0	1	0	0	0	0	0	1	0	0	0	0	0	1	0	0	0
2|Food chain|General food and retail|GCA_053974095.1_genomic.fna.gz	0	0	0	0	0	0	0	1	1	1	1	0	1	1	0	0	0	0	1	0	1	0	1	0	1	1	0	0	0	0	0	0	1	1	1	1	0	0	1	1	1	0	0	1	1	0	0	1	1	0	0	0	0	0	0	0	0	0	0	0	0	0	0	0	1	0	1	1	0	1	1	0	0	1	1	0	0	1	0	0	0	0	0	1	0	0	0	0	0	0	0	0	0	0	0	0	0	0	0	0
12|Environment|Sediment and waste|GCA_053974315.1_genomic.fna.gz	0	0	0	0	0	0	0	0	0	0	0	0	0	0	0	0	0	0	0	0	1	0	1	1	0	0	1	0	0	0	0	0	0	1	0	0	0	0	1	0	0	0	1	0	0	0	0	0	1	0	0	0	0	0	1	0	0	0	0	0	1	0	1	0	0	0	1	0	0	0	0	1	0	1	0	1	0	1	0	0	0	1	0	0	0	0	0	0	0	0	0	0	0	0	0	0	0	1	0	0
3|Food chain|General food and retail|GCA_053974535.1_genomic.fna.gz	0	0	0	0	0	0	0	1	1	1	1	0	1	1	0	0	0	0	1	0	1	0	1	0	1	1	0	0	0	0	0	0	1	1	1	1	0	0	1	1	1	0	0	1	1	0	0	1	1	0	0	0	0	0	0	0	0	0	0	0	0	0	0	0	1	0	1	1	0	1	1	0	0	1	1	0	0	1	0	0	0	0	0	1	0	0	0	0	0	0	0	0	0	0	0	1	0	0	0	0
14|Human clinical|Gastrointestinal and urogenital|GCA_053978335.1_genomic.fna.gz	0	0	0	0	0	0	0	0	0	0	0	0	0	0	1	0	0	0	0	1	0	0	0	1	0	0	1	0	0	0	0	0	0	0	0	0	0	1	0	0	0	0	0	0	0	0	0	1	0	0	0	0	0	0	0	0	1	0	0	0	0	0	1	1	1	0	0	0	0	0	0	0	1	1	0	0	1	0	0	1	0	0	1	0	0	0	1	0	0	0	0	0	1	1	1	0	0	0	0	0
5|Food chain|Chicken products|GCA_053979235.1_genomic.fna.gz	0	0	1	0	1	1	0	0	0	0	0	1	0	0	0	1	0	0	0	0	1	1	1	0	1	1	0	0	0	0	0	0	0	0	1	0	1	1	0	0	0	0	1	0	0	0	0	1	0	0	0	0	0	1	1	1	0	0	0	0	1	0	0	1	0	1	0	0	0	0	0	1	0	0	0	0	1	0	0	0	0	0	1	0	0	0	0	0	0	0	0	0	0	0	0	0	0	0	0	0
10|Environment|Water and wastewater|GCA_053981155.1_genomic.fna.gz	1	1	0	1	0	0	1	0	0	0	0	1	0	0	0	0	1	1	0	1	0	0	0	1	0	0	1	0	1	1	1	0	0	0	1	0	0	0	0	0	0	0	0	0	0	1	0	0	0	0	0	0	0	0	0	1	0	1	0	1	0	0	1	1	1	0	0	1	1	0	0	0	0	0	0	0	0	0	0	1	0	0	0	0	1	0	1	0	0	0	1	1	0	0	0	0	0	1	1	0
6|Environment|Water and wastewater|GCA_053981215.1_genomic.fna.gz	0	0	0	0	0	0	0	0	0	0	0	0	0	0	0	0	0	0	0	0	0	0	0	0	0	0	0	0	0	0	0	0	0	0	0	0	0	1	0	0	1	0	0	0	0	0	0	0	1	0	0	0	0	0	1	0	0	0	0	0	0	1	0	0	0	0	1	0	0	0	1	0	1	0	0	0	1	1	0	0	1	0	0	0	0	0	0	0	0	0	1	0	0	0	0	0	0	1	0	1
10|Environment|Water and wastewater|GCA_053981335.1_genomic.fna.gz	1	1	0	1	0	0	1	0	0	0	0	1	0	0	0	0	1	1	0	1	0	0	0	1	0	0	1	1	1	0	0	0	0	0	0	0	0	0	0	0	0	0	0	0	0	1	0	0	0	0	0	0	0	0	0	1	0	1	0	1	0	0	1	0	1	0	0	1	1	0	0	0	0	0	0	0	1	0	0	1	0	0	1	0	0	0	0	0	0	0	0	0	0	0	0	0	0	1	0	0
6|Environment|Water and wastewater|GCA_053981355.1_genomic.fna.gz	0	0	0	0	0	0	0	0	0	0	0	0	0	0	0	0	0	0	0	0	0	0	1	0	0	0	0	0	0	0	0	0	0	0	0	0	0	1	0	0	1	0	0	0	0	0	0	0	1	0	0	0	0	0	1	0	0	0	0	0	0	0	0	1	0	1	1	1	0	0	1	1	1	0	0	0	1	1	0	1	1	0	0	0	0	0	0	0	0	0	1	0	0	0	0	0	0	0	0	0
10|Environment|Water and wastewater|GCA_053981375.1_genomic.fna.gz	1	1	0	1	0	0	1	0	0	0	0	1	0	0	0	0	1	1	0	1	0	0	0	1	0	0	1	1	1	0	0	0	0	0	0	0	0	0	0	0	0	0	0	0	0	1	0	0	0	0	0	0	0	0	0	1	0	1	0	1	0	0	1	0	1	0	0	1	1	0	0	0	0	0	0	0	1	0	0	1	0	0	1	0	0	0	0	0	0	0	0	0	0	0	0	0	0	1	0	0
6|Environment|Water and wastewater|GCA_053981615.1_genomic.fna.gz	0	0	0	0	0	0	0	0	0	0	0	0	0	0	0	0	0	0	0	0	0	0	0	0	0	0	0	0	0	0	0	0	0	0	0	0	0	1	0	0	1	0	0	0	0	0	0	0	1	0	0	0	0	0	1	0	0	0	0	0	0	1	0	0	0	0	1	0	0	0	1	0	1	0	0	0	1	1	0	0	1	0	0	0	0	0	0	0	0	0	1	0	0	0	0	0	0	1	0	1
6|Environment|Water and wastewater|GCA_053981915.1_genomic.fna.gz	0	0	0	0	0	0	0	0	0	0	0	0	0	0	0	0	0	0	0	0	0	0	1	0	0	0	0	0	0	0	0	0	0	0	0	0	0	1	0	0	1	0	0	0	0	0	0	0	1	0	0	0	0	0	1	0	0	0	0	0	0	0	0	1	0	1	1	1	0	0	1	1	1	0	0	0	1	1	0	1	1	0	0	0	0	0	0	0	0	0	1	0	0	0	0	0	0	0	0	0
10|Environment|Water and wastewater|GCA_053981955.1_genomic.fna.gz	1	1	0	1	0	0	1	0	0	0	0	1	0	0	0	0	1	1	0	1	0	0	0	1	0	0	1	0	1	1	1	0	0	0	1	0	0	0	0	0	0	0	0	0	0	1	0	0	0	0	0	0	0	0	0	1	0	1	0	1	0	0	1	1	1	0	0	1	1	0	0	0	0	0	0	0	0	0	0	1	0	0	0	0	1	0	1	0	0	0	1	1	0	0	0	0	0	1	1	0
11|Environment|Water and wastewater|GCA_053982075.1_genomic.fna.gz	0	0	0	0	0	0	0	0	0	0	0	0	0	0	0	0	0	0	0	0	0	0	0	0	0	0	0	0	0	0	0	0	0	1	0	0	0	1	1	1	0	1	0	1	0	0	0	1	0	0	0	0	0	0	1	0	0	0	0	0	1	0	0	0	0	0	1	1	0	0	1	0	1	0	0	1	0	0	0	1	1	0	0	0	1	0	0	0	0	0	0	0	0	0	0	0	0	1	1	0
6|Environment|Water and wastewater|GCA_053982275.1_genomic.fna.gz	0	0	0	0	0	0	0	0	0	0	0	0	0	0	0	0	0	0	0	0	0	0	0	0	0	0	0	0	0	0	0	0	0	0	0	0	0	1	0	0	1	0	0	0	0	0	0	0	1	0	0	0	0	0	1	0	0	0	0	0	0	1	0	0	0	0	1	0	0	0	1	0	1	0	0	0	1	1	0	0	1	0	0	0	0	0	0	0	0	0	1	0	0	0	0	0	0	1	0	1
10|Food chain|General food and retail|GCA_053982315.1_genomic.fna.gz	1	1	0	1	0	0	1	0	0	0	0	1	0	0	0	0	1	1	0	1	0	0	0	1	0	0	1	1	1	0	0	0	0	0	0	0	0	0	0	0	0	0	0	0	0	1	0	0	0	0	0	0	0	0	0	1	0	1	0	1	0	0	1	0	0	0	0	1	1	0	0	0	0	0	0	0	0	0	0	0	0	1	1	0	0	1	1	0	0	0	0	0	0	0	0	0	0	1	0	0
5|Food chain|General food and retail|GCA_053982415.1_genomic.fna.gz	0	0	1	0	1	1	0	0	0	0	0	1	0	0	0	1	0	0	0	0	1	1	1	0	1	1	0	0	0	0	0	0	0	0	1	0	1	1	0	0	0	0	1	0	0	0	0	1	0	0	0	0	0	1	1	1	0	0	0	0	1	0	0	1	0	1	0	0	0	0	0	1	0	0	0	0	1	0	0	0	0	0	1	0	0	0	0	0	0	0	0	0	0	0	0	0	0	0	0	0
14|Food chain|Pork products|GCA_053982455.1_genomic.fna.gz	0	0	0	0	0	0	0	0	0	0	0	0	0	0	1	0	0	0	0	1	0	0	0	1	0	0	1	0	0	0	0	0	0	0	0	0	0	1	0	0	0	0	0	0	0	0	0	1	1	0	0	0	0	0	0	0	0	0	0	0	0	0	0	1	1	0	0	1	0	0	0	0	1	1	0	0	1	0	0	1	1	0	1	0	0	0	0	0	0	0	0	1	1	1	0	0	0	0	0	0
5|Food chain|General food and retail|GCA_053982475.1_genomic.fna.gz	0	0	1	0	1	1	0	0	0	0	0	1	0	0	0	1	0	0	0	0	1	1	1	0	1	1	0	0	0	0	0	0	0	0	1	0	1	1	0	0	0	0	1	0	0	0	0	1	0	0	0	0	0	1	1	1	0	0	0	0	1	0	0	1	0	1	0	0	0	0	0	1	0	0	0	0	1	0	0	0	0	0	1	0	0	0	0	0	0	0	0	0	0	0	0	0	0	0	0	0
5|Food chain|Chicken products|GCA_053982555.1_genomic.fna.gz	0	0	1	0	1	1	0	0	0	0	0	1	0	0	0	1	0	0	0	0	1	1	1	0	1	1	0	0	0	0	0	0	0	0	1	0	1	1	0	0	0	0	1	0	0	0	0	1	0	0	0	0	0	1	1	1	0	0	0	0	1	0	0	1	0	1	0	0	0	0	0	1	0	0	0	0	1	0	0	0	0	0	1	0	0	0	0	0	0	0	0	0	0	0	0	0	0	0	0	0
12|Environment|Water and wastewater|GCA_053982615.1_genomic.fna.gz	0	0	0	0	0	0	0	0	1	0	0	0	0	0	0	0	0	0	0	0	1	0	0	1	0	0	0	0	0	0	0	0	1	1	1	0	0	0	1	0	0	0	0	0	0	0	0	0	1	0	0	0	0	0	1	0	0	0	0	0	1	1	1	0	0	0	1	0	0	0	0	1	0	1	0	1	0	0	0	0	0	0	0	0	0	0	0	0	0	0	0	0	0	0	0	0	0	1	0	0
12|Environment|Water and wastewater|GCA_053982635.1_genomic.fna.gz	0	0	0	0	0	0	0	0	1	0	0	0	0	0	0	0	0	0	0	0	1	0	0	1	0	0	0	0	0	0	0	0	1	1	1	0	0	0	1	0	0	0	0	0	0	0	0	0	1	0	0	0	0	0	1	0	0	0	0	0	1	1	1	0	0	0	1	0	0	0	0	1	0	1	0	1	0	0	0	0	0	0	0	0	0	0	0	0	0	0	0	0	0	0	0	0	0	1	0	0
7|Environment|Water and wastewater|GCA_053982655.1_genomic.fna.gz	0	0	0	0	0	0	0	0	0	0	0	0	0	0	0	0	0	0	0	0	0	0	0	0	0	0	0	0	0	0	0	0	1	1	0	0	0	0	0	0	1	0	1	1	0	0	0	0	0	0	0	0	0	0	0	0	1	0	0	0	0	0	0	0	0	0	0	1	0	0	1	0	0	0	0	1	1	1	0	0	0	0	0	0	0	0	0	0	0	0	1	0	0	0	0	0	0	0	0	1
6|Environment|Water and wastewater|GCA_053982675.1_genomic.fna.gz	0	0	0	0	0	0	0	0	0	0	0	0	0	0	0	0	0	0	0	0	0	0	1	0	0	0	0	0	0	0	0	0	0	0	0	0	0	1	0	0	1	0	0	0	0	0	0	0	1	0	0	0	0	0	1	0	0	0	0	0	0	0	0	1	0	1	1	1	0	0	1	1	1	0	0	0	1	1	0	1	1	0	0	0	0	0	0	0	0	0	1	0	0	0	0	0	0	0	0	0
7|Environment|Water and wastewater|GCA_053982935.1_genomic.fna.gz	0	0	0	0	0	0	0	0	0	0	0	0	0	0	0	0	0	0	0	0	0	0	0	0	0	0	0	0	0	0	0	0	1	1	0	0	0	0	0	0	1	0	1	1	0	0	0	0	0	0	0	0	0	0	0	0	1	0	0	0	0	0	0	0	0	0	0	1	0	0	1	0	0	0	0	1	1	1	0	0	0	0	0	0	0	0	0	0	0	0	1	0	0	0	0	0	0	0	0	1
10|Environment|Water and wastewater|GCA_053982955.1_genomic.fna.gz	1	1	0	1	0	0	1	0	0	0	0	1	0	0	0	0	1	1	0	1	0	0	0	1	0	0	1	1	1	0	0	0	0	0	0	0	0	0	0	0	0	0	0	0	0	1	0	0	0	0	0	0	0	0	0	0	0	1	0	1	0	0	1	0	0	0	0	1	1	0	0	0	0	0	0	0	1	0	0	0	0	1	1	0	0	1	1	0	0	0	0	0	0	0	0	0	0	1	0	0
6|Environment|Water and wastewater|GCA_053982975.1_genomic.fna.gz	0	0	0	0	0	0	0	0	0	0	0	0	0	0	0	0	0	0	0	0	0	0	1	0	0	0	0	0	0	0	0	0	0	0	0	0	0	1	0	0	1	0	0	0	0	0	0	0	1	0	0	0	0	0	1	0	0	0	0	0	0	0	0	1	0	1	1	1	0	0	1	1	1	0	0	0	1	1	0	1	1	0	0	0	0	0	0	0	0	0	1	0	0	0	0	0	0	0	0	0
11|Environment|Water and wastewater|GCA_053983535.1_genomic.fna.gz	0	0	0	0	0	0	0	0	0	0	0	0	0	0	0	0	0	0	0	0	0	0	0	0	0	0	0	0	0	0	0	0	0	1	0	0	0	1	1	1	0	1	0	1	0	0	0	1	0	0	0	0	0	0	1	0	0	0	0	0	1	0	0	0	0	0	1	1	0	0	1	0	1	0	0	1	0	0	0	1	1	0	0	0	1	0	0	0	0	0	0	0	0	0	0	0	0	1	1	0
6|Food chain|Plant-derived foods|GCA_054025455.1_genomic.fna.gz	0	0	0	0	0	0	0	0	0	0	0	0	0	0	0	0	0	0	0	0	0	0	0	0	0	0	0	0	0	0	0	0	0	0	0	0	0	1	0	0	1	0	0	0	0	0	0	0	1	0	0	0	0	0	1	0	0	0	0	0	0	1	0	0	0	0	1	0	0	0	1	0	1	0	0	0	1	1	0	0	1	0	0	0	0	0	0	0	0	0	1	0	0	0	0	0	0	1	0	1
12|Food chain|Plant-derived foods|GCA_054025615.1_genomic.fna.gz	0	0	0	0	0	0	0	0	0	0	0	0	0	0	0	1	0	0	0	1	1	0	0	0	0	0	0	0	0	0	0	0	1	1	1	0	0	0	1	0	0	0	0	0	0	0	0	0	1	0	0	0	0	0	1	0	0	0	0	0	0	0	1	0	0	0	0	0	0	0	0	1	0	1	0	0	0	0	0	0	1	0	0	0	0	0	0	0	0	0	1	0	0	0	0	0	0	0	0	1
10|Food chain|Plant-derived foods|GCA_054026635.1_genomic.fna.gz	1	1	0	1	0	0	1	0	0	0	0	1	0	0	0	0	1	1	0	1	0	0	0	1	0	0	1	1	1	0	0	0	0	0	0	0	0	0	0	0	0	0	0	0	0	1	0	0	0	0	0	0	0	0	0	1	0	1	0	1	0	0	1	0	1	0	0	1	1	0	0	0	0	0	0	0	1	0	0	1	0	0	1	0	0	0	0	0	0	0	0	0	0	0	0	0	0	1	0	0
12|Food chain|Plant-derived foods|GCA_054026655.1_genomic.fna.gz	0	0	0	0	0	0	0	0	0	0	0	0	0	0	0	1	0	0	0	1	1	0	0	0	0	0	0	0	0	0	0	0	1	1	1	0	0	0	1	0	0	0	0	0	0	0	0	0	1	0	0	0	0	0	1	0	0	0	0	0	0	0	1	0	0	0	0	0	0	0	0	1	0	1	0	0	0	0	0	0	1	0	0	0	0	0	0	0	0	0	1	0	0	0	0	0	0	0	0	1
15|Food chain|General food and retail|GCA_054065995.1_genomic.fna.gz	0	0	0	0	0	0	0	0	0	0	0	0	0	0	1	0	0	0	0	1	0	0	0	1	0	0	1	0	0	0	0	0	0	0	0	0	0	1	0	0	0	0	0	0	0	0	0	0	0	0	0	0	0	0	0	0	0	0	0	0	0	0	0	1	0	0	0	0	0	0	0	0	1	1	0	0	1	0	0	1	1	1	0	0	1	0	0	0	0	0	0	0	1	0	0	0	0	0	0	0
6|Food chain|Beef products|GCA_054066015.1_genomic.fna.gz	0	0	0	0	0	0	0	0	0	0	0	0	0	0	0	0	0	0	0	0	0	0	0	0	0	0	0	0	0	0	0	0	0	0	0	0	0	1	0	0	1	0	0	0	0	0	0	0	1	0	0	0	0	0	1	0	0	0	0	0	0	1	0	0	0	0	1	0	0	0	1	0	1	0	0	0	1	1	0	0	1	0	0	0	0	0	0	0	0	0	1	0	0	0	0	0	0	1	0	1
15|Food chain|Chicken products|GCA_054066085.1_genomic.fna.gz	0	0	0	0	0	0	0	0	0	0	0	0	0	0	1	0	0	0	0	1	0	0	0	1	0	0	1	0	0	0	0	0	0	0	0	0	0	1	0	0	0	0	0	0	0	0	0	0	0	0	0	0	0	0	0	0	0	0	0	0	0	0	0	1	0	0	0	0	0	0	0	0	1	1	0	0	1	0	0	1	1	1	0	0	1	0	0	0	0	0	0	0	1	0	0	0	0	0	0	0
13|Food chain|Beef products|GCA_054071435.1_genomic.fna.gz	0	0	0	0	0	0	0	0	0	0	0	0	0	0	0	0	0	0	0	0	0	0	1	0	0	0	0	0	0	0	0	0	0	0	0	0	0	0	1	0	0	0	0	0	0	0	0	0	1	0	0	0	0	0	1	0	0	1	0	0	1	0	0	0	0	1	0	0	1	0	0	0	0	0	0	0	0	1	0	0	1	1	1	0	1	0	0	0	0	0	0	0	0	0	1	0	0	1	0	0
3|Food chain|General food and retail|GCA_054071575.1_genomic.fna.gz	0	0	0	0	0	0	0	1	1	1	1	0	1	1	0	0	0	0	1	0	1	0	1	0	1	1	0	0	0	0	0	0	1	1	1	1	0	0	1	1	1	0	0	1	1	0	0	1	1	0	0	0	0	0	0	0	0	0	0	0	0	0	0	0	1	0	1	1	0	1	1	0	0	1	1	0	0	1	0	0	0	0	0	1	0	0	0	0	0	0	0	0	0	0	0	1	0	0	0	0
5|Food chain|Chicken products|GCA_054071685.1_genomic.fna.gz	0	0	1	0	1	1	0	0	0	0	0	1	0	0	0	1	0	0	0	0	1	1	1	0	1	1	0	0	0	0	0	0	0	0	1	0	1	1	0	0	0	0	1	0	0	0	0	1	0	0	0	0	0	1	1	1	0	0	0	0	1	0	0	1	0	1	0	0	0	0	0	1	0	0	0	0	1	0	0	0	0	0	1	0	0	0	0	0	0	0	0	0	0	0	0	0	0	0	0	0
5|Livestock and Other animals|Chicken and poultry birds|GCA_054071915.1_genomic.fna.gz	0	0	1	0	1	1	0	0	0	0	0	1	0	0	0	1	0	0	0	0	1	1	1	0	1	1	0	0	0	0	0	0	0	0	1	0	1	1	0	0	0	0	1	0	0	0	0	1	0	0	0	0	0	1	1	1	0	0	0	0	1	0	0	1	0	1	0	0	0	0	0	1	0	0	0	0	1	0	0	0	0	0	1	0	0	0	0	0	0	0	0	0	0	0	0	0	0	0	0	0
5|Food chain|Chicken products|GCA_054072215.1_genomic.fna.gz	0	0	1	0	1	1	0	0	0	0	0	1	0	0	0	1	0	0	0	0	1	1	1	0	1	1	0	0	0	0	0	0	0	0	1	0	1	1	0	0	0	0	1	0	0	0	0	1	0	0	0	0	0	1	1	1	0	0	0	0	1	0	0	1	0	1	0	0	0	0	0	1	0	0	0	0	1	0	0	0	0	0	1	0	0	0	0	0	0	0	0	0	0	0	0	0	0	0	0	0
13|Livestock and Other animals|Cattle|GCA_054072515.1_genomic.fna.gz	0	0	0	0	0	0	0	0	0	0	0	0	0	0	0	0	0	0	0	0	0	0	1	0	0	0	0	0	0	0	0	0	0	0	0	0	0	0	1	0	0	0	0	0	0	0	0	0	1	0	0	0	0	0	1	0	0	1	0	0	1	0	0	0	0	1	0	0	1	0	0	0	0	0	0	0	0	1	0	0	1	1	1	0	1	0	0	0	0	0	0	0	0	0	1	0	0	1	0	0
5|Food chain|Chicken products|GCA_054072765.1_genomic.fna.gz	0	0	1	0	1	1	0	0	0	0	0	1	0	0	0	1	0	0	0	0	1	1	1	0	1	1	0	0	0	0	0	0	0	0	1	0	1	1	0	0	0	0	1	0	0	0	0	1	0	0	0	0	0	1	1	1	0	0	0	0	1	0	0	1	0	1	0	0	0	0	0	1	0	0	0	0	1	0	0	0	0	0	1	0	0	0	0	0	0	0	0	0	0	0	0	0	0	0	0	0
7|Environment|Water and wastewater|GCA_054086225.1_genomic.fna.gz	0	0	0	0	0	0	0	0	0	0	0	0	0	0	0	0	0	0	0	0	0	0	0	0	0	0	0	0	0	0	0	0	1	1	0	0	0	0	0	0	1	0	1	1	0	0	0	0	0	0	0	0	0	0	0	0	1	0	0	0	0	0	0	0	0	0	0	1	0	0	1	0	0	0	0	1	1	1	0	0	0	0	0	0	0	0	0	0	0	0	1	0	0	0	0	0	0	0	0	1
7|Environment|Water and wastewater|GCA_054086235.1_genomic.fna.gz	0	0	0	0	0	0	0	0	0	0	0	0	0	0	0	0	0	0	0	0	0	0	0	0	0	0	0	0	0	0	0	0	1	1	0	0	0	0	0	0	1	0	1	1	0	0	0	0	0	0	0	0	0	0	0	0	1	0	0	0	0	0	0	0	0	0	0	1	0	0	1	0	0	0	0	1	1	1	0	0	0	0	0	0	0	0	0	0	0	0	1	0	0	0	0	0	0	0	0	1
7|Environment|Water and wastewater|GCA_054086285.1_genomic.fna.gz	0	0	0	0	0	0	0	0	0	0	0	0	0	0	0	0	0	0	0	0	0	0	0	0	0	0	0	0	0	0	0	0	1	1	0	0	0	0	0	0	1	0	1	1	0	0	0	0	0	0	0	0	0	0	0	0	1	0	0	0	0	0	0	0	0	0	0	1	0	0	1	0	0	0	0	1	1	1	0	0	0	0	0	0	0	0	0	0	0	0	1	0	0	0	0	0	0	0	0	1
7|Environment|Water and wastewater|GCA_054086305.1_genomic.fna.gz	0	0	0	0	0	0	0	0	0	0	0	0	0	0	0	0	0	0	0	0	0	0	0	0	0	0	0	0	0	0	0	0	1	1	0	0	0	0	0	0	1	0	1	1	0	0	0	0	0	0	0	0	0	0	0	0	1	0	0	0	0	0	0	0	0	0	0	1	0	0	1	0	0	0	0	1	1	1	0	0	0	0	0	0	0	0	0	0	0	0	1	0	0	0	0	0	0	0	0	1
12|Environment|Water and wastewater|GCA_054086325.1_genomic.fna.gz	0	0	0	0	0	0	0	0	0	0	0	0	0	0	0	0	0	0	0	0	1	0	0	0	0	0	0	0	0	0	0	0	1	0	0	0	0	0	1	0	1	1	0	0	0	0	0	0	1	0	0	0	0	0	0	0	0	0	0	0	1	1	1	0	1	0	0	1	0	0	0	1	0	1	0	1	0	0	0	0	0	0	0	0	1	0	0	0	0	0	0	0	0	0	0	0	0	1	1	1
12|Environment|Water and wastewater|GCA_054086345.1_genomic.fna.gz	0	0	0	0	0	0	0	0	0	0	0	0	0	0	0	0	0	0	0	0	1	0	0	0	0	0	0	0	0	0	0	0	1	0	0	0	0	0	1	0	1	1	0	0	0	0	0	0	1	0	0	0	0	0	0	0	0	0	0	0	1	1	1	0	1	0	0	1	0	0	0	1	0	1	0	1	0	0	0	0	0	0	0	0	1	0	0	0	0	0	0	0	0	0	0	0	0	1	1	1
13|Livestock and Other animals|Swine|GCA_054087485.1_genomic.fna.gz	0	0	0	0	0	0	0	0	0	0	0	0	0	0	0	0	0	0	0	0	0	0	1	0	0	0	0	0	0	0	0	0	0	0	0	0	0	0	1	0	0	0	0	0	0	0	0	0	1	0	0	0	0	0	1	0	0	1	0	0	1	0	0	0	0	1	0	0	1	0	0	0	0	0	0	0	0	1	0	0	1	1	1	0	1	0	0	0	0	0	0	0	0	0	1	0	0	1	0	0
13|Livestock and Other animals|Cattle|GCA_054087505.1_genomic.fna.gz	0	0	0	0	0	0	0	0	0	0	0	0	0	0	0	0	0	0	0	0	0	0	1	0	0	0	0	0	0	0	0	0	0	0	0	0	0	0	1	0	0	0	0	0	0	0	0	0	1	0	0	0	0	0	1	0	0	1	0	0	1	0	0	0	0	1	0	0	1	0	0	0	0	0	0	0	0	1	0	0	1	1	1	0	1	0	0	0	0	0	0	0	0	0	1	0	0	1	0	0
5|Livestock and Other animals|Chicken and poultry birds|GCA_054087585.1_genomic.fna.gz	0	0	1	0	1	1	0	0	0	0	0	1	0	0	0	1	0	0	0	0	1	1	1	0	1	1	0	0	0	0	0	0	0	0	1	0	1	1	0	0	0	0	1	0	0	0	0	1	0	0	0	0	0	1	1	1	0	0	0	0	1	0	0	1	0	1	0	0	0	0	0	1	0	0	0	0	1	0	0	0	0	0	1	0	0	0	0	0	0	0	0	0	0	0	0	0	0	0	0	0
10|Livestock and Other animals|Chicken and poultry birds|GCA_054088685.1_genomic.fna.gz	1	1	0	1	0	0	1	0	0	0	0	1	0	0	0	0	1	1	0	1	0	0	0	1	0	0	1	1	1	0	0	0	0	0	0	0	0	0	0	0	0	0	0	0	0	1	0	0	0	0	0	0	0	0	0	1	0	1	0	1	0	0	1	0	0	0	0	1	1	0	0	0	0	0	0	0	0	0	0	0	0	1	1	0	0	1	1	0	0	0	0	0	0	0	0	0	0	1	0	0
15|Livestock and Other animals|Chicken and poultry birds|GCA_054088805.1_genomic.fna.gz	0	0	0	0	0	0	0	0	0	0	0	0	0	0	1	0	0	0	0	1	0	0	0	1	0	0	1	0	0	0	0	0	0	0	0	0	0	1	0	0	0	0	0	0	0	0	0	0	0	0	0	0	0	0	0	0	0	0	0	0	0	0	0	1	0	0	0	0	0	0	0	0	1	1	0	0	1	0	0	1	1	1	0	0	1	0	0	0	0	0	0	0	1	0	0	0	0	0	0	0
13|Environment|Water and wastewater|GCA_054088945.1_genomic.fna.gz	0	0	0	0	0	0	0	0	0	0	0	0	0	0	0	0	0	0	0	0	0	0	1	0	0	0	0	0	0	0	0	0	0	0	0	0	0	0	1	0	0	0	0	0	0	0	0	0	1	0	0	0	0	0	1	0	0	1	0	0	1	0	0	0	0	1	0	0	1	0	0	0	0	0	0	0	0	1	0	0	1	1	1	0	1	0	0	0	0	0	0	0	0	0	1	0	0	1	0	0
6|Environment|Water and wastewater|GCA_054088965.1_genomic.fna.gz	0	0	0	0	0	0	0	0	0	0	0	0	0	0	0	0	0	0	0	0	0	0	0	0	0	0	0	0	0	0	0	0	0	0	0	0	0	1	0	0	1	0	0	0	0	0	0	0	1	0	0	0	0	0	1	0	0	0	0	0	0	1	0	0	0	0	1	0	0	0	1	0	1	0	0	0	1	1	0	0	1	0	0	0	0	0	0	0	0	0	1	0	0	0	0	0	0	1	0	1
13|Environment|Water and wastewater|GCA_054089045.1_genomic.fna.gz	0	0	0	0	0	0	0	0	0	0	0	0	0	0	0	0	0	0	0	0	0	0	1	0	0	0	0	0	0	0	0	0	0	0	0	0	0	0	1	0	0	0	0	0	0	0	0	0	1	0	0	0	0	0	1	0	0	1	0	0	1	0	0	0	0	1	0	0	1	0	0	0	0	0	0	0	0	1	0	0	1	1	1	0	1	0	0	0	0	0	0	0	0	0	1	0	0	1	0	0
7|Environment|Water and wastewater|GCA_054089085.1_genomic.fna.gz	0	0	0	0	0	0	0	0	0	0	0	0	0	0	0	0	0	0	0	0	0	0	0	0	0	0	0	0	0	0	0	0	1	1	0	0	0	0	0	0	1	0	1	1	0	0	0	0	0	0	0	0	0	0	0	0	1	0	0	0	0	0	0	0	0	0	0	1	0	0	1	0	0	0	0	1	1	1	0	0	0	0	0	0	0	0	0	0	0	0	1	0	0	0	0	0	0	0	0	1
7|Environment|Water and wastewater|GCA_054089095.1_genomic.fna.gz	0	0	0	0	0	0	0	0	0	0	0	0	0	0	0	0	0	0	0	0	0	0	0	0	0	0	0	0	0	0	0	0	1	1	0	0	0	0	0	0	1	0	1	1	0	0	0	0	0	0	0	0	0	0	0	0	1	0	0	0	0	0	0	0	0	0	0	1	0	0	1	0	0	0	0	1	1	1	0	0	0	0	0	0	0	0	0	0	0	0	1	0	0	0	0	0	0	0	0	1
7|Environment|Water and wastewater|GCA_054089125.1_genomic.fna.gz	0	0	0	0	0	0	0	0	0	0	0	0	0	0	0	0	0	0	0	0	0	0	0	0	0	0	0	0	0	0	0	0	1	1	0	0	0	0	0	0	1	0	1	1	0	0	0	0	0	0	0	0	0	0	0	0	1	0	0	0	0	0	0	0	0	0	0	1	0	0	1	0	0	0	0	1	1	1	0	0	0	0	0	0	0	0	0	0	0	0	1	0	0	0	0	0	0	0	0	1
8|Food chain|General food and retail|GCA_054089325.1_genomic.fna.gz	0	0	0	0	0	0	0	0	0	0	0	0	0	0	0	0	0	0	0	0	0	0	0	0	0	0	0	0	0	0	0	1	1	1	0	1	0	0	1	0	1	1	1	0	0	1	1	0	0	0	0	0	0	0	0	0	1	0	0	0	0	1	0	0	0	1	1	0	0	0	0	0	0	0	0	1	0	1	0	0	1	0	0	0	1	0	0	0	0	0	1	0	0	0	0	0	0	0	0	0
7|Environment|Water and wastewater|GCA_054097905.1_genomic.fna.gz	0	0	0	0	0	0	0	0	0	0	0	0	0	0	0	0	0	0	0	0	0	0	0	0	0	0	0	0	0	0	0	0	1	1	0	0	0	0	0	0	1	0	1	1	0	0	0	0	0	0	0	0	0	0	0	0	1	0	0	0	0	0	0	0	0	0	0	1	0	0	1	0	0	0	0	1	1	1	0	0	0	0	0	0	0	0	0	0	0	0	1	0	0	0	0	0	0	0	0	1
8|Environment|Sediment and waste|GCA_054099445.1_genomic.fna.gz	0	0	0	0	0	0	0	0	0	0	0	0	0	0	0	0	0	0	0	0	0	0	0	0	0	0	0	0	0	0	0	1	1	1	0	1	0	0	1	0	1	1	1	0	0	1	1	0	0	0	0	0	0	0	0	0	1	0	0	0	0	1	0	0	0	1	1	0	0	0	0	0	0	0	0	1	0	1	0	0	1	0	0	0	1	0	0	0	0	0	1	0	0	0	0	0	0	0	0	0
8|Livestock and Other animals|Animal organs and body sites|GCA_054099465.1_genomic.fna.gz	0	0	0	0	0	0	0	0	0	0	0	0	0	0	0	0	0	0	0	0	0	0	0	0	0	0	0	0	0	0	0	1	1	1	0	1	0	0	1	0	1	1	1	0	0	1	1	0	0	0	0	0	0	0	0	0	1	0	0	0	0	1	0	0	0	1	1	0	0	0	0	0	0	0	0	1	0	1	0	0	1	0	0	0	1	0	0	0	0	0	1	0	0	0	0	0	0	0	0	0
8|Environment|Sediment and waste|GCA_054099505.1_genomic.fna.gz	0	0	0	0	0	0	0	0	0	0	0	0	0	0	0	0	0	0	0	0	0	0	0	0	0	0	0	0	0	0	0	1	1	1	0	1	0	0	1	0	1	1	1	0	0	1	1	0	0	0	0	0	0	0	0	0	1	0	0	0	0	1	0	0	0	1	1	0	0	0	0	0	0	0	0	1	0	1	0	0	1	0	0	0	1	0	0	0	0	0	1	0	0	0	0	0	0	0	0	0
8|Livestock and Other animals|Animal organs and body sites|GCA_054099525.1_genomic.fna.gz	0	0	0	0	0	0	0	0	0	0	0	0	0	0	0	0	0	0	0	0	0	0	0	0	0	0	0	0	0	0	0	1	1	1	0	1	0	0	1	0	1	1	1	0	0	1	1	0	0	0	0	0	0	0	0	0	1	0	0	0	0	1	0	0	0	1	1	0	0	0	0	0	0	0	0	1	0	1	0	0	1	0	0	0	1	0	0	0	0	0	1	0	0	0	0	0	0	0	0	0
8|Livestock and Other animals|Animal organs and body sites|GCA_054100185.1_genomic.fna.gz	0	0	0	0	0	0	0	0	0	0	0	0	0	0	0	0	0	0	0	0	0	0	0	0	0	0	0	0	0	0	0	1	1	1	0	1	0	0	1	0	1	1	1	0	0	1	1	0	0	0	0	0	0	0	0	0	1	0	0	0	0	1	0	0	0	1	1	0	0	0	0	0	0	0	0	1	0	1	0	0	1	0	0	0	1	0	0	0	0	0	1	0	0	0	0	0	0	0	0	0
10|Environment|Water and wastewater|GCA_054100795.1_genomic.fna.gz	1	1	0	1	0	0	1	0	0	0	0	1	0	0	0	0	1	1	0	1	0	0	0	1	0	0	1	1	1	0	0	0	0	0	0	0	0	0	0	0	0	0	0	0	0	1	0	0	0	0	0	0	0	0	0	1	0	1	0	1	0	0	1	0	1	0	0	1	1	0	0	0	0	0	0	0	1	0	0	1	0	0	1	0	0	0	0	0	0	0	0	0	0	0	0	0	0	1	0	0
10|Environment|Water and wastewater|GCA_054100815.1_genomic.fna.gz	1	1	0	1	0	0	1	0	0	0	0	1	0	0	0	0	1	1	0	1	0	0	0	1	0	0	1	0	1	1	1	0	0	0	1	0	0	0	0	0	0	0	0	0	0	1	0	0	0	0	0	0	0	0	0	1	0	1	0	1	0	0	1	1	1	0	0	1	1	0	0	0	0	0	0	0	0	0	0	1	0	0	0	0	1	0	1	0	0	0	1	1	0	0	0	0	0	1	1	0
10|Environment|Water and wastewater|GCA_054100855.1_genomic.fna.gz	1	1	0	1	0	0	1	0	0	0	0	1	0	0	0	0	1	1	0	1	0	0	0	1	0	0	1	0	1	1	1	0	0	0	1	0	0	0	0	0	0	0	0	0	0	1	0	0	0	0	0	0	0	0	0	1	0	1	0	1	0	0	1	1	1	0	0	1	1	0	0	0	0	0	0	0	0	0	0	1	0	0	0	0	1	0	1	0	0	0	1	1	0	0	0	0	0	1	1	0
10|Environment|Water and wastewater|GCA_054100875.1_genomic.fna.gz	1	1	0	1	0	0	1	0	0	0	0	1	0	0	0	0	1	1	0	1	0	0	0	1	0	0	1	0	1	1	1	0	0	0	1	0	0	0	0	0	0	0	0	0	0	1	0	0	0	0	0	0	0	0	0	1	0	1	0	1	0	0	1	1	1	0	0	1	1	0	0	0	0	0	0	0	0	0	0	1	0	0	0	0	1	0	1	0	0	0	1	1	0	0	0	0	0	1	1	0
11|Environment|Water and wastewater|GCA_054100895.1_genomic.fna.gz	0	0	0	0	0	0	0	0	0	0	0	0	0	0	0	0	0	0	0	0	0	0	0	0	0	0	0	0	0	0	0	0	0	1	0	0	0	1	1	1	0	1	0	1	0	0	0	1	0	0	0	0	0	0	1	0	0	0	0	0	1	0	0	0	0	0	1	1	0	0	1	0	1	0	0	1	0	0	0	1	1	0	0	0	1	0	0	0	0	0	0	0	0	0	0	0	0	1	1	0
4|Environment|Water and wastewater|GCA_054101015.1_genomic.fna.gz	0	0	0	0	0	0	0	0	0	0	0	0	0	0	0	0	0	0	0	0	0	0	0	0	0	0	0	0	0	0	0	0	1	1	0	0	0	0	1	1	0	1	1	0	1	1	0	0	0	0	0	0	0	0	0	0	1	0	0	0	1	0	0	0	0	0	0	1	0	1	0	0	0	0	0	0	0	0	0	0	0	0	1	0	0	0	0	0	0	0	0	0	0	0	1	0	0	0	1	0
10|Environment|Water and wastewater|GCA_054101055.1_genomic.fna.gz	1	1	0	1	0	0	1	0	0	0	0	1	0	0	0	0	1	1	0	1	0	0	0	1	0	0	1	1	1	0	0	0	0	0	0	0	0	0	0	0	0	0	0	0	0	1	0	0	0	0	0	0	0	0	0	1	0	1	0	1	0	0	1	0	1	0	0	1	1	0	0	0	0	0	0	0	1	0	0	1	0	0	1	0	0	0	0	0	0	0	0	0	0	0	0	0	0	1	0	0
10|Environment|Water and wastewater|GCA_054101295.1_genomic.fna.gz	1	1	0	1	0	0	1	0	0	0	0	1	0	0	0	0	1	1	0	1	0	0	0	1	0	0	1	1	1	0	0	0	0	0	0	0	0	0	0	0	0	0	0	0	0	1	0	0	0	0	0	0	0	0	0	1	0	1	0	1	0	0	1	0	1	0	0	1	1	0	0	0	0	0	0	0	1	0	0	1	0	0	1	0	0	0	0	0	0	0	0	0	0	0	0	0	0	1	0	0
10|Environment|Water and wastewater|GCA_054101415.1_genomic.fna.gz	1	1	0	1	0	0	1	0	0	0	0	1	0	0	0	0	1	1	0	1	0	0	0	1	0	0	1	1	1	0	0	0	0	0	0	0	0	0	0	0	0	0	0	0	0	1	0	0	0	0	0	0	0	0	0	1	0	1	0	1	0	0	1	0	1	0	0	1	1	0	0	0	0	0	0	0	1	0	0	1	0	0	1	0	0	0	0	0	0	0	0	0	0	0	0	0	0	1	0	0
11|Environment|Water and wastewater|GCA_054101475.1_genomic.fna.gz	0	0	0	0	0	0	0	0	0	0	0	0	0	0	0	0	0	0	0	0	0	0	0	0	0	0	0	0	0	0	0	0	0	1	0	0	0	1	1	1	0	1	0	1	0	0	0	1	0	0	0	0	0	0	1	0	0	0	0	0	1	0	0	0	0	0	1	1	0	0	1	0	1	0	0	1	0	0	0	1	1	0	0	0	1	0	0	0	0	0	0	0	0	0	0	0	0	1	1	0
12|Environment|Water and wastewater|GCA_054101495.1_genomic.fna.gz	0	0	0	0	0	0	0	0	1	0	0	0	0	0	0	0	0	0	0	0	1	0	0	1	0	0	0	0	0	0	0	0	1	1	1	0	0	0	1	0	0	0	0	0	0	0	0	0	1	0	0	0	0	0	1	0	0	0	0	0	1	1	1	0	0	0	1	0	0	0	0	1	0	1	0	1	0	0	0	0	0	0	0	0	0	0	0	0	0	0	0	0	0	0	0	0	0	1	0	0
4|Environment|Water and wastewater|GCA_054101675.1_genomic.fna.gz	0	0	0	0	0	0	0	0	0	0	0	0	0	0	0	0	0	0	0	0	0	0	0	0	0	0	0	0	0	0	0	0	1	1	0	0	0	0	1	1	0	1	1	0	1	1	0	0	0	0	0	0	0	0	0	0	1	0	0	0	1	0	0	0	0	0	0	1	0	1	0	0	0	0	0	0	0	0	0	0	0	0	1	0	0	0	0	0	0	0	0	0	0	0	1	0	0	0	1	0
12|Environment|Water and wastewater|GCA_054102095.1_genomic.fna.gz	0	0	0	0	0	0	0	0	1	0	0	0	0	0	0	0	0	0	0	0	1	0	0	1	0	0	0	0	0	0	0	0	1	1	1	0	0	0	1	0	0	0	0	0	0	0	0	0	1	0	0	0	0	0	1	0	0	0	0	0	1	1	1	0	0	0	1	0	0	0	0	1	0	1	0	1	0	0	0	0	0	0	0	0	0	0	0	0	0	0	0	0	0	0	0	0	0	1	0	0
7|Environment|Water and wastewater|GCA_054102115.1_genomic.fna.gz	0	0	0	0	0	0	0	0	0	0	0	0	0	0	0	0	0	0	0	0	0	0	0	0	0	0	0	0	0	0	0	0	1	1	0	0	0	0	0	0	1	0	1	1	0	0	0	0	0	0	0	0	0	0	0	0	1	0	0	0	0	0	0	0	0	0	0	1	0	0	1	0	0	0	0	1	1	1	0	0	0	0	0	0	0	0	0	0	0	0	1	0	0	0	0	0	0	0	0	1
3|Food chain|General food and retail|GCA_054102135.1_genomic.fna.gz	0	0	0	0	0	0	0	1	1	1	1	0	1	1	0	0	0	0	1	0	1	0	1	0	1	1	0	0	0	0	0	0	1	1	1	1	0	0	1	1	1	0	0	1	1	0	0	1	1	0	0	0	0	0	0	0	0	0	0	0	0	0	0	0	1	0	1	1	0	1	1	0	0	1	1	0	0	1	0	0	0	0	0	1	0	0	0	0	0	0	0	0	0	0	0	1	0	0	0	0
13|Environment|Sediment and waste|GCA_054102495.1_genomic.fna.gz	0	0	0	0	0	0	0	0	0	0	0	0	0	0	0	0	0	0	0	0	0	0	1	0	0	0	0	0	0	0	0	0	0	0	0	0	0	0	1	0	0	0	0	0	0	0	0	0	1	0	0	0	0	0	1	0	0	1	0	0	1	0	0	0	0	1	0	0	1	0	0	0	0	0	0	0	0	1	0	0	1	1	1	0	1	0	0	0	0	0	0	0	0	0	1	0	0	1	0	0
9|Human clinical|Wounds and abscesses|GCA_054102515.1_genomic.fna.gz	0	0	0	0	0	0	0	0	0	0	0	0	0	0	0	0	0	0	0	0	0	0	0	0	0	0	0	0	0	0	0	1	1	1	0	1	0	0	1	0	1	1	1	0	0	1	1	0	0	0	0	0	0	0	0	0	1	0	0	0	0	1	0	0	0	1	1	0	0	0	0	0	0	0	0	1	0	1	0	0	1	0	0	0	1	0	0	0	0	0	1	0	0	0	0	0	1	0	0	0
13|Environment|Sediment and waste|GCA_054102535.1_genomic.fna.gz	0	0	0	0	0	0	0	0	0	0	0	0	0	0	0	0	0	0	0	0	0	0	1	0	0	0	0	0	0	0	0	0	0	0	0	0	0	0	1	0	0	0	0	0	0	0	0	0	1	0	0	0	0	0	1	0	0	1	0	0	1	0	0	0	0	1	0	0	1	0	0	0	0	0	0	0	0	1	0	0	1	1	1	0	1	0	0	0	0	0	0	0	0	0	1	0	0	1	0	0
5|Food chain|Chicken products|GCA_054102555.1_genomic.fna.gz	0	0	1	0	1	1	0	0	0	0	0	1	0	0	0	1	0	0	0	0	1	1	1	0	1	1	0	0	0	0	0	0	0	0	1	0	1	1	0	0	0	0	1	0	0	0	0	1	0	0	0	0	0	1	1	1	0	0	0	0	1	0	0	1	0	1	0	0	0	0	0	1	0	0	0	0	1	0	0	0	0	0	1	0	0	0	0	0	0	0	0	0	0	0	0	0	0	0	0	0
8|Environment|Sediment and waste|GCA_054102785.1_genomic.fna.gz	0	0	0	0	0	0	0	0	0	0	0	0	0	0	0	0	0	0	0	0	0	0	0	0	0	0	0	0	0	0	0	1	1	1	0	1	0	0	1	0	1	1	1	0	0	1	1	0	0	0	0	0	0	0	0	0	1	0	0	0	0	1	0	0	0	1	1	0	0	0	0	0	0	0	0	1	0	1	0	0	1	0	0	0	1	0	0	0	0	0	1	0	0	0	0	0	0	0	0	0
5|Environment|Sediment and waste|GCA_054102815.1_genomic.fna.gz	0	0	1	0	1	1	0	0	0	0	0	1	0	0	0	1	0	0	0	0	1	1	1	0	1	1	0	0	0	0	0	0	0	0	1	0	1	1	0	0	0	0	1	0	0	0	0	1	0	0	0	0	0	1	1	1	0	0	0	0	1	0	0	1	0	1	0	0	0	0	0	1	0	0	0	0	1	0	0	0	0	0	1	0	0	0	0	0	0	0	0	0	0	0	0	0	0	0	0	0
11|Livestock and Other animals|Animal organs and body sites|GCA_054102835.1_genomic.fna.gz	0	0	0	0	0	0	0	0	0	0	0	0	0	0	0	0	0	0	0	0	0	0	0	0	0	0	0	0	0	0	0	0	0	1	0	0	0	1	1	1	0	1	0	1	0	0	0	1	0	0	0	0	0	0	1	0	0	0	0	0	1	0	0	0	0	0	1	1	0	0	1	0	1	0	0	1	0	0	0	1	1	0	0	0	1	0	0	0	0	0	0	0	0	0	0	0	0	1	1	0
5|Food chain|Chicken products|GCA_054102895.1_genomic.fna.gz	0	0	1	0	1	1	0	0	0	0	0	1	0	0	0	1	0	0	0	0	1	1	1	0	1	1	0	0	0	0	0	0	0	0	1	0	1	1	0	0	0	0	1	0	0	0	0	1	0	0	0	0	0	1	1	1	0	0	0	0	1	0	0	1	0	1	0	0	0	0	0	1	0	0	0	0	1	0	0	0	0	0	1	0	0	0	0	0	0	0	0	0	0	0	0	0	0	0	0	0
8|Livestock and Other animals|Animal organs and body sites|GCA_054103005.1_genomic.fna.gz	0	0	0	0	0	0	0	0	0	0	0	0	0	0	0	0	0	0	0	0	0	0	0	0	0	0	0	0	0	0	0	1	1	1	0	1	0	0	1	0	1	1	1	0	0	1	1	0	0	0	0	0	0	0	0	0	1	0	0	0	0	1	0	0	0	1	1	0	0	0	0	0	0	0	0	1	0	1	0	0	1	0	0	0	1	0	0	0	0	0	1	0	0	0	0	0	0	0	0	0
13|Environment|Water and wastewater|GCA_054103265.1_genomic.fna.gz	0	0	0	0	0	0	0	0	0	0	0	0	0	0	0	0	0	0	0	0	0	0	1	0	0	0	0	0	0	0	0	0	0	0	0	0	0	0	1	0	0	0	0	0	0	0	0	0	1	0	0	0	0	0	1	0	0	1	0	0	1	0	0	0	0	1	0	0	1	0	0	0	0	0	0	0	0	1	0	0	1	1	1	0	1	0	0	0	0	0	0	0	0	0	1	0	0	1	0	0
10|Environment|Water and wastewater|GCA_054103285.1_genomic.fna.gz	1	1	0	1	0	0	1	0	0	0	0	1	0	0	0	0	1	1	0	1	0	0	0	1	0	0	1	1	1	0	0	0	0	0	0	0	0	0	0	0	0	0	0	0	0	1	0	0	0	0	0	0	0	0	0	0	0	1	0	1	0	0	1	0	0	0	0	1	1	0	0	0	0	0	0	0	1	0	0	0	0	1	1	0	0	1	1	0	0	0	0	0	0	0	0	0	0	1	0	0
12|Environment|Water and wastewater|GCA_054103325.1_genomic.fna.gz	0	0	0	0	0	0	0	0	1	0	0	0	0	0	0	0	0	0	0	0	1	0	0	1	0	0	0	0	0	0	0	0	1	1	1	0	0	0	1	0	0	0	0	0	0	0	0	0	1	0	0	0	0	0	1	0	0	0	0	0	1	1	1	0	0	0	1	0	0	0	0	1	0	1	0	1	0	0	0	0	0	0	0	0	0	0	0	0	0	0	0	0	0	0	0	0	0	1	0	0
12|Environment|Water and wastewater|GCA_054103345.1_genomic.fna.gz	0	0	0	0	0	0	0	0	1	0	0	0	0	0	0	0	0	0	0	0	1	0	0	1	0	0	0	0	0	0	0	0	1	1	1	0	0	0	1	0	0	0	0	0	0	0	0	0	1	0	0	0	0	0	1	0	0	0	0	0	1	1	1	0	0	0	1	0	0	0	0	1	0	1	0	1	0	0	0	0	0	0	0	0	0	0	0	0	0	0	0	0	0	0	0	0	0	1	0	0
12|Environment|Water and wastewater|GCA_054103365.1_genomic.fna.gz	0	0	0	0	0	0	0	0	1	0	0	0	0	0	0	0	0	0	0	0	1	0	0	1	0	0	0	0	0	0	0	0	1	1	1	0	0	0	1	0	0	0	0	0	0	0	0	0	1	0	0	0	0	0	1	0	0	0	0	0	1	1	1	0	0	0	1	0	0	0	0	1	0	1	0	1	0	0	0	0	0	0	0	0	0	0	0	0	0	0	0	0	0	0	0	0	0	1	0	0
13|Environment|Water and wastewater|GCA_054103385.1_genomic.fna.gz	0	0	0	0	0	0	0	0	0	0	0	0	0	0	0	0	0	0	0	0	0	0	1	0	0	0	0	0	0	0	0	0	0	0	0	0	0	0	1	0	0	0	0	0	0	0	0	0	1	0	0	0	0	0	1	0	0	1	0	0	1	0	0	0	0	1	0	0	1	0	0	0	0	0	0	0	0	1	0	0	1	1	1	0	1	0	0	0	0	0	0	0	0	0	1	0	0	1	0	0
11|Environment|Water and wastewater|GCA_054103545.1_genomic.fna.gz	0	0	0	0	0	0	0	0	0	0	0	0	0	0	0	0	0	0	0	0	0	0	0	0	0	0	0	0	0	0	0	0	0	1	0	0	0	1	1	1	0	1	0	1	0	0	0	1	0	0	0	0	0	0	1	0	0	0	0	0	1	0	0	0	0	0	1	1	0	0	1	0	1	0	0	1	0	0	0	1	1	0	0	0	1	0	0	0	0	0	0	0	0	0	0	0	0	1	1	0
11|Environment|Water and wastewater|GCA_054103565.1_genomic.fna.gz	0	0	0	0	0	0	0	0	0	0	0	0	0	0	0	0	0	0	0	0	0	0	0	0	0	0	0	0	0	0	0	0	0	1	0	0	0	1	1	1	0	1	0	1	0	0	0	1	0	0	0	0	0	0	1	0	0	0	0	0	1	0	0	0	0	0	1	1	0	0	1	0	1	0	0	1	0	0	0	1	1	0	0	0	1	0	0	0	0	0	0	0	0	0	0	0	0	1	1	0
11|Environment|Water and wastewater|GCA_054103585.1_genomic.fna.gz	0	0	0	0	0	0	0	0	0	0	0	0	0	0	0	0	0	0	0	0	0	0	0	0	0	0	0	0	0	0	0	0	0	1	0	0	0	1	1	1	0	1	0	1	0	0	0	1	0	0	0	0	0	0	1	0	0	0	0	0	1	0	0	0	0	0	1	1	0	0	1	0	1	0	0	1	0	0	0	1	1	0	0	0	1	0	0	0	0	0	0	0	0	0	0	0	0	1	1	0
10|Environment|Water and wastewater|GCA_054103645.1_genomic.fna.gz	1	1	0	1	0	0	1	0	0	0	0	1	0	0	0	0	1	1	0	1	0	0	0	1	0	0	1	1	1	0	0	0	0	0	0	0	0	0	0	0	0	0	0	0	0	1	0	0	0	0	0	0	0	0	0	0	0	1	0	1	0	0	1	0	0	0	0	1	1	0	0	0	0	0	0	0	1	0	0	0	0	1	1	0	0	1	1	0	0	0	0	0	0	0	0	0	0	1	0	0
12|Environment|Water and wastewater|GCA_054103665.1_genomic.fna.gz	0	0	0	0	0	0	0	0	1	0	0	0	0	0	0	0	0	0	0	0	1	0	0	1	0	0	0	0	0	0	0	0	1	1	1	0	0	0	1	0	0	0	0	0	0	0	0	0	1	0	0	0	0	0	1	0	0	0	0	0	1	1	1	0	0	0	1	0	0	0	0	1	0	1	0	1	0	0	0	0	0	0	0	0	0	0	0	0	0	0	0	0	0	0	0	0	0	1	0	0
12|Environment|Water and wastewater|GCA_054103685.1_genomic.fna.gz	0	0	0	0	0	0	0	0	1	0	0	0	0	0	0	0	0	0	0	0	1	0	0	1	0	0	0	0	0	0	0	0	1	1	1	0	0	0	1	0	0	0	0	0	0	0	0	0	1	0	0	0	0	0	1	0	0	0	0	0	1	1	1	0	0	0	1	0	0	0	0	1	0	1	0	1	0	0	0	0	0	0	0	0	0	0	0	0	0	0	0	0	0	0	0	0	0	1	0	0
12|Environment|Water and wastewater|GCA_054103705.1_genomic.fna.gz	0	0	0	0	0	0	0	0	1	0	0	0	0	0	0	0	0	0	0	0	1	0	0	1	0	0	0	0	0	0	0	0	1	1	1	0	0	0	1	0	0	0	0	0	0	0	0	0	1	0	0	0	0	0	1	0	0	0	0	0	1	1	1	0	0	0	1	0	0	0	0	1	0	1	0	1	0	0	0	0	0	0	0	0	0	0	0	0	0	0	0	0	0	0	0	0	0	1	0	0
12|Environment|Water and wastewater|GCA_054103745.1_genomic.fna.gz	0	0	0	0	0	0	0	0	1	0	0	0	0	0	0	0	0	0	0	0	1	0	0	1	0	0	0	0	0	0	0	0	1	1	1	0	0	0	1	0	0	0	0	0	0	0	0	0	1	0	0	0	0	0	1	0	0	0	0	0	1	1	1	0	0	0	1	0	0	0	0	1	0	1	0	1	0	0	0	0	0	0	0	0	0	0	0	0	0	0	0	0	0	0	0	0	0	1	0	0
4|Environment|Water and wastewater|GCA_054103765.1_genomic.fna.gz	0	0	0	0	0	0	0	0	0	0	0	0	0	0	0	0	0	0	0	0	0	0	0	0	0	0	0	0	0	0	0	0	1	1	0	0	0	0	1	1	0	1	1	0	1	1	0	0	0	0	0	0	0	0	0	0	1	0	0	0	1	0	0	0	0	0	0	1	0	1	0	0	0	0	0	0	0	0	0	0	0	0	1	0	0	0	0	0	0	0	0	0	0	0	1	0	0	0	1	0
10|Environment|Water and wastewater|GCA_054103785.1_genomic.fna.gz	1	1	0	1	0	0	1	0	0	0	0	1	0	0	0	0	1	1	0	1	0	0	0	1	0	0	1	1	1	0	0	0	0	0	0	0	0	0	0	0	0	0	0	0	0	1	0	0	0	0	0	0	0	0	0	1	0	1	0	1	0	0	1	0	1	0	0	1	1	0	0	0	0	0	0	0	1	0	0	1	0	0	1	0	0	0	0	0	0	0	0	0	0	0	0	0	0	1	0	0
4|Environment|Water and wastewater|GCA_054103805.1_genomic.fna.gz	0	0	0	0	0	0	0	0	0	0	0	0	0	0	0	0	0	0	0	0	0	0	0	0	0	0	0	0	0	0	0	0	1	1	0	0	0	0	1	1	0	1	1	0	1	1	0	0	0	0	0	0	0	0	0	0	1	0	0	0	1	0	0	0	0	0	0	1	0	1	0	0	0	0	0	0	0	0	0	0	0	0	1	0	0	0	0	0	0	0	0	0	0	0	1	0	0	0	1	0
7|Environment|Water and wastewater|GCA_054103825.1_genomic.fna.gz	0	0	0	0	0	0	0	0	0	0	0	0	0	0	0	0	0	0	0	0	0	0	0	0	0	0	0	0	0	0	0	0	1	1	0	0	0	0	0	0	1	0	1	1	0	0	0	0	0	0	0	0	0	0	0	0	1	0	0	0	0	0	0	0	0	0	0	1	0	0	1	0	0	0	0	1	1	1	0	0	0	0	0	0	0	0	0	0	0	0	1	0	0	0	0	0	0	0	0	1
11|Environment|Water and wastewater|GCA_054103845.1_genomic.fna.gz	0	0	0	0	0	0	0	0	0	0	0	0	0	0	0	0	0	0	0	0	0	0	0	0	0	0	0	0	0	0	0	0	0	1	0	0	0	1	1	1	0	1	0	1	0	0	0	1	0	0	0	0	0	0	1	0	0	0	0	0	1	0	0	0	0	0	1	1	0	0	1	0	1	0	0	1	0	0	0	1	1	0	0	0	1	0	0	0	0	0	0	0	0	0	0	0	0	1	1	0
10|Environment|Water and wastewater|GCA_054103885.1_genomic.fna.gz	1	1	0	1	0	0	1	0	0	0	0	1	0	0	0	0	1	1	0	1	0	0	0	1	0	0	1	1	1	0	0	0	0	0	0	0	0	0	0	0	0	0	0	0	0	1	0	0	0	0	0	0	0	0	0	1	0	1	0	1	0	0	1	0	1	0	0	1	1	0	0	0	0	0	0	0	1	0	0	1	0	0	1	0	0	0	0	0	0	0	0	0	0	0	0	0	0	1	0	0
4|Environment|Water and wastewater|GCA_054103895.1_genomic.fna.gz	0	0	0	0	0	0	0	0	0	0	0	0	0	0	0	0	0	0	0	0	0	0	0	0	0	0	0	0	0	0	0	0	1	1	0	0	0	0	1	1	0	1	1	0	1	1	0	0	0	0	0	0	0	0	0	0	1	0	0	0	1	0	0	0	0	0	0	1	0	1	0	0	0	0	0	0	0	0	0	0	0	0	1	0	0	0	0	0	0	0	0	0	0	0	1	0	0	0	1	0
11|Environment|Water and wastewater|GCA_054103925.1_genomic.fna.gz	0	0	0	0	0	0	0	0	0	0	0	0	0	0	0	0	0	0	0	0	0	0	0	0	0	0	0	0	0	0	0	0	0	1	0	0	0	1	1	1	0	1	0	1	0	0	0	1	0	0	0	0	0	0	1	0	0	0	0	0	1	0	0	0	0	0	1	1	0	0	1	0	1	0	0	1	0	0	0	1	1	0	0	0	1	0	0	0	0	0	0	0	0	0	0	0	0	1	1	0
10|Environment|Water and wastewater|GCA_054103945.1_genomic.fna.gz	1	1	0	1	0	0	1	0	0	0	0	1	0	0	0	0	1	1	0	1	0	0	0	1	0	0	1	1	1	0	0	0	0	0	0	0	0	0	0	0	0	0	0	0	0	1	0	0	0	0	0	0	0	0	0	1	0	1	0	1	0	0	1	0	1	0	0	1	1	0	0	0	0	0	0	0	1	0	0	1	0	0	1	0	0	0	0	0	0	0	0	0	0	0	0	0	0	1	0	0
13|Livestock and Other animals|Cattle|GCA_054103965.1_genomic.fna.gz	0	0	0	0	0	0	0	0	0	0	0	0	0	0	0	0	0	0	0	0	0	0	1	0	0	0	0	0	0	0	0	0	0	0	0	0	0	0	1	0	0	0	0	0	0	0	0	0	1	0	0	0	0	0	1	0	0	1	0	0	1	0	0	0	0	1	0	0	1	0	0	0	0	0	0	0	0	1	0	0	1	1	1	0	1	0	0	0	0	0	0	0	0	0	1	0	0	1	0	0
10|Environment|Water and wastewater|GCA_054104165.1_genomic.fna.gz	1	1	0	1	0	0	1	0	0	0	0	1	0	0	0	0	1	1	0	1	0	0	0	1	0	0	1	1	1	0	0	0	0	0	0	0	0	0	0	0	0	0	0	0	0	1	0	0	0	0	0	0	0	0	0	1	0	1	0	1	0	0	1	0	1	0	0	1	1	0	0	0	0	0	0	0	1	0	0	1	0	0	1	0	0	0	0	0	0	0	0	0	0	0	0	0	0	1	0	0
10|Environment|Water and wastewater|GCA_054104185.1_genomic.fna.gz	1	1	0	1	0	0	1	0	0	0	0	1	0	0	0	0	1	1	0	1	0	0	0	1	0	0	1	1	1	0	0	0	0	0	0	0	0	0	0	0	0	0	0	0	0	1	0	0	0	0	0	0	0	0	0	1	0	1	0	1	0	0	1	0	1	0	0	1	1	0	0	0	0	0	0	0	1	0	0	1	0	0	1	0	0	0	0	0	0	0	0	0	0	0	0	0	0	1	0	0
10|Environment|Water and wastewater|GCA_054104205.1_genomic.fna.gz	1	1	0	1	0	0	1	0	0	0	0	1	0	0	0	0	1	1	0	1	0	0	0	1	0	0	1	1	1	0	0	0	0	0	0	0	0	0	0	0	0	0	0	0	0	1	0	0	0	0	0	0	0	0	0	1	0	1	0	1	0	0	1	0	1	0	0	1	1	0	0	0	0	0	0	0	1	0	0	1	0	0	1	0	0	0	0	0	0	0	0	0	0	0	0	0	0	1	0	0
10|Environment|Water and wastewater|GCA_054104325.1_genomic.fna.gz	1	1	0	1	0	0	1	0	0	0	0	1	0	0	0	0	1	1	0	1	0	0	0	1	0	0	1	1	1	0	0	0	0	0	0	0	0	0	0	0	0	0	0	0	0	1	0	0	0	0	0	0	0	0	0	1	0	1	0	1	0	0	1	0	1	0	0	1	1	0	0	0	0	0	0	0	1	0	0	1	0	0	1	0	0	0	0	0	0	0	0	0	0	0	0	0	0	1	0	0
11|Environment|Water and wastewater|GCA_054104365.1_genomic.fna.gz	0	0	0	0	0	0	0	0	0	0	0	0	0	0	0	0	0	0	0	0	0	0	0	0	0	0	0	0	0	0	0	0	0	1	0	0	0	1	1	1	0	1	0	1	0	0	0	1	0	0	0	0	0	0	1	0	0	0	0	0	1	0	0	0	0	0	1	1	0	0	1	0	1	0	0	1	0	0	0	1	1	0	0	0	1	0	0	0	0	0	0	0	0	0	0	0	0	1	1	0
10|Environment|Water and wastewater|GCA_054105065.1_genomic.fna.gz	1	1	0	1	0	0	1	0	0	0	0	1	0	0	0	0	1	1	0	1	0	0	0	1	0	0	1	1	1	0	0	0	0	0	0	0	0	0	0	0	0	0	0	0	0	1	0	0	0	0	0	0	0	0	0	0	0	1	0	1	0	0	1	0	0	0	0	1	1	0	0	0	0	0	0	0	1	0	0	0	0	1	1	0	0	1	1	0	0	0	0	0	0	0	0	0	0	1	0	0
7|Environment|Water and wastewater|GCA_054105085.1_genomic.fna.gz	0	0	0	0	0	0	0	0	0	0	0	0	0	0	0	0	0	0	0	0	0	0	0	0	0	0	0	0	0	0	0	0	1	1	0	0	0	0	0	0	1	0	1	1	0	0	0	0	0	0	0	0	0	0	0	0	1	0	0	0	0	0	0	0	0	0	0	1	0	0	1	0	0	0	0	1	1	1	0	0	0	0	0	0	0	0	0	0	0	0	1	0	0	0	0	0	0	0	0	1
12|Environment|Water and wastewater|GCA_054105285.1_genomic.fna.gz	0	0	0	0	0	0	0	0	0	0	0	0	0	0	0	0	0	0	0	0	1	0	0	0	0	0	0	0	0	0	0	0	1	0	0	0	0	0	1	0	1	1	0	0	0	0	0	0	1	0	0	0	0	0	0	0	0	0	0	0	1	1	1	0	1	0	0	1	0	0	0	1	0	1	0	1	0	0	0	0	0	0	0	0	1	0	0	0	0	0	0	0	0	0	0	0	0	1	1	1
8|Livestock and Other animals|Swine|GCF_036871005.1_genomic.fna.gz	0	0	0	0	0	0	0	0	0	0	0	0	0	0	0	0	0	0	0	0	0	0	0	0	0	0	0	0	0	0	0	1	1	1	0	1	0	0	1	0	1	1	1	0	0	1	1	0	0	0	0	0	0	0	0	0	1	0	0	0	0	1	0	0	0	1	1	0	0	0	0	0	0	0	0	1	0	1	0	0	1	0	0	0	1	0	0	0	0	0	1	0	0	0	0	0	0	0	0	0
5|Livestock and Other animals|Cattle|GCF_038020165.1_genomic.fna.gz	0	0	1	0	1	1	0	0	0	0	0	1	0	0	0	1	0	0	0	0	1	1	1	0	1	1	0	0	0	0	0	0	0	0	1	0	1	1	0	0	0	0	1	0	0	0	0	1	0	0	0	0	0	1	1	1	0	0	0	0	1	0	0	1	0	1	0	0	0	0	0	1	0	0	0	0	1	0	0	0	0	0	1	0	0	0	0	0	0	0	0	0	0	0	0	0	0	0	0	0
8|Livestock and Other animals|Animal organs and body sites|GCF_038380105.1_genomic.fna.gz	0	0	0	0	0	0	0	0	0	0	0	0	0	0	0	0	0	0	0	0	0	0	0	0	0	0	0	0	0	0	0	1	1	1	0	1	0	0	1	0	1	1	1	0	0	1	1	0	0	0	0	0	0	0	0	0	1	0	0	0	0	1	0	0	0	1	1	0	0	0	0	0	0	0	0	1	0	1	0	0	1	0	0	0	1	0	0	0	0	0	1	0	0	0	0	0	0	0	0	0
2|Environment|Sediment and waste|GCF_038396435.1_genomic.fna.gz	0	0	0	0	0	0	0	1	1	1	1	0	1	1	0	0	0	0	1	0	1	0	1	0	1	1	0	0	0	0	0	0	1	1	1	1	0	0	1	1	1	0	0	1	1	0	0	1	1	0	0	0	0	0	0	0	0	0	0	0	0	0	0	0	1	0	1	1	0	1	1	0	0	1	1	0	0	1	0	0	0	0	0	1	0	0	0	0	0	0	0	0	0	0	0	0	0	0	0	0
2|Environment|Sediment and waste|GCF_038396445.1_genomic.fna.gz	0	0	0	0	0	0	0	1	1	1	1	0	1	1	0	0	0	0	1	0	1	0	1	0	1	1	0	0	0	0	0	0	1	1	1	1	0	0	1	1	1	0	0	1	1	0	0	1	1	0	0	0	0	0	0	0	0	0	0	0	0	0	0	0	1	0	1	1	0	1	1	0	0	1	1	0	0	1	0	0	0	0	0	1	0	0	0	0	0	0	0	0	0	0	0	0	0	0	0	0
5|Food chain|Chicken products|GCF_040050635.1_genomic.fna.gz	0	0	1	0	1	1	0	0	0	0	0	1	0	0	0	1	0	0	0	0	1	1	1	0	1	1	0	0	0	0	0	0	0	0	1	0	1	1	0	0	0	0	1	0	0	0	0	1	0	0	0	0	0	1	1	1	0	0	0	0	1	0	0	1	0	1	0	0	0	0	0	1	0	0	0	0	1	0	0	0	0	0	1	0	0	0	0	0	0	0	0	0	0	0	0	0	0	0	0	0
14|Livestock and Other animals|Chicken and poultry birds|GCF_040784885.1_genomic.fna.gz	0	0	0	0	0	0	0	0	0	0	0	0	0	0	1	0	0	0	0	1	0	0	0	1	0	0	1	0	0	0	0	0	0	0	0	0	0	0	0	0	0	0	0	0	0	0	0	0	1	0	0	0	0	0	0	0	0	0	0	0	0	0	0	1	0	0	0	1	1	0	0	0	1	1	0	0	1	0	0	1	1	0	1	0	0	0	1	0	0	0	1	0	0	0	0	0	0	0	0	1
9|Environment|Sediment and waste|GCF_040822495.1_genomic.fna.gz	0	0	0	0	0	0	0	0	0	0	0	0	0	0	0	0	0	0	0	0	0	0	0	0	0	0	0	0	0	0	0	1	1	1	0	1	0	0	1	0	1	1	1	0	0	1	1	0	0	0	0	0	0	0	0	0	1	0	0	0	0	1	0	0	0	1	1	0	0	0	0	0	0	0	0	1	0	1	0	0	1	0	0	0	1	0	0	0	0	0	1	0	0	0	0	0	1	0	0	0
2|Environment|Sediment and waste|GCF_040822505.1_genomic.fna.gz	0	0	0	0	0	0	0	1	1	1	1	0	1	1	0	0	0	0	1	0	1	0	1	0	1	1	0	0	0	0	0	0	1	1	1	1	0	0	1	1	1	0	0	1	1	0	0	1	1	0	0	0	0	0	0	0	0	0	0	0	0	0	0	0	1	0	1	1	0	1	1	0	0	1	1	0	0	1	0	0	0	0	0	1	0	0	0	0	0	0	0	0	0	0	0	0	0	0	0	0
2|Environment|Sediment and waste|GCF_040822525.1_genomic.fna.gz	0	0	0	0	0	0	0	1	1	1	1	0	1	1	0	0	0	0	1	0	1	0	1	0	1	1	0	0	0	0	0	0	1	1	1	1	0	0	1	1	1	0	0	1	1	0	0	1	1	0	0	0	0	0	0	0	0	0	0	0	0	0	0	0	1	0	1	1	0	1	1	0	0	1	1	0	0	1	0	0	0	0	0	1	0	0	0	0	0	0	0	0	0	0	0	0	0	0	0	0
9|Environment|Sediment and waste|GCF_040895435.1_genomic.fna.gz	0	0	0	0	0	0	0	0	0	0	0	0	0	0	0	0	0	0	0	0	0	0	0	0	0	0	0	0	0	0	0	1	1	1	0	1	0	0	1	0	1	1	1	0	0	1	1	0	0	0	0	0	0	0	0	0	1	0	0	0	0	1	0	0	0	1	1	0	0	0	0	0	0	0	0	1	0	1	0	0	1	0	0	0	1	0	0	0	0	0	1	0	0	0	0	0	1	0	0	0
2|Environment|Sediment and waste|GCF_040895795.1_genomic.fna.gz	0	0	0	0	0	0	0	1	1	1	1	0	1	1	0	0	0	0	1	0	1	0	1	0	1	1	0	0	0	0	0	0	1	1	1	1	0	0	1	1	1	0	0	1	1	0	0	1	1	0	0	0	0	0	0	0	0	0	0	0	0	0	0	0	1	0	1	1	0	1	1	0	0	1	1	0	0	1	0	0	0	0	0	1	0	0	0	0	0	0	0	0	0	0	0	0	0	0	0	0
12|Environment|Sediment and waste|GCF_040956915.1_genomic.fna.gz	0	0	0	0	0	0	0	0	0	0	0	0	0	0	0	0	0	0	0	0	1	0	1	1	0	0	1	0	0	0	0	0	0	1	0	0	0	0	1	0	0	0	1	0	0	0	0	0	1	0	0	0	0	0	1	0	0	0	0	0	1	0	1	0	0	0	1	0	0	0	0	1	0	1	0	1	0	1	0	0	0	1	0	0	0	0	0	0	0	0	0	0	0	0	0	0	0	1	0	0
8|Human clinical|Gastrointestinal and urogenital|GCF_040969815.1_genomic.fna.gz	0	0	0	0	0	0	0	0	0	0	0	0	0	0	0	0	0	0	0	0	0	0	0	0	0	0	0	0	0	0	0	1	1	1	0	1	0	0	1	0	1	1	1	0	0	1	1	0	0	0	0	0	0	0	0	0	1	0	0	0	0	1	0	0	0	1	1	0	0	0	0	0	0	0	0	1	0	1	0	0	1	0	0	0	1	0	0	0	0	0	1	0	0	0	0	0	0	0	0	0
2|Food chain|Chicken products|GCF_041411015.1_genomic.fna.gz	0	0	0	0	0	0	0	1	1	1	1	0	1	1	0	0	0	0	1	0	1	0	1	0	1	1	0	0	0	0	0	0	1	1	1	1	0	0	1	1	1	0	0	1	1	0	0	1	1	0	0	0	0	0	0	0	0	0	0	0	0	0	0	0	1	0	1	1	0	1	1	0	0	1	1	0	0	1	0	0	0	0	0	1	0	0	0	0	0	0	0	0	0	0	0	0	0	0	0	0
2|Food chain|Chicken products|GCF_041411055.1_genomic.fna.gz	0	0	0	0	0	0	0	1	1	1	1	0	1	1	0	0	0	0	1	0	1	0	1	0	1	1	0	0	0	0	0	0	1	1	1	1	0	0	1	1	1	0	0	1	1	0	0	1	1	0	0	0	0	0	0	0	0	0	0	0	0	0	0	0	1	0	1	1	0	1	1	0	0	1	1	0	0	1	0	0	0	0	0	1	0	0	0	0	0	0	0	0	0	0	0	0	0	0	0	0
2|Food chain|Chicken products|GCF_041411135.1_genomic.fna.gz	0	0	0	0	0	0	0	1	1	1	1	0	1	1	0	0	0	0	1	0	1	0	1	0	1	1	0	0	0	0	0	0	1	1	1	1	0	0	1	1	1	0	0	1	1	0	0	1	1	0	0	0	0	0	0	0	0	0	0	0	0	0	0	0	1	0	1	1	0	1	1	0	0	1	1	0	0	1	0	0	0	0	0	1	0	0	0	0	0	0	0	0	0	0	0	0	0	0	0	0
2|Food chain|Chicken products|GCF_041411245.1_genomic.fna.gz	0	0	0	0	0	0	0	1	1	1	1	0	1	1	0	0	0	0	1	0	1	0	1	0	1	1	0	0	0	0	0	0	1	1	1	1	0	0	1	1	1	0	0	1	1	0	0	1	1	0	0	0	0	0	0	0	0	0	0	0	0	0	0	0	1	0	1	1	0	1	1	0	0	1	1	0	0	1	0	0	0	0	0	1	0	0	0	0	0	0	0	0	0	0	0	0	0	0	0	0
2|Food chain|Chicken products|GCF_041411255.1_genomic.fna.gz	0	0	0	0	0	0	0	1	1	1	1	0	1	1	0	0	0	0	1	0	1	0	1	0	1	1	0	0	0	0	0	0	1	1	1	1	0	0	1	1	1	0	0	1	1	0	0	1	1	0	0	0	0	0	0	0	0	0	0	0	0	0	0	0	1	0	1	1	0	1	1	0	0	1	1	0	0	1	0	0	0	0	0	1	0	0	0	0	0	0	0	0	0	0	0	0	0	0	0	0
2|Food chain|Chicken products|GCF_041411265.1_genomic.fna.gz	0	0	0	0	0	0	0	1	1	1	1	0	1	1	0	0	0	0	1	0	1	0	1	0	1	1	0	0	0	0	0	0	1	1	1	1	0	0	1	1	1	0	0	1	1	0	0	1	1	0	0	0	0	0	0	0	0	0	0	0	0	0	0	0	1	0	1	1	0	1	1	0	0	1	1	0	0	1	0	0	0	0	0	1	0	0	0	0	0	0	0	0	0	0	0	0	0	0	0	0
2|Food chain|Chicken products|GCF_041411285.1_genomic.fna.gz	0	0	0	0	0	0	0	1	1	1	1	0	1	1	0	0	0	0	1	0	1	0	1	0	1	1	0	0	0	0	0	0	1	1	1	1	0	0	1	1	1	0	0	1	1	0	0	1	1	0	0	0	0	0	0	0	0	0	0	0	0	0	0	0	1	0	1	1	0	1	1	0	0	1	1	0	0	1	0	0	0	0	0	1	0	0	0	0	0	0	0	0	0	0	0	0	0	0	0	0
2|Food chain|Chicken products|GCF_041411315.1_genomic.fna.gz	0	0	0	0	0	0	0	1	1	1	1	0	1	1	0	0	0	0	1	0	1	0	1	0	1	1	0	0	0	0	0	0	1	1	1	1	0	0	1	1	1	0	0	1	1	0	0	1	1	0	0	0	0	0	0	0	0	0	0	0	0	0	0	0	1	0	1	1	0	1	1	0	0	1	1	0	0	1	0	0	0	0	0	1	0	0	0	0	0	0	0	0	0	0	0	0	0	0	0	0
2|Food chain|Chicken products|GCF_041411335.1_genomic.fna.gz	0	0	0	0	0	0	0	1	1	1	1	0	1	1	0	0	0	0	1	0	1	0	1	0	1	1	0	0	0	0	0	0	1	1	1	1	0	0	1	1	1	0	0	1	1	0	0	1	1	0	0	0	0	0	0	0	0	0	0	0	0	0	0	0	1	0	1	1	0	1	1	0	0	1	1	0	0	1	0	0	0	0	0	1	0	0	0	0	0	0	0	0	0	0	0	0	0	0	0	0
2|Food chain|Chicken products|GCF_041412575.1_genomic.fna.gz	0	0	0	0	0	0	0	1	1	1	1	0	1	1	0	0	0	0	1	0	1	0	1	0	1	1	0	0	0	0	0	0	1	1	1	1	0	0	1	1	1	0	0	1	1	0	0	1	1	0	0	0	0	0	0	0	0	0	0	0	0	0	0	0	1	0	1	1	0	1	1	0	0	1	1	0	0	1	0	0	0	0	0	1	0	0	0	0	0	0	0	0	0	0	0	0	0	0	0	0
5|Livestock and Other animals|Chicken and poultry birds|GCF_041447685.1_genomic.fna.gz	0	0	1	0	1	0	0	0	0	0	0	1	0	0	0	1	0	0	0	0	1	1	1	0	1	1	0	0	0	0	0	0	0	0	1	0	1	1	0	0	0	0	1	0	0	0	0	1	0	0	0	0	0	1	1	1	0	0	0	0	1	0	0	1	0	1	0	0	0	0	0	1	0	0	0	0	1	0	0	0	0	0	1	0	0	0	0	0	0	0	0	0	0	0	0	0	0	0	0	0
14|Livestock and Other animals|Companion animals|GCF_041927305.1_genomic.fna.gz	0	0	0	0	0	0	0	0	0	0	0	0	0	0	1	0	0	0	0	1	0	0	0	1	0	0	1	0	0	0	0	0	0	0	0	0	0	1	0	0	0	0	0	0	0	0	0	1	1	0	0	0	0	0	0	0	0	0	0	0	0	0	0	1	1	0	0	1	0	0	0	0	1	1	0	0	1	0	0	1	1	0	1	0	0	0	0	0	0	0	0	1	1	1	0	0	0	0	0	0
14|Livestock and Other animals|Companion animals|GCF_041927315.1_genomic.fna.gz	0	0	0	0	0	0	0	0	0	0	0	0	0	0	1	0	0	0	0	1	0	0	0	1	0	0	1	0	0	0	0	0	0	0	0	0	0	1	0	0	0	0	0	0	0	0	0	1	1	0	0	0	0	0	0	0	0	0	0	0	0	0	0	1	1	0	0	1	0	0	0	0	1	1	0	0	1	0	0	1	1	0	1	0	0	0	0	0	0	0	0	1	1	1	0	0	0	0	0	0
14|Livestock and Other animals|Companion animals|GCF_041930295.1_genomic.fna.gz	0	0	0	0	0	0	0	0	0	0	0	0	0	0	1	0	0	0	0	1	0	0	0	1	0	0	1	0	0	0	0	0	0	0	0	0	0	1	0	0	0	0	0	0	0	0	0	1	1	0	0	0	0	0	0	0	0	0	0	0	0	0	0	1	1	0	0	1	0	0	0	0	1	1	0	0	1	0	0	1	1	0	1	0	0	0	0	0	0	0	0	1	1	1	0	0	0	0	0	0
14|Livestock and Other animals|Companion animals|GCF_041930325.1_genomic.fna.gz	0	0	0	0	0	0	0	0	0	0	0	0	0	0	1	0	0	0	0	1	0	0	0	1	0	0	1	0	0	0	0	0	0	0	0	0	0	1	0	0	0	0	0	0	0	0	0	1	1	0	0	0	0	0	0	0	0	0	0	0	0	0	0	1	1	0	0	1	0	0	0	0	1	1	0	0	1	0	0	1	1	0	1	0	0	0	0	0	0	0	0	1	1	1	0	0	0	0	0	0
5|Food chain|Chicken products|GCF_041937575.1_genomic.fna.gz	0	0	1	0	1	1	0	0	0	0	0	1	0	0	0	1	0	0	0	0	1	1	1	0	1	1	0	0	0	0	0	0	0	0	1	0	1	1	0	0	0	0	1	0	0	0	0	1	0	0	0	0	0	1	1	1	0	0	0	0	1	0	0	1	0	1	0	0	0	0	0	1	0	0	0	0	1	0	0	0	0	0	1	0	0	0	0	0	0	0	0	0	0	0	0	0	0	0	0	0
5|Food chain|General food and retail|GCF_041937595.1_genomic.fna.gz	0	0	1	0	1	1	0	0	0	0	0	1	0	0	0	1	0	0	0	0	1	1	1	0	1	1	0	0	0	0	0	0	0	0	1	0	1	1	0	0	0	0	1	0	0	0	0	1	0	0	0	0	1	1	1	1	0	0	0	0	1	0	0	1	0	1	0	0	0	0	0	1	0	0	0	0	1	0	0	0	0	0	1	0	0	0	0	0	0	0	0	0	0	0	0	0	0	0	0	0
5|Food chain|Chicken products|GCF_041941495.1_genomic.fna.gz	0	0	1	0	1	1	0	0	0	0	0	1	0	0	0	1	0	0	0	0	1	1	1	0	1	1	0	0	0	0	0	0	0	0	1	0	1	1	0	0	0	0	1	0	0	0	0	1	0	0	0	0	0	1	1	1	0	0	0	0	1	0	0	1	0	1	0	0	0	0	0	1	0	0	0	0	1	0	0	0	0	0	1	0	0	0	0	0	0	0	0	0	0	0	0	0	0	0	0	0
5|Food chain|Turkey and duck products|GCF_041941555.1_genomic.fna.gz	0	0	1	0	1	1	0	0	0	0	0	1	0	0	0	1	0	0	0	0	1	1	1	0	1	1	0	0	0	0	0	0	0	0	1	0	1	1	0	0	0	0	1	0	0	0	0	1	0	0	0	0	0	1	1	1	0	0	0	0	1	0	0	1	0	1	0	0	0	0	0	1	0	0	0	0	1	0	0	0	0	0	1	0	0	0	0	0	0	0	0	0	0	0	0	0	0	0	0	0
5|Food chain|Chicken products|GCF_041941565.1_genomic.fna.gz	0	0	1	0	1	1	0	0	0	0	0	1	0	0	0	1	0	0	0	0	1	1	1	0	1	1	0	0	0	0	0	0	0	0	1	0	1	1	0	0	0	0	1	0	0	0	0	1	0	0	0	0	0	1	1	1	0	0	0	0	1	0	0	1	0	1	0	0	0	0	0	1	0	0	0	0	1	0	0	0	0	0	1	0	0	0	0	0	0	0	0	0	0	0	0	0	0	0	0	0
8|Environment|Water and wastewater|GCF_043496845.1_genomic.fna.gz	0	0	0	0	0	0	0	0	0	0	0	0	0	0	0	0	0	0	0	0	0	0	0	0	0	0	0	0	0	0	0	1	1	1	0	1	0	0	1	0	1	1	1	0	0	1	1	0	0	0	0	0	0	0	0	0	1	0	0	0	0	1	0	0	0	1	1	0	0	0	0	0	0	0	0	1	0	1	0	0	1	0	0	0	1	0	0	0	0	0	1	0	0	0	0	0	0	0	0	0
9|Environment|Sediment and waste|GCF_044366585.1_genomic.fna.gz	0	0	0	0	0	0	0	0	0	0	0	0	0	0	0	0	0	0	0	0	0	0	0	0	0	0	0	0	0	0	0	1	1	1	0	1	0	0	1	0	1	1	1	0	0	1	1	0	0	0	0	0	0	0	0	0	1	0	0	0	0	1	0	0	0	1	1	0	0	0	0	0	0	0	0	1	0	1	0	0	1	0	0	0	1	0	0	0	0	0	1	0	0	0	0	0	1	0	0	0
8|Food chain|General food and retail|GCF_045278205.1_genomic.fna.gz	0	0	0	0	0	0	0	0	0	0	0	0	0	0	0	0	0	0	0	0	0	0	0	0	0	0	0	0	0	0	0	1	1	1	0	1	0	0	1	0	1	1	1	0	0	1	1	0	0	0	0	0	0	0	0	0	1	0	0	0	0	1	0	0	0	1	1	0	0	0	0	0	0	0	0	1	0	1	0	0	1	0	0	0	1	0	0	0	0	0	1	0	0	0	0	0	0	0	0	0
5|Human clinical|Gastrointestinal and urogenital|GCF_045821975.1_genomic.fna.gz	0	0	1	0	1	1	0	0	0	0	0	1	0	0	0	1	0	0	0	0	1	1	1	0	1	1	0	0	0	0	0	0	0	0	1	0	1	1	0	0	0	0	1	0	0	0	0	1	0	0	0	0	0	1	1	1	0	0	0	0	1	0	0	1	0	1	0	0	0	0	0	1	0	0	0	0	1	0	0	0	0	0	1	0	0	0	0	0	0	0	0	0	0	0	0	0	0	0	0	0
5|Livestock and Other animals|Companion animals|GCF_047946865.1_genomic.fna.gz	0	0	1	0	1	1	0	0	0	0	0	1	0	0	0	1	0	0	0	0	1	1	1	0	1	1	0	0	0	0	0	0	0	0	1	0	1	1	0	0	0	0	1	0	0	0	0	1	0	0	0	0	0	1	1	1	0	0	0	0	1	0	0	1	0	1	0	0	0	0	0	1	0	0	0	0	1	0	0	0	0	0	1	0	0	0	0	0	0	0	0	0	0	0	0	0	0	0	0	0
5|Food chain|Chicken products|GCF_047980805.2_genomic.fna.gz	0	0	1	0	1	1	0	0	0	0	0	1	0	0	0	1	0	0	0	0	1	1	1	0	1	1	0	0	0	0	0	0	0	0	1	0	1	1	0	0	0	0	1	0	0	0	0	1	0	0	0	0	0	1	1	1	0	0	0	0	1	0	0	1	0	1	0	0	0	0	0	1	0	0	0	0	1	0	0	0	0	0	1	0	0	0	0	0	0	0	0	0	0	0	0	0	0	0	0	0
5|Food chain|Beef products|GCF_048018295.1_genomic.fna.gz	0	0	1	0	1	1	0	0	0	0	0	1	0	0	0	1	0	0	0	0	1	1	1	0	1	1	0	0	0	0	0	0	0	0	1	0	1	1	0	0	0	0	1	0	0	0	0	1	0	0	0	0	0	1	1	1	0	0	0	0	1	0	0	1	0	1	0	0	0	0	0	1	0	0	0	0	1	0	0	0	0	0	1	0	0	0	0	0	0	0	0	0	0	0	0	0	0	0	0	0
11|Environment|Water and wastewater|GCF_048257045.1_genomic.fna.gz	0	0	0	0	0	0	0	0	0	0	0	0	0	0	0	0	0	0	0	0	0	0	0	0	0	0	0	0	0	0	0	0	0	1	0	0	0	1	1	1	0	1	0	1	0	0	0	1	0	0	0	0	0	0	1	0	0	0	0	0	1	0	0	0	0	0	1	1	0	0	1	0	1	0	0	1	0	0	0	1	1	0	0	0	1	0	0	0	0	0	0	0	0	0	0	0	0	1	1	0
11|Environment|Water and wastewater|GCF_048257235.1_genomic.fna.gz	0	0	0	0	0	0	0	0	0	0	0	0	0	0	0	0	0	0	0	0	0	0	0	0	0	0	0	0	0	0	0	0	0	1	0	0	0	1	1	1	0	1	0	1	0	0	0	1	0	0	0	0	0	0	1	0	0	0	0	0	1	0	0	0	0	0	1	1	0	0	1	0	1	0	0	1	0	0	0	1	1	0	0	0	1	0	0	0	0	0	0	0	0	0	0	0	0	1	1	0
5|Food chain|General food and retail|GCF_048296795.1_genomic.fna.gz	0	0	1	0	1	1	0	0	0	0	0	1	0	0	0	1	0	0	0	0	1	1	1	0	1	1	0	0	0	0	0	0	0	0	1	0	1	1	0	0	0	0	1	0	0	0	0	1	0	0	0	0	0	1	1	1	0	0	0	0	1	0	0	1	0	1	0	0	0	0	0	1	0	0	0	0	1	0	0	0	0	0	1	0	0	0	0	0	0	0	0	0	0	0	0	0	0	0	0	0
5|Food chain|General food and retail|GCF_048296805.1_genomic.fna.gz	0	0	1	0	1	1	0	0	0	0	0	1	0	0	0	1	0	0	0	0	1	1	1	0	1	1	0	0	0	0	0	0	0	0	1	0	1	1	0	0	0	0	1	0	0	0	0	1	0	0	0	0	0	1	1	1	0	0	0	0	1	0	0	1	0	1	0	0	0	0	0	1	0	0	0	0	1	0	0	0	0	0	1	0	0	0	0	0	0	0	0	0	0	0	0	0	0	0	0	0
5|Food chain|General food and retail|GCF_048296825.1_genomic.fna.gz	0	0	1	0	1	1	0	0	0	0	0	1	0	0	0	1	0	0	0	0	1	1	1	0	1	1	0	0	0	0	0	0	0	0	1	0	1	1	0	0	0	0	1	0	0	0	0	1	0	0	0	0	0	1	1	1	0	0	0	0	1	0	0	1	0	1	0	0	0	0	0	1	0	0	0	0	1	0	0	0	0	0	1	0	0	0	0	0	0	0	0	0	0	0	0	0	0	0	0	0
5|Food chain|General food and retail|GCF_048296835.1_genomic.fna.gz	0	0	1	0	1	1	0	0	0	0	0	1	0	0	0	1	0	0	0	0	1	1	1	0	1	1	0	0	0	0	0	0	0	0	1	0	1	1	0	0	0	0	1	0	0	0	0	1	0	0	0	0	0	1	1	1	0	0	0	0	1	0	0	1	0	1	0	0	0	0	0	1	0	0	0	0	1	0	0	0	0	0	1	0	0	0	0	0	0	0	0	0	0	0	0	0	0	0	0	0
8|Food chain|General food and retail|GCF_048750985.1_genomic.fna.gz	0	0	0	0	0	0	0	0	0	0	0	0	0	0	0	0	0	0	0	0	0	0	0	0	0	0	0	0	0	0	0	1	1	1	0	1	0	0	1	0	1	1	1	0	0	1	1	0	0	0	0	0	0	0	0	0	1	0	0	0	0	1	0	0	0	1	1	0	0	0	0	0	0	0	0	1	0	1	0	0	1	0	0	0	1	0	0	0	0	0	1	0	0	0	0	0	0	0	0	0
8|Environment|Sediment and waste|GCF_049187565.1_genomic.fna.gz	0	0	0	0	0	0	0	0	0	0	0	0	0	0	0	0	0	0	0	0	0	0	0	0	0	0	0	0	0	0	0	1	1	1	0	1	0	0	1	0	1	1	1	0	0	1	1	0	0	0	0	0	0	0	0	0	1	0	0	0	0	1	0	0	0	1	1	0	0	0	0	0	0	0	0	1	0	1	0	0	1	0	0	0	1	0	0	0	0	0	1	0	0	0	0	0	0	0	0	0
8|Environment|Sediment and waste|GCF_049544835.1_genomic.fna.gz	0	0	0	0	0	0	0	0	0	0	0	0	0	0	0	0	0	0	0	0	0	0	0	0	0	0	0	0	0	0	0	1	1	1	0	1	0	0	1	0	1	1	1	0	0	1	1	0	0	0	0	0	0	0	0	0	1	0	0	0	0	1	0	0	0	1	1	0	0	0	0	0	0	0	0	1	0	1	0	0	1	0	0	0	1	0	0	0	0	0	1	0	0	0	0	0	0	0	0	0
5|Livestock and Other animals|Chicken and poultry birds|GCF_049544875.1_genomic.fna.gz	0	0	1	0	1	1	0	0	0	0	0	1	0	0	0	1	0	0	0	0	1	1	1	0	1	1	0	0	0	0	0	0	0	0	1	0	1	1	0	0	0	0	1	0	0	0	0	1	0	0	0	0	0	1	1	1	0	0	0	0	1	0	0	1	0	1	0	0	0	0	0	1	0	0	0	0	1	0	0	0	0	0	1	0	0	0	0	0	0	0	0	0	0	0	0	0	0	0	0	0
2|Human clinical|Blood and tissues|GCF_049618335.1_genomic.fna.gz	0	0	0	0	0	0	0	1	1	1	1	0	1	1	0	0	0	0	1	0	1	0	1	0	1	1	0	0	0	0	0	0	1	1	1	1	0	0	1	1	1	0	0	1	1	0	0	1	1	0	0	0	0	0	0	0	0	0	0	0	0	0	0	0	1	0	1	1	0	1	1	0	0	1	1	0	0	1	0	0	0	0	0	1	0	0	0	0	0	0	0	0	0	0	0	0	0	0	0	0
12|Human clinical|Gastrointestinal and urogenital|GCF_049619335.1_genomic.fna.gz	0	0	0	0	0	0	0	0	0	0	0	0	0	0	0	0	0	0	0	0	1	0	1	1	0	0	1	0	0	0	0	0	0	1	0	0	0	0	1	0	0	0	1	0	0	0	0	0	1	0	0	0	0	0	1	0	0	0	0	0	1	0	1	0	0	0	1	0	0	0	0	1	0	1	0	1	0	1	0	0	0	1	0	0	0	0	0	0	0	0	0	0	0	0	0	0	0	1	0	0
10|Human clinical|Blood and tissues|GCF_049619385.1_genomic.fna.gz	1	1	0	1	0	0	1	0	0	0	0	1	0	0	0	0	1	1	0	1	0	0	0	1	0	0	1	1	1	0	0	0	0	0	0	0	0	0	0	0	0	0	0	0	0	1	0	0	0	0	0	0	0	0	0	1	0	1	0	1	0	0	1	0	0	0	0	1	1	0	0	0	0	0	0	0	0	0	0	0	0	1	1	0	0	1	1	0	0	0	0	0	0	0	0	0	0	1	0	0
2|Food chain|General food and retail|GCF_049810345.1_genomic.fna.gz	0	0	0	0	0	0	0	1	1	1	1	0	1	1	0	0	0	0	1	0	1	0	1	0	1	1	0	0	0	0	0	0	1	1	1	1	0	0	1	1	1	0	0	1	1	0	0	1	1	0	0	0	0	0	0	0	0	0	0	0	0	0	0	0	1	0	1	1	0	1	1	0	0	1	1	0	0	1	0	0	0	0	0	1	0	0	0	0	0	0	0	0	0	0	0	0	0	0	0	0
8|Livestock and Other animals|Swine|GCF_050859225.1_genomic.fna.gz	0	0	0	0	0	0	0	0	0	0	0	0	0	0	0	0	0	0	0	0	0	0	0	0	0	0	0	0	0	0	0	1	1	1	0	1	0	0	1	0	1	1	1	0	0	1	1	0	0	0	0	0	0	0	0	0	1	0	0	0	0	1	0	0	0	1	1	0	0	0	0	0	0	0	0	1	0	1	0	0	1	0	0	0	1	0	0	0	0	0	1	0	0	0	0	0	0	0	0	0
8|Livestock and Other animals|Swine|GCF_050859285.1_genomic.fna.gz	0	0	0	0	0	0	0	0	0	0	0	0	0	0	0	0	0	0	0	0	0	0	0	0	0	0	0	0	0	0	0	1	1	1	0	1	0	0	1	0	1	1	1	0	0	1	1	0	0	0	0	0	0	0	0	0	1	0	0	0	0	1	0	0	0	1	1	0	0	0	0	0	0	0	0	1	0	1	0	0	1	0	0	0	1	0	0	0	0	0	1	0	0	0	0	0	0	0	0	0
8|Environment|Environmental swabs and sponges|GCF_050881565.1_genomic.fna.gz	0	0	0	0	0	0	0	0	0	0	0	0	0	0	0	0	0	0	0	0	0	0	0	0	0	0	0	0	0	0	0	1	1	1	0	1	0	0	1	0	1	1	1	0	0	1	1	0	0	0	0	0	0	0	0	0	1	0	0	0	0	1	0	0	0	1	1	0	0	0	0	0	0	0	0	1	0	1	0	0	1	0	0	0	1	0	0	0	0	0	1	0	0	0	0	0	0	0	0	0
8|Livestock and Other animals|Swine|GCF_050881585.1_genomic.fna.gz	0	0	0	0	0	0	0	0	0	0	0	0	0	0	0	0	0	0	0	0	0	0	0	0	0	0	0	0	0	0	0	1	1	1	0	1	0	0	1	0	1	1	1	0	0	1	1	0	0	0	0	0	0	0	0	0	1	0	0	0	0	1	0	0	0	1	1	0	0	0	0	0	0	0	0	1	0	1	0	0	1	0	0	0	1	0	0	0	0	0	1	0	0	0	0	0	0	0	0	0
2|Food chain|General food and retail|GCF_051020485.1_genomic.fna.gz	0	0	0	0	0	0	0	1	1	1	1	0	1	1	0	0	0	0	1	0	1	0	1	0	1	1	0	0	0	0	0	0	1	1	1	1	0	0	1	1	1	0	0	1	1	0	0	1	1	0	0	0	0	0	0	0	0	0	0	0	0	0	0	0	1	0	1	1	0	1	1	0	0	1	1	0	0	1	0	0	0	0	0	1	0	0	0	0	0	0	0	0	0	0	0	0	0	0	0	0
2|Food chain|General food and retail|GCF_051020495.1_genomic.fna.gz	0	0	0	0	0	0	0	1	1	1	1	0	1	1	0	0	0	0	1	0	1	0	1	0	1	1	0	0	0	0	0	0	1	1	1	1	0	0	1	1	1	0	0	1	1	0	0	1	1	0	0	0	0	0	0	0	0	0	0	0	0	0	0	0	1	0	1	1	0	1	1	0	0	1	1	0	0	1	0	0	0	0	0	1	0	0	0	0	0	0	0	0	0	0	0	0	0	0	0	0
2|Human clinical|Gastrointestinal and urogenital|GCF_051668715.1_genomic.fna.gz	0	0	0	0	0	0	0	1	1	1	1	0	1	1	0	0	0	0	1	0	1	0	1	0	1	1	0	0	0	0	0	0	1	1	1	1	0	0	1	1	1	0	0	1	1	0	0	1	1	0	0	0	0	0	0	0	0	0	0	0	0	0	0	0	1	0	1	1	0	1	1	0	0	1	1	0	0	1	0	0	0	0	0	1	0	0	0	0	0	0	0	0	0	0	0	0	0	0	0	0
8|Human clinical|Gastrointestinal and urogenital|GCF_051861865.1_genomic.fna.gz	0	0	0	0	0	0	0	0	0	0	0	0	0	0	0	0	0	0	0	0	0	0	0	0	0	0	0	0	0	0	0	1	1	1	0	1	0	0	1	0	1	1	1	0	0	1	1	0	0	0	0	0	0	0	0	0	1	0	0	0	0	1	0	0	0	1	1	0	0	0	0	0	0	0	0	1	0	1	0	0	1	0	0	0	1	0	0	0	0	0	1	0	0	0	0	0	0	0	0	0
8|Food chain|General food and retail|GCF_052975165.1_genomic.fna.gz	0	0	0	0	0	0	0	0	0	0	0	0	0	0	0	0	0	0	0	0	0	0	0	0	0	0	0	0	0	0	0	1	1	1	0	1	0	0	1	0	1	1	1	0	0	1	1	0	0	0	0	0	0	0	0	0	1	0	0	0	0	1	0	0	0	1	1	0	0	0	0	0	0	0	0	1	0	1	0	0	1	0	0	0	1	0	0	0	0	0	1	0	0	0	0	0	0	0	0	0
8|Human clinical|Gastrointestinal and urogenital|GCF_052975185.1_genomic.fna.gz	0	0	0	0	0	0	0	0	0	0	0	0	0	0	0	0	0	0	0	0	0	0	0	0	0	0	0	0	0	0	0	1	1	1	0	1	0	0	1	0	1	1	1	0	0	1	1	0	0	0	0	0	0	0	0	0	1	0	0	0	0	1	0	0	0	1	1	0	0	0	0	0	0	0	0	1	0	1	0	0	1	0	0	0	1	0	0	0	0	0	1	0	0	0	0	0	0	0	0	0
8|Human clinical|Wounds and abscesses|GCF_053211195.1_genomic.fna.gz	0	0	0	0	0	0	0	0	0	0	0	0	0	0	0	0	0	0	0	0	0	0	0	0	0	0	0	0	0	0	0	1	1	1	0	1	0	0	1	0	1	1	1	0	0	1	1	0	0	0	0	0	0	0	0	0	1	0	0	0	0	1	0	0	0	1	1	0	0	0	0	0	0	0	0	1	0	1	0	0	1	0	0	0	1	0	0	0	0	0	1	0	0	0	0	0	0	0	0	0
8|Environment|Sediment and waste|GCF_053232465.1_genomic.fna.gz	0	0	0	0	0	0	0	0	0	0	0	0	0	0	0	0	0	0	0	0	0	0	0	0	0	0	0	0	0	0	0	1	1	1	0	1	0	0	1	0	1	1	1	0	0	1	1	0	0	0	0	0	0	0	0	0	1	0	0	0	0	1	0	0	0	1	1	0	0	0	0	0	0	0	0	1	0	1	0	0	1	0	0	0	1	0	0	0	0	0	1	0	0	0	0	0	0	0	0	0
8|Environment|Sediment and waste|GCF_053232505.1_genomic.fna.gz	0	0	0	0	0	0	0	0	0	0	0	0	0	0	0	0	0	0	0	0	0	0	0	0	0	0	0	0	0	0	0	1	1	1	0	1	0	0	1	0	1	1	1	0	0	1	1	0	0	0	0	0	0	0	0	0	1	0	0	0	0	1	0	0	0	1	1	0	0	0	0	0	0	0	0	1	0	1	0	0	1	0	0	0	1	0	0	0	0	0	1	0	0	0	0	0	0	0	0	0
8|Environment|Sediment and waste|GCF_053232525.1_genomic.fna.gz	0	0	0	0	0	0	0	0	0	0	0	0	0	0	0	0	0	0	0	0	0	0	0	0	0	0	0	0	0	0	0	1	1	1	0	1	0	0	1	0	1	1	1	0	0	1	1	0	0	0	0	0	0	0	0	0	1	0	0	0	0	1	0	0	0	1	1	0	0	0	0	0	0	0	0	1	0	1	0	0	1	0	0	0	1	0	0	0	0	0	1	0	0	0	0	0	0	0	0	0
8|Environment|Sediment and waste|GCF_053232565.1_genomic.fna.gz	0	0	0	0	0	0	0	0	0	0	0	0	0	0	0	0	0	0	0	0	0	0	0	0	0	0	0	0	0	0	0	1	1	1	0	1	0	0	1	0	1	1	1	0	0	1	1	0	0	0	0	0	0	0	0	0	1	0	0	0	0	1	0	0	0	1	1	0	0	0	0	0	0	0	0	1	0	1	0	0	1	0	0	0	1	0	0	0	0	0	1	0	0	0	0	0	0	0	0	0
8|Environment|Sediment and waste|GCF_053232585.1_genomic.fna.gz	0	0	0	0	0	0	0	0	0	0	0	0	0	0	0	0	0	0	0	0	0	0	0	0	0	0	0	0	0	0	0	1	1	1	0	1	0	0	1	0	1	1	1	0	0	1	1	0	0	0	0	0	0	0	0	0	1	0	0	0	0	1	0	0	0	1	1	0	0	0	0	0	0	0	0	1	0	1	0	0	1	0	0	0	1	0	0	0	0	0	1	0	0	0	0	0	0	0	0	0
8|Environment|Sediment and waste|GCF_053232605.1_genomic.fna.gz	0	0	0	0	0	0	0	0	0	0	0	0	0	0	0	0	0	0	0	0	0	0	0	0	0	0	0	0	0	0	0	1	1	1	0	1	0	0	1	0	1	1	1	0	0	1	1	0	0	0	0	0	0	0	0	0	1	0	0	0	0	1	0	0	0	1	1	0	0	0	0	0	0	0	0	1	0	1	0	0	1	0	0	0	1	0	0	0	0	0	1	0	0	0	0	0	0	0	0	0
8|Environment|Sediment and waste|GCF_053273595.1_genomic.fna.gz	0	0	0	0	0	0	0	0	0	0	0	0	0	0	0	0	0	0	0	0	0	0	0	0	0	0	0	0	0	0	0	1	1	1	0	1	0	0	1	0	1	1	1	0	0	1	1	0	0	0	0	0	0	0	0	0	1	0	0	0	0	1	0	0	0	1	1	0	0	0	0	0	0	0	0	1	0	1	0	0	1	0	0	0	1	0	0	0	0	0	1	0	0	0	0	0	0	0	0	0
8|Environment|Sediment and waste|GCF_053273615.1_genomic.fna.gz	0	0	0	0	0	0	0	0	0	0	0	0	0	0	0	0	0	0	0	0	0	0	0	0	0	0	0	0	0	0	0	1	1	1	0	1	0	0	1	0	1	1	1	0	0	1	1	0	0	0	0	0	0	0	0	0	1	0	0	0	0	1	0	0	0	1	1	0	0	0	0	0	0	0	0	1	0	1	0	0	1	0	0	0	1	0	0	0	0	0	1	0	0	0	0	0	0	0	0	0
8|Environment|Sediment and waste|GCF_053273635.1_genomic.fna.gz	0	0	0	0	0	0	0	0	0	0	0	0	0	0	0	0	0	0	0	0	0	0	0	0	0	0	0	0	0	0	0	1	1	1	0	1	0	0	1	0	1	1	1	0	0	1	1	0	0	0	0	0	0	0	0	0	1	0	0	0	0	1	0	0	0	1	1	0	0	0	0	0	0	0	0	1	0	1	0	0	1	0	0	0	1	0	0	0	0	0	1	0	0	0	0	0	0	0	0	0
8|Environment|Sediment and waste|GCF_053273655.1_genomic.fna.gz	0	0	0	0	0	0	0	0	0	0	0	0	0	0	0	0	0	0	0	0	0	0	0	0	0	0	0	0	0	0	0	1	1	1	0	1	0	0	1	0	1	1	1	0	0	1	1	0	0	0	0	0	0	0	0	0	1	0	0	0	0	1	0	0	0	1	1	0	0	0	0	0	0	0	0	1	0	1	0	0	1	0	0	0	1	0	0	0	0	0	1	0	0	0	0	0	0	0	0	0
8|Environment|Sediment and waste|GCF_053273675.1_genomic.fna.gz	0	0	0	0	0	0	0	0	0	0	0	0	0	0	0	0	0	0	0	0	0	0	0	0	0	0	0	0	0	0	0	1	1	1	0	1	0	0	1	0	1	1	1	0	0	1	1	0	0	0	0	0	0	0	0	0	1	0	0	0	0	1	0	0	0	1	1	0	0	0	0	0	0	0	0	1	0	1	0	0	1	0	0	0	1	0	0	0	0	0	1	0	0	0	0	0	0	0	0	0
8|Environment|Sediment and waste|GCF_053273695.1_genomic.fna.gz	0	0	0	0	0	0	0	0	0	0	0	0	0	0	0	0	0	0	0	0	0	0	0	0	0	0	0	0	0	0	0	1	1	1	0	1	0	0	1	0	1	1	1	0	0	1	1	0	0	0	0	0	0	0	0	0	1	0	0	0	0	1	0	0	0	1	1	0	0	0	0	0	0	0	0	1	0	1	0	0	1	0	0	0	1	0	0	0	0	0	1	0	0	0	0	0	0	0	0	0
8|Environment|Sediment and waste|GCF_053273715.1_genomic.fna.gz	0	0	0	0	0	0	0	0	0	0	0	0	0	0	0	0	0	0	0	0	0	0	0	0	0	0	0	0	0	0	0	1	1	1	0	1	0	0	1	0	1	1	1	0	0	1	1	0	0	0	0	0	0	0	0	0	1	0	0	0	0	1	0	0	0	1	1	0	0	0	0	0	0	0	0	1	0	1	0	0	1	0	0	0	1	0	0	0	0	0	1	0	0	0	0	0	0	0	0	0
8|Environment|Sediment and waste|GCF_053273755.1_genomic.fna.gz	0	0	0	0	0	0	0	0	0	0	0	0	0	0	0	0	0	0	0	0	0	0	0	0	0	0	0	0	0	0	0	1	1	1	0	1	0	0	1	0	1	1	1	0	0	1	1	0	0	0	0	0	0	0	0	0	1	0	0	0	0	1	0	0	0	1	1	0	0	0	0	0	0	0	0	1	0	1	0	0	1	0	0	0	1	0	0	0	0	0	1	0	0	0	0	0	0	0	0	0
8|Environment|Sediment and waste|GCF_053273795.1_genomic.fna.gz	0	0	0	0	0	0	0	0	0	0	0	0	0	0	0	0	0	0	0	0	0	0	0	0	0	0	0	0	0	0	0	1	1	1	0	1	0	0	1	0	1	1	1	0	0	1	1	0	0	0	0	0	0	0	0	0	1	0	0	0	0	1	0	0	0	1	1	0	0	0	0	0	0	0	0	1	0	1	0	0	1	0	0	0	1	0	0	0	0	0	1	0	0	0	0	0	0	0	0	0
8|Environment|Sediment and waste|GCF_053273815.1_genomic.fna.gz	0	0	0	0	0	0	0	0	0	0	0	0	0	0	0	0	0	0	0	0	0	0	0	0	0	0	0	0	0	0	0	1	1	1	0	1	0	0	1	0	1	1	1	0	0	1	1	0	0	0	0	0	0	0	0	0	1	0	0	0	0	1	0	0	0	1	1	0	0	0	0	0	0	0	0	1	0	1	0	0	1	0	0	0	1	0	0	0	0	0	1	0	0	0	0	0	0	0	0	0
8|Environment|Sediment and waste|GCF_053273855.1_genomic.fna.gz	0	0	0	0	0	0	0	0	0	0	0	0	0	0	0	0	0	0	0	0	0	0	0	0	0	0	0	0	0	0	0	1	1	1	0	1	0	0	1	0	1	1	1	0	0	1	1	0	0	0	0	0	0	0	0	0	1	0	0	0	0	1	0	0	0	1	1	0	0	0	0	0	0	0	0	1	0	1	0	0	1	0	0	0	1	0	0	0	0	0	1	0	0	0	0	0	0	0	0	0
8|Environment|Sediment and waste|GCF_053273875.1_genomic.fna.gz	0	0	0	0	0	0	0	0	0	0	0	0	0	0	0	0	0	0	0	0	0	0	0	0	0	0	0	0	0	0	0	1	1	1	0	1	0	0	1	0	1	1	1	0	0	1	1	0	0	0	0	0	0	0	0	0	1	0	0	0	0	1	0	0	0	1	1	0	0	0	0	0	0	0	0	1	0	1	0	0	1	0	0	0	1	0	0	0	0	0	1	0	0	0	0	0	0	0	0	0
8|Environment|Sediment and waste|GCF_053273895.1_genomic.fna.gz	0	0	0	0	0	0	0	0	0	0	0	0	0	0	0	0	0	0	0	0	0	0	0	0	0	0	0	0	0	0	0	1	1	1	0	1	0	0	1	0	1	1	1	0	0	1	1	0	0	0	0	0	0	0	0	0	1	0	0	0	0	1	0	0	0	1	1	0	0	0	0	0	0	0	0	1	0	1	0	0	1	0	0	0	1	0	0	0	0	0	1	0	0	0	0	0	0	0	0	0
8|Environment|Sediment and waste|GCF_053273915.1_genomic.fna.gz	0	0	0	0	0	0	0	0	0	0	0	0	0	0	0	0	0	0	0	0	0	0	0	0	0	0	0	0	0	0	0	1	1	1	0	1	0	0	1	0	1	1	1	0	0	1	1	0	0	0	0	0	0	0	0	0	1	0	0	0	0	1	0	0	0	1	1	0	0	0	0	0	0	0	0	1	0	1	0	0	1	0	0	0	1	0	0	0	0	0	1	0	0	0	0	0	0	0	0	0
8|Environment|Sediment and waste|GCF_053273935.1_genomic.fna.gz	0	0	0	0	0	0	0	0	0	0	0	0	0	0	0	0	0	0	0	0	0	0	0	0	0	0	0	0	0	0	0	1	1	1	0	1	0	0	1	0	1	1	1	0	0	1	1	0	0	0	0	0	0	0	0	0	1	0	0	0	0	1	0	0	0	1	1	0	0	0	0	0	0	0	0	1	0	1	0	0	1	0	0	0	1	0	0	0	0	0	1	0	0	0	0	0	0	0	0	0
8|Environment|Sediment and waste|GCF_053273955.1_genomic.fna.gz	0	0	0	0	0	0	0	0	0	0	0	0	0	0	0	0	0	0	0	0	0	0	0	0	0	0	0	0	0	0	0	1	1	1	0	1	0	0	1	0	1	1	1	0	0	1	1	0	0	0	0	0	0	0	0	0	1	0	0	0	0	1	0	0	0	1	1	0	0	0	0	0	0	0	0	1	0	1	0	0	1	0	0	0	1	0	0	0	0	0	1	0	0	0	0	0	0	0	0	0
8|Environment|Sediment and waste|GCF_053273975.1_genomic.fna.gz	0	0	0	0	0	0	0	0	0	0	0	0	0	0	0	0	0	0	0	0	0	0	0	0	0	0	0	0	0	0	0	1	1	1	0	1	0	0	1	0	1	1	1	0	0	1	1	0	0	0	0	0	0	0	0	0	1	0	0	0	0	1	0	0	0	1	1	0	0	0	0	0	0	0	0	1	0	1	0	0	1	0	0	0	1	0	0	0	0	0	1	0	0	0	0	0	0	0	0	0
8|Environment|Sediment and waste|GCF_053273995.1_genomic.fna.gz	0	0	0	0	0	0	0	0	0	0	0	0	0	0	0	0	0	0	0	0	0	0	0	0	0	0	0	0	0	0	0	1	1	1	0	1	0	0	1	0	1	1	1	0	0	1	1	0	0	0	0	0	0	0	0	0	1	0	0	0	0	1	0	0	0	1	1	0	0	0	0	0	0	0	0	1	0	1	0	0	1	0	0	0	1	0	0	0	0	0	1	0	0	0	0	0	0	0	0	0
8|Environment|Sediment and waste|GCF_053274015.1_genomic.fna.gz	0	0	0	0	0	0	0	0	0	0	0	0	0	0	0	0	0	0	0	0	0	0	0	0	0	0	0	0	0	0	0	1	1	1	0	1	0	0	1	0	1	1	1	0	0	1	1	0	0	0	0	0	0	0	0	0	1	0	0	0	0	1	0	0	0	1	1	0	0	0	0	0	0	0	0	1	0	1	0	0	1	0	0	0	1	0	0	0	0	0	1	0	0	0	0	0	0	0	0	0
8|Environment|Sediment and waste|GCF_053274035.1_genomic.fna.gz	0	0	0	0	0	0	0	0	0	0	0	0	0	0	0	0	0	0	0	0	0	0	0	0	0	0	0	0	0	0	0	1	1	1	0	1	0	0	1	0	1	1	1	0	0	1	1	0	0	0	0	0	0	0	0	0	1	0	0	0	0	1	0	0	0	1	1	0	0	0	0	0	0	0	0	1	0	1	0	0	1	0	0	0	1	0	0	0	0	0	1	0	0	0	0	0	0	0	0	0
8|Environment|Sediment and waste|GCF_053274055.1_genomic.fna.gz	0	0	0	0	0	0	0	0	0	0	0	0	0	0	0	0	0	0	0	0	0	0	0	0	0	0	0	0	0	0	0	1	1	1	0	1	0	0	1	0	1	1	1	0	0	1	1	0	0	0	0	0	0	0	0	0	1	0	0	0	0	1	0	0	0	1	1	0	0	0	0	0	0	0	0	1	0	1	0	0	1	0	0	0	1	0	0	0	0	0	1	0	0	0	0	0	0	0	0	0
8|Environment|Sediment and waste|GCF_053274095.1_genomic.fna.gz	0	0	0	0	0	0	0	0	0	0	0	0	0	0	0	0	0	0	0	0	0	0	0	0	0	0	0	0	0	0	0	1	1	1	0	1	0	0	1	0	1	1	1	0	0	1	1	0	0	0	0	0	0	0	0	0	1	0	0	0	0	1	0	0	0	1	1	0	0	0	0	0	0	0	0	1	0	1	0	0	1	0	0	0	1	0	0	0	0	0	1	0	0	0	0	0	0	0	0	0
8|Environment|Sediment and waste|GCF_053274115.1_genomic.fna.gz	0	0	0	0	0	0	0	0	0	0	0	0	0	0	0	0	0	0	0	0	0	0	0	0	0	0	0	0	0	0	0	1	1	1	0	1	0	0	1	0	1	1	1	0	0	1	1	0	0	0	0	0	0	0	0	0	1	0	0	0	0	1	0	0	0	1	1	0	0	0	0	0	0	0	0	1	0	1	0	0	1	0	0	0	1	0	0	0	0	0	1	0	0	0	0	0	0	0	0	0
8|Environment|Sediment and waste|GCF_053274135.1_genomic.fna.gz	0	0	0	0	0	0	0	0	0	0	0	0	0	0	0	0	0	0	0	0	0	0	0	0	0	0	0	0	0	0	0	1	1	1	0	1	0	0	1	0	1	1	1	0	0	1	1	0	0	0	0	0	0	0	0	0	1	0	0	0	0	1	0	0	0	1	1	0	0	0	0	0	0	0	0	1	0	1	0	0	1	0	0	0	1	0	0	0	0	0	1	0	0	0	0	0	0	0	0	0
8|Environment|Sediment and waste|GCF_053274155.1_genomic.fna.gz	0	0	0	0	0	0	0	0	0	0	0	0	0	0	0	0	0	0	0	0	0	0	0	0	0	0	0	0	0	0	0	1	1	1	0	1	0	0	1	0	1	1	1	0	0	1	1	0	0	0	0	0	0	0	0	0	1	0	0	0	0	1	0	0	0	1	1	0	0	0	0	0	0	0	0	1	0	1	0	0	1	0	0	0	1	0	0	0	0	0	1	0	0	0	0	0	0	0	0	0
8|Environment|Sediment and waste|GCF_053274175.1_genomic.fna.gz	0	0	0	0	0	0	0	0	0	0	0	0	0	0	0	0	0	0	0	0	0	0	0	0	0	0	0	0	0	0	0	1	1	1	0	1	0	0	1	0	1	1	1	0	0	1	1	0	0	0	0	0	0	0	0	0	1	0	0	0	0	1	0	0	0	1	1	0	0	0	0	0	0	0	0	1	0	1	0	0	1	0	0	0	1	0	0	0	0	0	1	0	0	0	0	0	0	0	0	0
8|Environment|Sediment and waste|GCF_053274195.1_genomic.fna.gz	0	0	0	0	0	0	0	0	0	0	0	0	0	0	0	0	0	0	0	0	0	0	0	0	0	0	0	0	0	0	0	1	1	1	0	1	0	0	1	0	1	1	1	0	0	1	1	0	0	0	0	0	0	0	0	0	1	0	0	0	0	1	0	0	0	1	1	0	0	0	0	0	0	0	0	1	0	1	0	0	1	0	0	0	1	0	0	0	0	0	1	0	0	0	0	0	0	0	0	0
8|Environment|Sediment and waste|GCF_053274215.1_genomic.fna.gz	0	0	0	0	0	0	0	0	0	0	0	0	0	0	0	0	0	0	0	0	0	0	0	0	0	0	0	0	0	0	0	1	1	1	0	1	0	0	1	0	1	1	1	0	0	1	1	0	0	0	0	0	0	0	0	0	1	0	0	0	0	1	0	0	0	1	1	0	0	0	0	0	0	0	0	1	0	1	0	0	1	0	0	0	1	0	0	0	0	0	1	0	0	0	0	0	0	0	0	0
8|Environment|Sediment and waste|GCF_053274235.1_genomic.fna.gz	0	0	0	0	0	0	0	0	0	0	0	0	0	0	0	0	0	0	0	0	0	0	0	0	0	0	0	0	0	0	0	1	1	1	0	1	0	0	1	0	1	1	1	0	0	1	1	0	0	0	0	0	0	0	0	0	1	0	0	0	0	1	0	0	0	1	1	0	0	0	0	0	0	0	0	1	0	1	0	0	1	0	0	0	1	0	0	0	0	0	1	0	0	0	0	0	0	0	0	0
8|Environment|Sediment and waste|GCF_053274255.1_genomic.fna.gz	0	0	0	0	0	0	0	0	0	0	0	0	0	0	0	0	0	0	0	0	0	0	0	0	0	0	0	0	0	0	0	1	1	1	0	1	0	0	1	0	1	1	1	0	0	1	1	0	0	0	0	0	0	0	0	0	1	0	0	0	0	1	0	0	0	1	1	0	0	0	0	0	0	0	0	1	0	1	0	0	1	0	0	0	1	0	0	0	0	0	1	0	0	0	0	0	0	0	0	0
8|Environment|Sediment and waste|GCF_053274275.1_genomic.fna.gz	0	0	0	0	0	0	0	0	0	0	0	0	0	0	0	0	0	0	0	0	0	0	0	0	0	0	0	0	0	0	0	1	1	1	0	1	0	0	1	0	1	1	1	0	0	1	1	0	0	0	0	0	0	0	0	0	1	0	0	0	0	1	0	0	0	1	1	0	0	0	0	0	0	0	0	1	0	1	0	0	1	0	0	0	1	0	0	0	0	0	1	0	0	0	0	0	0	0	0	0
8|Environment|Sediment and waste|GCF_053274295.1_genomic.fna.gz	0	0	0	0	0	0	0	0	0	0	0	0	0	0	0	0	0	0	0	0	0	0	0	0	0	0	0	0	0	0	0	1	1	1	0	1	0	0	1	0	1	1	1	0	0	1	1	0	0	0	0	0	0	0	0	0	1	0	0	0	0	1	0	0	0	1	1	0	0	0	0	0	0	0	0	1	0	1	0	0	1	0	0	0	1	0	0	0	0	0	1	0	0	0	0	0	0	0	0	0
8|Environment|Sediment and waste|GCF_053274315.1_genomic.fna.gz	0	0	0	0	0	0	0	0	0	0	0	0	0	0	0	0	0	0	0	0	0	0	0	0	0	0	0	0	0	0	0	1	1	1	0	1	0	0	1	0	1	1	1	0	0	1	1	0	0	0	0	0	0	0	0	0	1	0	0	0	0	1	0	0	0	1	1	0	0	0	0	0	0	0	0	1	0	1	0	0	1	0	0	0	1	0	0	0	0	0	1	0	0	0	0	0	0	0	0	0
8|Environment|Sediment and waste|GCF_053274335.1_genomic.fna.gz	0	0	0	0	0	0	0	0	0	0	0	0	0	0	0	0	0	0	0	0	0	0	0	0	0	0	0	0	0	0	0	1	1	1	0	1	0	0	1	0	1	1	1	0	0	1	1	0	0	0	0	0	0	0	0	0	1	0	0	0	0	1	0	0	0	1	1	0	0	0	0	0	0	0	0	1	0	1	0	0	1	0	0	0	1	0	0	0	0	0	1	0	0	0	0	0	0	0	0	0
8|Environment|Sediment and waste|GCF_053274355.1_genomic.fna.gz	0	0	0	0	0	0	0	0	0	0	0	0	0	0	0	0	0	0	0	0	0	0	0	0	0	0	0	0	0	0	0	1	1	1	0	1	0	0	1	0	1	1	1	0	0	1	1	0	0	0	0	0	0	0	0	0	1	0	0	0	0	1	0	0	0	1	1	0	0	0	0	0	0	0	0	1	0	1	0	0	1	0	0	0	1	0	0	0	0	0	1	0	0	0	0	0	0	0	0	0
8|Environment|Sediment and waste|GCF_053274375.1_genomic.fna.gz	0	0	0	0	0	0	0	0	0	0	0	0	0	0	0	0	0	0	0	0	0	0	0	0	0	0	0	0	0	0	0	1	1	1	0	1	0	0	1	0	1	1	1	0	0	1	1	0	0	0	0	0	0	0	0	0	1	0	0	0	0	1	0	0	0	1	1	0	0	0	0	0	0	0	0	1	0	1	0	0	1	0	0	0	1	0	0	0	0	0	1	0	0	0	0	0	0	0	0	0
8|Environment|Sediment and waste|GCF_053274395.1_genomic.fna.gz	0	0	0	0	0	0	0	0	0	0	0	0	0	0	0	0	0	0	0	0	0	0	0	0	0	0	0	0	0	0	0	1	1	1	0	1	0	0	1	0	1	1	1	0	0	1	1	0	0	0	0	0	0	0	0	0	1	0	0	0	0	1	0	0	0	1	1	0	0	0	0	0	0	0	0	1	0	1	0	0	1	0	0	0	1	0	0	0	0	0	1	0	0	0	0	0	0	0	0	0
8|Environment|Sediment and waste|GCF_053274455.1_genomic.fna.gz	0	0	0	0	0	0	0	0	0	0	0	0	0	0	0	0	0	0	0	0	0	0	0	0	0	0	0	0	0	0	0	1	1	1	0	1	0	0	1	0	1	1	1	0	0	1	1	0	0	0	0	0	0	0	0	0	1	0	0	0	0	1	0	0	0	1	1	0	0	0	0	0	0	0	0	1	0	1	0	0	1	0	0	0	1	0	0	0	0	0	1	0	0	0	0	0	0	0	0	0
8|Environment|Sediment and waste|GCF_053274475.1_genomic.fna.gz	0	0	0	0	0	0	0	0	0	0	0	0	0	0	0	0	0	0	0	0	0	0	0	0	0	0	0	0	0	0	0	1	1	1	0	1	0	0	1	0	1	1	1	0	0	1	1	0	0	0	0	0	0	0	0	0	1	0	0	0	0	1	0	0	0	1	1	0	0	0	0	0	0	0	0	1	0	1	0	0	1	0	0	0	1	0	0	0	0	0	1	0	0	0	0	0	0	0	0	0
8|Environment|Sediment and waste|GCF_053274495.1_genomic.fna.gz	0	0	0	0	0	0	0	0	0	0	0	0	0	0	0	0	0	0	0	0	0	0	0	0	0	0	0	0	0	0	0	1	1	1	0	1	0	0	1	0	1	1	1	0	0	1	1	0	0	0	0	0	0	0	0	0	1	0	0	0	0	1	0	0	0	1	1	0	0	0	0	0	0	0	0	1	0	1	0	0	1	0	0	0	1	0	0	0	0	0	1	0	0	0	0	0	0	0	0	0
8|Environment|Sediment and waste|GCF_053274515.1_genomic.fna.gz	0	0	0	0	0	0	0	0	0	0	0	0	0	0	0	0	0	0	0	0	0	0	0	0	0	0	0	0	0	0	0	1	1	1	0	1	0	0	1	0	1	1	1	0	0	1	1	0	0	0	0	0	0	0	0	0	1	0	0	0	0	1	0	0	0	1	1	0	0	0	0	0	0	0	0	1	0	1	0	0	1	0	0	0	1	0	0	0	0	0	1	0	0	0	0	0	0	0	0	0
8|Environment|Sediment and waste|GCF_053274535.1_genomic.fna.gz	0	0	0	0	0	0	0	0	0	0	0	0	0	0	0	0	0	0	0	0	0	0	0	0	0	0	0	0	0	0	0	1	1	1	0	1	0	0	1	0	1	1	1	0	0	1	1	0	0	0	0	0	0	0	0	0	1	0	0	0	0	1	0	0	0	1	1	0	0	0	0	0	0	0	0	1	0	1	0	0	1	0	0	0	1	0	0	0	0	0	1	0	0	0	0	0	0	0	0	0
8|Environment|Sediment and waste|GCF_053274545.1_genomic.fna.gz	0	0	0	0	0	0	0	0	0	0	0	0	0	0	0	0	0	0	0	0	0	0	0	0	0	0	0	0	0	0	0	1	1	1	0	1	0	0	1	0	1	1	1	0	0	1	1	0	0	0	0	0	0	0	0	0	1	0	0	0	0	1	0	0	0	1	1	0	0	0	0	0	0	0	0	1	0	1	0	0	1	0	0	0	1	0	0	0	0	0	1	0	0	0	0	0	0	0	0	0
8|Environment|Sediment and waste|GCF_053274555.1_genomic.fna.gz	0	0	0	0	0	0	0	0	0	0	0	0	0	0	0	0	0	0	0	0	0	0	0	0	0	0	0	0	0	0	0	1	1	1	0	1	0	0	1	0	1	1	1	0	0	1	1	0	0	0	0	0	0	0	0	0	1	0	0	0	0	1	0	0	0	1	1	0	0	0	0	0	0	0	0	1	0	1	0	0	1	0	0	0	1	0	0	0	0	0	1	0	0	0	0	0	0	0	0	0
14|Food chain|Pork products|GCF_053338875.1_genomic.fna.gz	0	0	0	0	0	0	0	0	0	0	0	0	0	0	1	0	0	0	0	1	0	0	0	1	0	1	1	0	0	0	0	0	0	0	0	0	0	1	0	0	0	0	0	0	0	0	0	0	1	0	0	0	0	0	0	0	0	0	0	0	0	0	0	1	1	0	0	0	0	0	0	0	1	1	0	0	1	0	0	1	0	0	1	0	0	0	0	0	0	0	0	0	1	1	0	0	0	0	0	0
1|Livestock and Other animals|Chicken and poultry birds|GCF_053361315.1_genomic.fna.gz	0	0	0	0	0	0	0	1	1	1	1	0	1	1	0	0	0	0	1	0	1	0	1	0	1	1	0	0	0	0	0	0	1	1	1	1	0	0	1	1	1	0	0	1	1	0	0	1	1	0	0	0	0	0	0	0	0	0	0	0	0	0	0	0	1	0	1	1	0	1	1	0	0	1	1	0	0	1	0	0	0	0	0	0	0	0	0	0	0	0	0	0	0	0	0	0	0	0	0	0
1|Livestock and Other animals|Chicken and poultry birds|GCF_053361335.1_genomic.fna.gz	0	0	0	0	0	0	0	1	1	1	1	0	1	1	0	0	0	0	1	0	1	0	1	0	1	1	0	0	0	0	0	0	1	1	1	1	0	0	1	1	1	0	0	1	1	0	0	1	1	0	0	0	0	0	0	0	0	0	0	0	0	0	0	0	1	0	1	1	0	1	1	0	0	1	1	0	0	1	0	0	0	0	0	0	0	0	0	0	0	0	0	0	0	0	0	0	0	0	0	0
1|Livestock and Other animals|Chicken and poultry birds|GCF_053361375.1_genomic.fna.gz	0	0	0	0	0	0	0	1	1	1	1	0	1	1	0	0	0	0	1	0	1	0	1	0	1	1	0	0	0	0	0	0	1	1	1	1	0	0	1	1	1	0	0	1	1	0	0	1	1	0	0	0	0	0	0	0	0	0	0	0	0	0	0	0	1	0	1	1	0	1	1	0	0	1	1	0	0	1	0	0	0	0	0	0	0	0	0	0	0	0	0	0	0	0	0	0	0	0	0	0
1|Livestock and Other animals|Chicken and poultry birds|GCF_053361455.1_genomic.fna.gz	0	0	0	0	0	0	0	1	1	1	1	0	1	1	0	0	0	0	1	0	1	0	1	0	1	1	0	0	0	0	0	0	1	1	1	1	0	0	1	1	1	0	0	1	1	0	0	1	1	0	0	0	0	0	0	0	0	0	0	0	0	0	0	0	1	0	1	1	0	1	1	0	0	1	1	0	0	1	0	0	0	0	0	0	0	0	0	0	0	0	0	0	0	0	0	0	0	0	0	0
1|Livestock and Other animals|Chicken and poultry birds|GCF_053361495.1_genomic.fna.gz	0	0	0	0	0	0	0	1	1	1	1	0	1	1	0	0	0	0	1	0	1	0	1	0	1	1	0	0	0	0	0	0	1	1	1	1	0	0	1	1	1	0	0	1	1	0	0	1	1	0	0	0	0	0	0	0	0	0	0	0	0	0	0	0	1	0	1	1	0	1	1	0	0	1	1	0	0	1	0	0	0	0	0	0	0	0	0	0	0	0	0	0	0	0	0	0	0	0	0	0
1|Livestock and Other animals|Chicken and poultry birds|GCF_053361555.1_genomic.fna.gz	0	0	0	0	0	0	0	1	1	1	1	0	1	1	0	0	0	0	1	0	1	0	1	0	1	1	0	0	0	0	0	0	1	1	1	1	0	0	1	1	1	0	0	1	1	0	0	1	1	0	0	0	0	0	0	0	0	0	0	0	0	0	0	0	1	0	1	1	0	1	1	0	0	1	1	0	0	1	0	0	0	0	0	0	0	0	0	0	0	0	0	0	0	0	0	0	0	0	0	0
1|Livestock and Other animals|Chicken and poultry birds|GCF_053362095.1_genomic.fna.gz	0	0	0	0	0	0	0	1	1	1	1	0	1	1	0	0	0	0	1	0	1	0	1	0	1	1	0	0	0	0	0	0	1	1	1	1	0	0	1	1	1	0	0	1	1	0	0	1	1	0	0	0	0	0	0	0	0	0	0	0	0	0	0	0	1	0	1	1	0	1	1	0	0	1	1	0	0	1	0	0	0	0	0	0	0	0	0	0	0	0	0	0	0	0	0	0	0	0	0	0
1|Livestock and Other animals|Chicken and poultry birds|GCF_053362115.1_genomic.fna.gz	0	0	0	0	0	0	0	1	1	1	1	0	1	1	0	0	0	0	1	0	1	0	1	0	1	1	0	0	0	0	0	0	1	1	1	1	0	0	1	1	1	0	0	1	1	0	0	1	1	0	0	0	0	0	0	0	0	0	0	0	0	0	0	0	1	0	1	1	0	1	1	0	0	1	1	0	0	1	0	0	0	0	0	0	0	0	0	0	0	0	0	0	0	0	0	0	0	0	0	0
1|Livestock and Other animals|Chicken and poultry birds|GCF_053362555.1_genomic.fna.gz	0	0	0	0	0	0	0	1	1	1	1	0	1	1	0	0	0	0	1	0	1	0	1	0	1	1	0	0	0	0	0	0	1	1	1	1	0	0	1	1	1	0	0	1	1	0	0	1	1	0	0	0	0	0	0	0	0	0	0	0	0	0	0	0	1	0	1	1	0	1	1	0	0	1	1	0	0	1	0	0	0	0	0	0	0	0	0	0	0	0	0	0	0	0	0	0	0	0	0	0
1|Livestock and Other animals|Chicken and poultry birds|GCF_053363095.1_genomic.fna.gz	0	0	0	0	0	0	0	1	1	1	1	0	1	1	0	0	0	0	1	0	1	0	1	0	1	1	0	0	0	0	0	0	1	1	1	1	0	0	1	1	1	0	0	1	1	0	0	1	1	0	0	0	0	0	0	0	0	0	0	0	0	0	0	0	1	0	1	1	0	1	1	0	0	1	1	0	0	1	0	0	0	0	0	0	0	0	0	0	0	0	0	0	0	0	0	0	0	0	0	0
1|Livestock and Other animals|Chicken and poultry birds|GCF_053363115.1_genomic.fna.gz	0	0	0	0	0	0	0	1	1	1	1	0	1	1	0	0	0	0	1	0	1	0	1	0	1	1	0	0	0	0	0	0	1	1	1	1	0	0	1	1	1	0	0	1	1	0	0	1	1	0	0	0	0	0	0	0	0	0	0	0	0	0	0	0	1	0	1	1	0	1	1	0	0	1	1	0	0	1	0	0	0	0	0	0	0	0	0	0	0	0	0	0	0	0	0	0	0	0	0	0
1|Livestock and Other animals|Chicken and poultry birds|GCF_053363155.1_genomic.fna.gz	0	0	0	0	0	0	0	1	1	1	1	0	1	1	0	0	0	0	1	0	1	0	1	0	1	1	0	0	0	0	0	0	1	1	1	1	0	0	1	1	1	0	0	1	1	0	0	1	1	0	0	0	0	0	0	0	0	0	0	0	0	0	0	0	1	0	1	1	0	1	1	0	0	1	1	0	0	1	0	0	0	0	0	0	0	0	0	0	0	0	0	0	0	0	0	0	0	0	0	0
1|Livestock and Other animals|Chicken and poultry birds|GCF_053363175.1_genomic.fna.gz	0	0	0	0	0	0	0	1	1	1	1	0	1	1	0	0	0	0	1	0	1	0	1	0	1	1	0	0	0	0	0	0	1	1	1	1	0	0	1	1	1	0	0	1	1	0	0	1	1	0	0	0	0	0	0	0	0	0	0	0	0	0	0	0	1	0	1	1	0	1	1	0	0	1	1	0	0	1	0	0	0	0	0	0	0	0	0	0	0	0	0	0	0	0	0	0	0	0	0	0
1|Livestock and Other animals|Chicken and poultry birds|GCF_053363195.1_genomic.fna.gz	0	0	0	0	0	0	0	1	1	1	1	0	1	1	0	0	0	0	1	0	1	0	1	0	1	1	0	0	0	0	0	0	1	1	1	1	0	0	1	1	1	0	0	1	1	0	0	1	1	0	0	0	0	0	0	0	0	0	0	0	0	0	0	0	1	0	1	1	0	1	1	0	0	1	1	0	0	1	0	0	0	0	0	0	0	0	0	0	0	0	0	0	0	0	0	0	0	0	0	0
14|Livestock and Other animals|Swine|GCF_053452905.1_genomic.fna.gz	0	0	0	0	0	0	0	0	0	0	0	0	0	0	1	0	0	0	0	1	0	0	0	1	0	0	1	0	0	0	0	0	0	0	0	0	0	1	0	0	0	0	0	0	0	0	0	1	1	0	0	0	0	0	0	0	0	0	0	0	0	0	0	1	1	0	0	1	0	0	0	0	1	1	0	0	1	0	0	1	1	0	1	0	0	0	0	0	0	0	0	1	1	1	0	0	0	0	0	0
8|Livestock and Other animals|Animal organs and body sites|GCF_053540665.1_genomic.fna.gz	0	0	0	0	0	0	0	0	0	0	0	0	0	0	0	0	0	0	0	0	0	0	0	0	0	0	0	0	0	0	0	1	1	1	0	1	0	0	1	0	1	1	1	0	0	1	1	0	0	0	0	0	0	0	0	0	1	0	0	0	0	1	0	0	0	1	1	0	0	0	0	0	0	0	0	1	0	1	0	0	1	0	0	0	1	0	0	0	0	0	1	0	0	0	0	0	0	0	0	0
9|Environment|Water and wastewater|GCF_053757475.1_genomic.fna.gz	0	0	0	0	0	0	0	0	0	0	0	0	0	0	0	0	0	0	0	0	0	0	0	0	0	0	0	0	0	0	0	1	1	1	0	1	0	0	1	0	1	1	1	0	0	1	1	0	0	0	0	0	0	0	0	0	1	0	0	0	0	1	0	0	0	1	1	0	0	0	0	0	0	0	0	1	0	1	0	0	1	0	0	0	1	0	0	0	0	0	1	0	0	0	0	0	1	0	0	0
9|Environment|Water and wastewater|GCF_053757495.1_genomic.fna.gz	0	0	0	0	0	0	0	0	0	0	0	0	0	0	0	0	0	0	0	0	0	0	0	0	0	0	0	0	0	0	0	1	1	1	0	1	0	0	1	0	1	1	1	0	0	1	1	0	0	0	0	0	0	0	0	0	1	0	0	0	0	1	0	0	0	1	1	0	0	0	0	0	0	0	0	1	0	1	0	0	1	0	0	0	1	0	0	0	0	0	1	0	0	0	0	0	1	0	0	0
9|Environment|Water and wastewater|GCF_053757505.1_genomic.fna.gz	0	0	0	0	0	0	0	0	0	0	0	0	0	0	0	0	0	0	0	0	0	0	0	0	0	0	0	0	0	0	0	1	1	1	0	1	0	0	1	0	1	1	1	0	0	1	1	0	0	0	0	0	0	0	0	0	1	0	0	0	0	1	0	0	0	1	1	0	0	0	0	0	0	0	0	1	0	1	0	0	1	0	0	0	1	0	0	0	0	0	1	0	0	0	0	0	1	0	0	0
8|Livestock and Other animals|Swine|GCF_053757535.1_genomic.fna.gz	0	0	0	0	0	0	0	0	0	0	0	0	0	0	0	0	0	0	0	0	0	0	0	0	0	0	0	0	0	0	0	1	1	1	0	1	0	0	1	0	1	1	1	0	0	1	1	0	0	0	0	0	0	0	0	0	1	0	0	0	0	1	0	0	0	1	1	0	0	0	0	0	0	0	0	1	0	1	0	0	1	0	0	0	1	0	0	0	0	0	1	0	0	0	0	0	0	0	0	0
9|Human clinical|Gastrointestinal and urogenital|GCF_053757555.1_genomic.fna.gz	0	0	0	0	0	0	0	0	0	0	0	0	0	0	0	0	0	0	0	0	0	0	0	0	0	0	0	0	0	0	0	1	1	1	0	1	0	0	1	0	1	1	1	0	0	1	1	0	0	0	0	0	0	0	0	0	1	0	0	0	0	1	0	0	0	1	1	0	0	0	0	0	0	0	0	1	0	1	0	0	1	0	0	0	1	0	0	0	0	0	1	0	0	0	0	0	1	0	0	0
9|Human clinical|Gastrointestinal and urogenital|GCF_053757605.1_genomic.fna.gz	0	0	0	0	0	0	0	0	0	0	0	0	0	0	0	0	0	0	0	0	0	0	0	0	0	0	0	0	0	0	0	1	1	1	0	1	0	0	1	0	1	1	1	0	0	1	1	0	0	0	0	0	0	0	0	0	1	0	0	0	0	1	0	0	0	1	1	0	0	0	0	0	0	0	0	1	0	1	0	0	1	0	0	0	1	0	0	0	0	0	1	0	0	0	0	0	1	0	0	0
9|Human clinical|Gastrointestinal and urogenital|GCF_053757615.1_genomic.fna.gz	0	0	0	0	0	0	0	0	0	0	0	0	0	0	0	0	0	0	0	0	0	0	0	0	0	0	0	0	0	0	0	1	1	1	0	1	0	0	1	0	1	1	1	0	0	1	1	0	0	0	0	0	0	0	0	0	1	0	0	0	0	1	0	0	0	1	1	0	0	0	0	0	0	0	0	1	0	1	0	0	1	0	0	0	1	0	0	0	0	0	1	0	0	0	0	0	1	0	0	0
9|Human clinical|Gastrointestinal and urogenital|GCF_053757655.1_genomic.fna.gz	0	0	0	0	0	0	0	0	0	0	0	0	0	0	0	0	0	0	0	0	0	0	0	0	0	0	0	0	0	0	0	1	1	1	0	1	0	0	1	0	1	1	1	0	0	1	1	0	0	0	0	0	0	0	0	0	1	0	0	0	0	1	0	0	0	1	1	0	0	0	0	0	0	0	0	1	0	1	0	0	1	0	0	0	1	0	0	0	0	0	1	0	0	0	0	0	1	0	0	0
9|Human clinical|Gastrointestinal and urogenital|GCF_053757675.1_genomic.fna.gz	0	0	0	0	0	0	0	0	0	0	0	0	0	0	0	0	0	0	0	0	0	0	0	0	0	0	0	0	0	0	0	1	1	1	0	1	0	0	1	0	1	1	1	0	0	1	1	0	0	0	0	0	0	0	0	0	1	0	0	0	0	1	0	0	0	1	1	0	0	0	0	0	0	0	0	1	0	1	0	0	1	0	0	0	1	0	0	0	0	0	1	0	0	0	0	0	1	0	0	0
9|Human clinical|Gastrointestinal and urogenital|GCF_053757695.1_genomic.fna.gz	0	0	0	0	0	0	0	0	0	0	0	0	0	0	0	0	0	0	0	0	0	0	0	0	0	0	0	0	0	0	0	1	1	1	0	1	0	0	1	0	1	1	1	0	0	1	1	0	0	0	0	0	0	0	0	0	1	0	0	0	0	1	0	0	0	1	1	0	0	0	0	0	0	0	0	1	0	1	0	0	1	0	0	0	1	0	0	0	0	0	1	0	0	0	0	0	1	0	0	0
8|Human clinical|Gastrointestinal and urogenital|GCF_053757715.1_genomic.fna.gz	0	0	0	0	0	0	0	0	0	0	0	0	0	0	0	0	0	0	0	0	0	0	0	0	0	0	0	0	0	0	0	1	1	1	0	1	0	0	1	0	1	1	1	0	0	1	1	0	0	0	0	0	0	0	0	0	1	0	0	0	0	1	0	0	0	1	1	0	0	0	0	0	0	0	0	1	0	1	0	0	1	0	0	0	1	0	0	0	0	0	1	0	0	0	0	0	0	0	0	0
8|Human clinical|Gastrointestinal and urogenital|GCF_053757735.1_genomic.fna.gz	0	0	0	0	0	0	0	0	0	0	0	0	0	0	0	0	0	0	0	0	0	0	0	0	0	0	0	0	0	0	0	1	1	1	0	1	0	0	1	0	1	1	1	0	0	1	1	0	0	0	0	0	0	0	0	0	1	0	0	0	0	1	0	0	0	1	1	0	0	0	0	0	0	0	0	1	0	1	0	0	1	0	0	0	1	0	0	0	0	0	1	0	0	0	0	0	0	0	0	0
8|Human clinical|Gastrointestinal and urogenital|GCF_053757755.1_genomic.fna.gz	0	0	0	0	0	0	0	0	0	0	0	0	0	0	0	0	0	0	0	0	0	0	0	0	0	0	0	0	0	0	0	1	1	1	0	1	0	0	1	0	1	1	1	0	0	1	1	0	0	0	0	0	0	0	0	0	1	0	0	0	0	1	0	0	0	1	1	0	0	0	0	0	0	0	0	1	0	1	0	0	1	0	0	0	1	0	0	0	0	0	1	0	0	0	0	0	0	0	0	0
8|Human clinical|Gastrointestinal and urogenital|GCF_053757775.1_genomic.fna.gz	0	0	0	0	0	0	0	0	0	0	0	0	0	0	0	0	0	0	0	0	0	0	0	0	0	0	0	0	0	0	0	1	1	1	0	1	0	0	1	0	1	1	1	0	0	1	1	0	0	0	0	0	0	0	0	0	1	0	0	0	0	1	0	0	0	1	1	0	0	0	0	0	0	0	0	1	0	1	0	0	1	0	0	0	1	0	0	0	0	0	1	0	0	0	0	0	0	0	0	0
8|Human clinical|Gastrointestinal and urogenital|GCF_053757785.1_genomic.fna.gz	0	0	0	0	0	0	0	0	0	0	0	0	0	0	0	0	0	0	0	0	0	0	0	0	0	0	0	0	0	0	0	1	1	1	0	1	0	0	1	0	1	1	1	0	0	1	1	0	0	0	0	0	0	0	0	0	1	0	0	0	0	1	0	0	0	1	1	0	0	0	0	0	0	0	0	1	0	1	0	0	1	0	0	0	1	0	0	0	0	0	1	0	0	0	0	0	0	0	0	0
8|Human clinical|Gastrointestinal and urogenital|GCF_053757835.1_genomic.fna.gz	0	0	0	0	0	0	0	0	0	0	0	0	0	0	0	0	0	0	0	0	0	0	0	0	0	0	0	0	0	0	0	1	1	1	0	1	0	0	1	0	1	1	1	0	0	1	1	0	0	0	0	0	0	0	0	0	1	0	0	0	0	1	0	0	0	1	1	0	0	0	0	0	0	0	0	1	0	1	0	0	1	0	0	0	1	0	0	0	0	0	1	0	0	0	0	0	0	0	0	0
8|Human clinical|Gastrointestinal and urogenital|GCF_053757845.1_genomic.fna.gz	0	0	0	0	0	0	0	0	0	0	0	0	0	0	0	0	0	0	0	0	0	0	0	0	0	0	0	0	0	0	0	1	1	1	0	1	0	0	1	0	1	1	1	0	0	1	1	0	0	0	0	0	0	0	0	0	1	0	0	0	0	1	0	0	0	1	1	0	0	0	0	0	0	0	0	1	0	1	0	0	1	0	0	0	1	0	0	0	0	0	1	0	0	0	0	0	0	0	0	0
8|Human clinical|Gastrointestinal and urogenital|GCF_053757875.1_genomic.fna.gz	0	0	0	0	0	0	0	0	0	0	0	0	0	0	0	0	0	0	0	0	0	0	0	0	0	0	0	0	0	0	0	1	1	1	0	1	0	0	1	0	1	1	1	0	0	1	1	0	0	0	0	0	0	0	0	0	1	0	0	0	0	1	0	0	0	1	1	0	0	0	0	0	0	0	0	1	0	1	0	0	1	0	0	0	1	0	0	0	0	0	1	0	0	0	0	0	0	0	0	0
8|Human clinical|Gastrointestinal and urogenital|GCF_053757895.1_genomic.fna.gz	0	0	0	0	0	0	0	0	0	0	0	0	0	0	0	0	0	0	0	0	0	0	0	0	0	0	0	0	0	0	0	1	1	1	0	1	0	0	1	0	1	1	1	0	0	1	1	0	0	0	0	0	0	0	0	0	1	0	0	0	0	1	0	0	0	1	1	0	0	0	0	0	0	0	0	1	0	1	0	0	1	0	0	0	1	0	0	0	0	0	1	0	0	0	0	0	0	0	0	0
8|Human clinical|Gastrointestinal and urogenital|GCF_053757915.1_genomic.fna.gz	0	0	0	0	0	0	0	0	0	0	0	0	0	0	0	0	0	0	0	0	0	0	0	0	0	0	0	0	0	0	0	1	1	1	0	1	0	0	1	0	1	1	1	0	0	1	1	0	0	0	0	0	0	0	0	0	1	0	0	0	0	1	0	0	0	1	1	0	0	0	0	0	0	0	0	1	0	1	0	0	1	0	0	0	1	0	0	0	0	0	1	0	0	0	0	0	0	0	0	0
8|Human clinical|Gastrointestinal and urogenital|GCF_053757935.1_genomic.fna.gz	0	0	0	0	0	0	0	0	0	0	0	0	0	0	0	0	0	0	0	0	0	0	0	0	0	0	0	0	0	0	0	1	1	1	0	1	0	0	1	0	1	1	1	0	0	1	1	0	0	0	0	0	0	0	0	0	1	0	0	0	0	1	0	0	0	1	1	0	0	0	0	0	0	0	0	1	0	1	0	0	1	0	0	0	1	0	0	0	0	0	1	0	0	0	0	0	0	0	0	0
8|Human clinical|Gastrointestinal and urogenital|GCF_053757995.1_genomic.fna.gz	0	0	0	0	0	0	0	0	0	0	0	0	0	0	0	0	0	0	0	0	0	0	0	0	0	0	0	0	0	0	0	1	1	1	0	1	0	0	1	0	1	1	1	0	0	1	1	0	0	0	0	0	0	0	0	0	1	0	0	0	0	1	0	0	0	1	1	0	0	0	0	0	0	0	0	1	0	1	0	0	1	0	0	0	1	0	0	0	0	0	1	0	0	0	0	0	0	0	0	0
8|Human clinical|Gastrointestinal and urogenital|GCF_053758015.1_genomic.fna.gz	0	0	0	0	0	0	0	0	0	0	0	0	0	0	0	0	0	0	0	0	0	0	0	0	0	0	0	0	0	0	0	1	1	1	0	1	0	0	1	0	1	1	1	0	0	1	1	0	0	0	0	0	0	0	0	0	1	0	0	0	0	1	0	0	0	1	1	0	0	0	0	0	0	0	0	1	0	1	0	0	1	0	0	0	1	0	0	0	0	0	1	0	0	0	0	0	0	0	0	0
8|Human clinical|Gastrointestinal and urogenital|GCF_053758055.1_genomic.fna.gz	0	0	0	0	0	0	0	0	0	0	0	0	0	0	0	0	0	0	0	0	0	0	0	0	0	0	0	0	0	0	0	1	1	1	0	1	0	0	1	0	1	1	1	0	0	1	1	0	0	0	0	0	0	0	0	0	1	0	0	0	0	1	0	0	0	1	1	0	0	0	0	0	0	0	0	1	0	1	0	0	1	0	0	0	1	0	0	0	0	0	1	0	0	0	0	0	0	0	0	0
8|Human clinical|Gastrointestinal and urogenital|GCF_053758075.1_genomic.fna.gz	0	0	0	0	0	0	0	0	0	0	0	0	0	0	0	0	0	0	0	0	0	0	0	0	0	0	0	0	0	0	0	1	1	1	0	1	0	0	1	0	1	1	1	0	0	1	1	0	0	0	0	0	0	0	0	0	1	0	0	0	0	1	0	0	0	1	1	0	0	0	0	0	0	0	0	1	0	1	0	0	1	0	0	0	1	0	0	0	0	0	1	0	0	0	0	0	0	0	0	0
9|Human clinical|Gastrointestinal and urogenital|GCF_053758115.1_genomic.fna.gz	0	0	0	0	0	0	0	0	0	0	0	0	0	0	0	0	0	0	0	0	0	0	0	0	0	0	0	0	0	0	0	1	1	1	0	1	0	0	1	0	1	1	1	0	0	1	1	0	0	0	0	0	0	0	0	0	1	0	0	0	0	1	0	0	0	1	1	0	0	0	0	0	0	0	0	1	0	1	0	0	1	0	0	0	1	0	0	0	0	0	1	0	0	0	0	0	1	0	0	0
9|Human clinical|Gastrointestinal and urogenital|GCF_053758205.1_genomic.fna.gz	0	0	0	0	0	0	0	0	0	0	0	0	0	0	0	0	0	0	0	0	0	0	0	0	0	0	0	0	0	0	0	1	1	1	0	1	0	0	1	0	1	1	1	0	0	1	1	0	0	0	0	0	0	0	0	0	1	0	0	0	0	1	0	0	0	1	1	0	0	0	0	0	0	0	0	1	0	1	0	0	1	0	0	0	1	0	0	0	0	0	1	0	0	0	0	0	1	0	0	0
9|Human clinical|Gastrointestinal and urogenital|GCF_053758225.1_genomic.fna.gz	0	0	0	0	0	0	0	0	0	0	0	0	0	0	0	0	0	0	0	0	0	0	0	0	0	0	0	0	0	0	0	1	1	1	0	1	0	0	1	0	1	1	1	0	0	1	1	0	0	0	0	0	0	0	0	0	1	0	0	0	0	1	0	0	0	1	1	0	0	0	0	0	0	0	0	1	0	1	0	0	1	0	0	0	1	0	0	0	0	0	1	0	0	0	0	0	1	0	0	0
9|Human clinical|Gastrointestinal and urogenital|GCF_053758245.1_genomic.fna.gz	0	0	0	0	0	0	0	0	0	0	0	0	0	0	0	0	0	0	0	0	0	0	0	0	0	0	0	0	0	0	0	1	1	1	0	1	0	0	1	0	1	1	1	0	0	1	1	0	0	0	0	0	0	0	0	0	1	0	0	0	0	1	0	0	0	1	1	0	0	0	0	0	0	0	0	1	0	1	0	0	1	0	0	0	1	0	0	0	0	0	1	0	0	0	0	0	1	0	0	0
8|Human clinical|Gastrointestinal and urogenital|GCF_053758265.1_genomic.fna.gz	0	0	0	0	0	0	0	0	0	0	0	0	0	0	0	0	0	0	0	0	0	0	0	0	0	0	0	0	0	0	0	1	1	1	0	1	0	0	1	0	1	1	1	0	0	1	1	0	0	0	0	0	0	0	0	0	1	0	0	0	0	1	0	0	0	1	1	0	0	0	0	0	0	0	0	1	0	1	0	0	1	0	0	0	1	0	0	0	0	0	1	0	0	0	0	0	0	0	0	0
8|Human clinical|Gastrointestinal and urogenital|GCF_053758285.1_genomic.fna.gz	0	0	0	0	0	0	0	0	0	0	0	0	0	0	0	0	0	0	0	0	0	0	0	0	0	0	0	0	0	0	0	1	1	1	0	1	0	0	1	0	1	1	1	0	0	1	1	0	0	0	0	0	0	0	0	0	1	0	0	0	0	1	0	0	0	1	1	0	0	0	0	0	0	0	0	1	0	1	0	0	1	0	0	0	1	0	0	0	0	0	1	0	0	0	0	0	0	0	0	0
8|Human clinical|Gastrointestinal and urogenital|GCF_053758325.1_genomic.fna.gz	0	0	0	0	0	0	0	0	0	0	0	0	0	0	0	0	0	0	0	0	0	0	0	0	0	1	0	0	0	0	0	1	1	1	0	1	0	0	1	0	1	1	1	0	0	1	1	0	0	0	0	0	0	0	0	0	1	0	0	0	0	1	0	0	0	1	1	0	0	0	0	0	0	0	0	1	0	1	0	0	1	0	0	0	1	0	0	0	0	0	1	0	0	0	0	0	0	0	0	0
8|Human clinical|Gastrointestinal and urogenital|GCF_053758345.1_genomic.fna.gz	0	0	0	0	0	0	0	0	0	0	0	0	0	0	0	0	0	0	0	0	0	0	0	0	0	0	0	0	0	0	0	1	1	1	0	1	0	0	1	0	1	1	1	0	0	1	1	0	0	0	0	0	0	0	0	0	1	0	0	0	0	1	0	0	0	1	1	0	0	0	0	0	0	0	0	1	0	1	0	0	1	0	0	0	1	0	0	0	0	0	1	0	0	0	0	0	0	0	0	0
2|Livestock and Other animals|Chicken and poultry birds|GCF_053819065.1_genomic.fna.gz	0	0	0	0	0	0	0	1	1	1	1	0	1	1	0	0	0	0	1	0	1	0	1	0	1	1	0	0	0	0	0	0	1	1	1	1	0	0	1	1	1	0	0	1	1	0	0	1	1	0	0	0	0	0	0	0	0	0	0	0	0	0	0	0	1	0	1	1	0	1	1	0	0	1	1	0	0	1	0	0	0	0	0	1	0	0	0	0	0	0	0	0	0	0	0	0	0	0	0	0
5|Food chain|General food and retail|GCF_053834645.1_genomic.fna.gz	0	0	1	0	1	1	0	0	0	0	0	1	0	0	0	1	0	0	0	0	1	1	1	0	1	1	0	0	0	0	0	0	0	0	1	0	1	1	0	0	0	0	1	0	0	0	0	1	0	0	0	0	0	1	1	1	0	0	0	0	1	0	0	1	0	1	0	0	0	0	0	1	0	0	0	0	1	0	0	0	0	0	1	0	0	0	0	0	0	0	0	0	0	0	0	0	0	0	0	0
5|Food chain|General food and retail|GCF_053834655.1_genomic.fna.gz	0	0	1	0	1	1	0	0	0	0	0	1	0	0	0	1	0	0	0	0	1	1	1	0	1	1	0	0	0	0	0	0	0	0	1	0	1	1	0	0	0	0	1	0	0	0	0	1	0	0	0	0	0	1	1	1	0	0	0	0	1	0	0	1	0	1	0	0	0	0	0	1	0	0	0	0	1	0	0	0	0	0	1	0	0	0	0	0	0	0	0	0	0	0	0	0	0	0	0	0
5|Food chain|General food and retail|GCF_053834665.1_genomic.fna.gz	0	0	1	0	1	1	0	0	0	0	0	1	0	0	0	1	0	0	0	0	1	1	1	0	1	1	0	0	0	0	0	0	0	0	1	0	1	1	0	0	0	0	1	0	0	0	0	1	0	0	0	0	0	1	1	1	0	0	0	0	1	0	0	1	0	1	0	0	0	0	0	1	0	0	0	0	1	0	0	0	0	0	1	0	0	0	0	0	0	0	0	0	0	0	0	0	0	0	0	0
5|Food chain|General food and retail|GCF_053834685.1_genomic.fna.gz	0	0	1	0	1	1	0	0	0	0	0	1	0	0	0	1	0	0	0	0	1	1	1	0	1	1	0	0	0	0	0	0	0	0	1	0	1	1	0	0	0	0	1	0	0	0	0	1	0	0	0	0	0	1	1	1	0	0	0	0	1	0	0	1	0	1	0	0	0	0	0	1	0	0	0	0	1	0	0	0	0	0	1	0	0	0	0	0	0	0	0	0	0	0	0	0	0	0	0	0
5|Food chain|General food and retail|GCF_053834695.1_genomic.fna.gz	0	0	1	0	1	1	0	0	0	0	0	1	0	0	0	1	0	0	0	0	1	1	1	0	1	1	0	0	0	0	0	0	0	0	1	0	1	1	0	0	0	0	1	0	0	0	0	1	0	0	0	0	0	1	1	1	0	0	0	0	1	0	0	1	0	1	0	0	0	0	0	1	0	0	0	0	1	0	0	0	0	0	1	0	0	0	0	0	0	0	0	0	0	0	0	0	0	0	0	0
5|Food chain|General food and retail|GCF_053834705.1_genomic.fna.gz	0	0	1	0	1	1	0	0	0	0	0	1	0	0	0	1	0	0	0	0	1	1	1	0	1	1	0	0	0	0	0	0	0	0	1	0	1	1	0	0	0	0	1	0	0	0	0	1	0	0	0	0	0	1	1	1	0	0	0	0	1	0	0	1	0	1	0	0	0	0	0	1	0	0	0	0	1	0	0	0	0	0	1	0	0	0	0	0	0	0	0	0	0	0	0	0	0	0	0	0
5|Food chain|General food and retail|GCF_053834715.1_genomic.fna.gz	0	0	1	0	1	1	0	0	0	0	0	1	0	0	0	1	0	0	0	0	1	1	1	0	1	1	0	0	0	0	0	0	0	0	1	0	1	1	0	0	0	0	1	0	0	0	0	1	0	0	0	0	0	1	1	1	0	0	0	0	1	0	0	1	0	1	0	0	0	0	0	1	0	0	0	0	1	0	0	0	0	0	1	0	0	0	0	0	0	0	0	0	0	0	0	0	0	0	0	0
5|Food chain|General food and retail|GCF_053834745.1_genomic.fna.gz	0	0	1	0	1	1	0	0	0	0	0	1	0	0	0	1	0	0	0	0	1	1	1	0	1	1	0	0	0	0	0	0	0	0	1	0	1	1	0	0	0	0	1	0	0	0	0	1	0	0	0	0	0	1	1	1	0	0	0	0	1	0	0	1	0	1	0	0	0	0	0	1	0	0	0	0	1	0	0	0	0	0	1	0	0	0	0	0	0	0	0	0	0	0	0	0	0	0	0	0
5|Food chain|General food and retail|GCF_053834755.1_genomic.fna.gz	0	0	1	0	1	1	0	0	0	0	0	1	0	0	0	1	0	0	0	0	1	1	1	0	1	1	0	0	0	0	0	0	0	0	1	0	1	1	0	0	0	0	1	0	0	0	0	1	0	0	0	0	0	1	1	1	0	0	0	0	1	0	0	1	0	1	0	0	0	0	0	1	0	0	0	0	1	0	0	0	0	0	1	0	0	0	0	0	0	0	0	0	0	0	0	0	0	0	0	0
5|Food chain|General food and retail|GCF_053834765.1_genomic.fna.gz	0	0	1	0	1	1	0	0	0	0	0	1	0	0	0	1	0	0	0	0	1	1	1	0	1	1	0	0	0	0	0	0	0	0	1	0	1	1	0	0	0	0	1	0	0	0	0	1	0	0	0	0	0	1	1	1	0	0	0	0	1	0	0	1	0	1	0	0	0	0	0	1	0	0	0	0	1	0	0	0	0	0	1	0	0	0	0	0	0	0	0	0	0	0	0	0	0	0	0	0
5|Food chain|General food and retail|GCF_053834775.1_genomic.fna.gz	0	0	1	0	1	1	0	0	0	0	0	1	0	0	0	1	0	0	0	0	1	1	1	0	1	1	0	0	0	0	0	0	0	0	1	0	1	1	0	0	0	0	1	0	0	0	0	1	0	0	0	0	0	1	1	1	0	0	0	0	1	0	0	1	0	1	0	0	0	0	0	1	0	0	0	0	1	0	0	0	0	0	1	0	0	0	0	0	0	0	0	0	0	0	0	0	0	0	0	0
5|Food chain|General food and retail|GCF_053834815.1_genomic.fna.gz	0	0	1	0	1	1	0	0	0	0	0	1	0	0	0	1	0	0	0	0	1	1	1	0	1	1	0	0	0	0	0	0	0	0	1	0	1	1	0	0	0	0	1	0	0	0	0	1	0	0	0	0	0	1	1	1	0	0	0	0	1	0	0	1	0	1	0	0	0	0	0	1	0	0	0	0	1	0	0	0	0	0	1	0	0	0	0	0	0	0	0	0	0	0	0	0	0	0	0	0
5|Food chain|General food and retail|GCF_053834825.1_genomic.fna.gz	0	0	1	0	1	1	0	0	0	0	0	1	0	0	0	1	0	0	0	0	1	1	1	0	1	1	0	0	0	0	0	0	0	0	1	0	1	1	0	0	0	0	1	0	0	0	0	1	0	0	0	0	0	1	1	1	0	0	0	0	1	0	0	1	0	1	0	0	0	0	0	1	0	0	0	0	1	0	0	0	0	0	1	0	0	0	0	0	0	0	0	0	0	0	0	0	0	0	0	0
8|Human clinical|Gastrointestinal and urogenital|GCF_053980995.1_genomic.fna.gz	0	0	0	0	0	0	0	0	0	0	0	0	0	0	0	0	0	0	0	0	0	0	0	0	0	0	0	0	0	0	0	1	1	1	0	1	0	0	1	0	1	1	1	0	0	1	1	0	0	0	0	0	0	0	0	0	1	0	0	0	0	1	0	0	0	1	1	0	0	0	0	0	0	0	0	1	0	1	0	0	1	0	0	0	1	0	0	0	0	0	1	0	0	0	0	0	0	0	0	0
8|Human clinical|Gastrointestinal and urogenital|GCF_053981035.1_genomic.fna.gz	0	0	0	0	0	0	0	0	0	0	0	0	0	0	0	0	0	0	0	0	0	0	0	0	0	0	0	0	0	0	0	1	1	1	0	1	0	0	1	0	1	1	1	0	0	1	1	0	0	0	0	0	0	0	0	0	1	0	0	0	0	1	0	0	0	1	1	0	0	0	0	0	0	0	0	1	0	1	0	0	1	0	0	0	1	0	0	0	0	0	1	0	0	0	0	0	0	0	0	0